Employee_ID,Party_ID,First_Name,Last_Name,Full_Name,Email,Department,Location,Job_Title,Manager_ID,Hire_Date,Employment_Status,Termination_Date
E00001,P000001,Danielle,Johnson,Danielle Johnson,danielle.johnson@samplehealth.org,Revenue Cycle,Central Medical Center,Revenue Cycle Analyst,,2016-04-20,Active,
E00002,P000002,John,Taylor,John Taylor,john.taylor@samplehealth.org,Clinical Operations,West Hospital,Clinical Analyst,,2013-05-14,Terminated,2024-11-16
E00003,P000003,Joy,Gardner,Joy Gardner,joy.gardner@samplehealth.org,Human Resources,North Hospital,HR Specialist,,2021-09-02,Active,
E00004,P000004,Robert,Johnson,Robert Johnson,robert.johnson@samplehealth.org,Revenue Cycle,North Hospital,Claims Analyst,,2015-05-06,Active,
E00005,P000005,Jesse,Guzman,Jesse Guzman,jesse.guzman@samplehealth.org,Patient Access,Central Medical Center,Patient Access Specialist,,2021-03-04,Active,
E00006,P000006,James,Santos,James Santos,james.santos@samplehealth.org,Nursing,West Hospital,Registered Nurse,,2020-11-23,Active,
E00007,P000007,Robert,Cole,Robert Cole,robert.cole@samplehealth.org,Human Resources,Central Medical Center,Learning Specialist,,2016-05-10,Active,
E00008,P000008,Lisa,Smith,Lisa Smith,lisa.smith@samplehealth.org,Emergency Services,Outpatient Center A,Emergency Department Technician,,2025-05-02,Active,
E00009,P000009,Erik,Henderson,Erik Henderson,erik.henderson@samplehealth.org,Human Resources,Children's Hospital,HR Business Partner,,2016-05-08,Active,
E00010,P000010,Eric,Bernard,Eric Bernard,eric.bernard@samplehealth.org,Nursing,Outpatient Center A,Registered Nurse,,2017-05-08,Active,
E00011,P000011,Curtis,James,Curtis James,curtis.james@samplehealth.org,Facilities,South Hospital,Maintenance Coordinator,,2017-09-24,Active,
E00012,P000012,Melanie,Munoz,Melanie Munoz,melanie.munoz@samplehealth.org,Human Resources,North Hospital,HR Business Partner,,2025-05-10,Terminated,2025-06-12
E00013,P000013,Jessica,Herrera,Jessica Herrera,jessica.herrera@samplehealth.org,Pharmacy,North Hospital,Pharmacy Technician,,2018-01-24,Active,
E00014,P000014,Christian,Carter,Christian Carter,christian.carter@samplehealth.org,Facilities,Children's Hospital,Maintenance Coordinator,,2022-04-27,Active,
E00015,P000015,Christine,Hensley,Christine Hensley,christine.hensley@samplehealth.org,Nursing,Outpatient Center B,Clinical Coordinator,,2021-06-12,Active,
E00016,P000016,James,Jones,James Jones,james.jones@samplehealth.org,Emergency Services,Outpatient Center A,Emergency Department Technician,,2022-11-15,Active,
E00017,P000017,Jeremy,Roberts,Jeremy Roberts,jeremy.roberts@samplehealth.org,Pharmacy,Children's Hospital,Pharmacy Manager,,2012-12-24,Active,
E00018,P000018,Melissa,Delacruz,Melissa Delacruz,melissa.delacruz@samplehealth.org,Revenue Cycle,Cancer Center,Claims Analyst,,2018-02-03,Active,
E00019,P000019,Joshua,Reid,Joshua Reid,joshua.reid@samplehealth.org,Patient Access,North Hospital,Patient Access Representative,,2017-10-30,Active,
E00020,P000020,Francisco,Kelly,Francisco Kelly,francisco.kelly@samplehealth.org,Nursing,West Hospital,Clinical Coordinator,,2023-01-10,Active,
E00021,P000021,Joseph,Zuniga,Joseph Zuniga,joseph.zuniga@samplehealth.org,Finance,West Hospital,Financial Analyst,,2022-08-25,Active,
E00022,P000022,Charles,Reid,Charles Reid,charles.reid@samplehealth.org,Pharmacy,Children's Hospital,Pharmacy Technician,,2020-09-17,Active,
E00023,P000023,Jessica,Martin,Jessica Martin,jessica.martin@samplehealth.org,Laboratory,Cancer Center,Lab Coordinator,,2018-01-29,Active,
E00024,P000024,Joseph,Schaefer,Joseph Schaefer,joseph.schaefer@samplehealth.org,Information Technology,Cancer Center,Systems Analyst,,2023-05-02,Active,
E00025,P000025,Angela,Cohen,Angela Cohen,angela.cohen@samplehealth.org,Human Resources,Children's Hospital,Learning Specialist,,2025-12-18,Active,
E00026,P000026,Kayla,Brown,Kayla Brown,kayla.brown@samplehealth.org,Clinical Operations,North Hospital,Operations Manager,,2025-08-09,Active,
E00027,P000027,Antonio,Stewart,Antonio Stewart,antonio.stewart@samplehealth.org,Patient Access,South Hospital,Registration Coordinator,,2016-03-06,Active,
E00028,P000028,Carl,Gentry,Carl Gentry,carl.gentry@samplehealth.org,Emergency Services,West Hospital,Registered Nurse,,2021-04-10,Active,
E00029,P000029,Nancy,Edwards,Nancy Edwards,nancy.edwards@samplehealth.org,Information Technology,Outpatient Center A,Application Analyst,,2022-10-10,Active,
E00030,P000030,Victor,Wilkerson,Victor Wilkerson,victor.wilkerson@samplehealth.org,,West Hospital,Revenue Analyst,,2022-07-24,Active,
E00031,P000031,Stephen,Baker,Stephen Baker,stephen.baker@samplehealth.org,Revenue Cycle,Central Medical Center,Billing Specialist,,2015-10-27,Active,
E00032,P000032,Julie,Ryan,Julie Ryan,julie.ryan@samplehealth.org,Human Resources,Cancer Center,HR Specialist,,2024-05-01,Active,
E00033,P000033,Brenda,Hurst,Brenda Hurst,brenda.hurst@samplehealth.org,Radiology,North Hospital,Imaging Specialist,,2018-06-02,Active,
E00034,P000034,Michael,Osborn,Michael Osborn,michael.osborn@samplehealth.org,Human Resources,Cancer Center,Learning Specialist,,2013-12-23,Leave,
E00035,P000035,William,Davis,William Davis,william.davis@samplehealth.org,Human Resources,Outpatient Center B,Learning Specialist,,2012-06-04,Terminated,2014-04-16
E00036,P000036,Eric,Moore,Eric Moore,eric.moore@samplehealth.org,Radiology,Outpatient Center B,Radiology Coordinator,,2023-03-15,Active,
E00037,P000037,Robert,Brown,Robert Brown,robert.brown@samplehealth.org,Information Technology,South Hospital,Systems Analyst,,2018-02-12,Active,
E00038,P000038,Caitlin,Mcdonald,Caitlin Mcdonald,caitlin.mcdonald@samplehealth.org,Human Resources,Children's Hospital,Learning Specialist,,2015-11-26,Active,
E00039,P000039,Tasha,Valencia,Tasha Valencia,tasha.valencia@samplehealth.org,Clinical Operations,Outpatient Center A,Operations Manager,,2011-10-27,Active,
E00040,P000040,Erin,Wilson,Erin Wilson,erin.wilson@samplehealth.org,Patient Access,Cancer Center,Patient Access Specialist,,2020-10-04,Active,
E00041,P000041,Karen,Mack,Karen Mack,karen.mack@samplehealth.org,Human Resources,Outpatient Center B,HR Specialist,,2017-05-30,Active,
E00042,P000042,Daniel,Graham,Daniel Graham,daniel.graham@samplehealth.org,Pharmacy,North Hospital,Pharmacist,,2019-05-06,Active,
E00043,P000043,Aaron,Bowen,Aaron Bowen,aaron.bowen@samplehealth.org,Information Technology,Outpatient Center A,Business Analyst,,2023-11-13,Active,
E00044,P000044,Jose,Mason,Jose Mason,jose.mason@samplehealth.org,,Outpatient Center A,Patient Access Representative,,2014-08-31,Active,
E00045,P000045,William,Rodriguez,William Rodriguez,william.rodriguez@samplehealth.org,Radiology,Outpatient Center B,Radiology Coordinator,,2022-04-06,Active,
E00046,P000046,Kenneth,Fowler,Kenneth Fowler,kenneth.fowler@samplehealth.org,Emergency Services,Central Medical Center,Emergency Services Coordinator,,2021-12-26,Active,
E00047,P000047,James,Brooks,James Brooks,james.brooks@samplehealth.org,Revenue Cycle,North Hospital,Claims Analyst,,2014-05-16,Active,
E00048,P000048,Amber,Osborne,Amber Osborne,amber.osborne@samplehealth.org,Revenue Cycle,Children's Hospital,Claims Analyst,,2020-08-24,Active,
E00049,P000049,Samantha,George,Samantha George,samantha.george@samplehealth.org,Revenue Cycle,North Hospital,Billing Specialist,,2019-12-09,Active,
E00050,P000050,Andrew,Hickman,Andrew Hickman,andrew.hickman@samplehealth.org,Finance,South Hospital,Accountant,,2026-07-29,Active,
E00051,P000051,Tricia,Roman,Tricia Roman,tricia.roman@samplehealth.org,Laboratory,Children's Hospital,Lab Technician,,2015-09-12,Terminated,2016-09-05
E00052,P000052,John,Bradley,John Bradley,john.bradley@samplehealth.org,Emergency Services,North Hospital,Emergency Department Technician,,2012-12-18,Active,
E00053,P000053,Christopher,Tucker,Christopher Tucker,christopher.tucker@samplehealth.org,Revenue Cycle,West Hospital,Billing Specialist,,2012-10-20,Leave,
E00054,P000054,Tiffany,Patel,Tiffany Patel,tiffany.patel@samplehealth.org,Information Technology,South Hospital,Systems Analyst,,2013-10-06,Active,
E00055,P000055,David,Alvarez,David Alvarez,david.alvarez@samplehealth.org,Emergency Services,Central Medical Center,Registered Nurse,,2020-12-23,Active,
E00056,P000056,Frederick,Rose,Frederick Rose,frederick.rose@samplehealth.org,Patient Access,Outpatient Center B,Patient Access Specialist,,2021-12-11,Leave,
E00057,P000057,Rodney,Lewis,Rodney Lewis,rodney.lewis@samplehealth.org,,Cancer Center,Registered Nurse,,2020-10-19,Active,
E00058,P000058,Karina,Vaughn,Karina Vaughn,karina.vaughn@samplehealth.org,Finance,Central Medical Center,Financial Analyst,,2023-10-03,Active,
E00059,P000059,Larry,Carney,Larry Carney,larry.carney@samplehealth.org,Human Resources,North Hospital,Learning Specialist,,2022-09-06,Active,
E00060,P000060,Nathaniel,Lam,Nathaniel Lam,nathaniel.lam@samplehealth.org,Pharmacy,Outpatient Center B,Pharmacy Manager,,2019-04-22,Active,
E00061,P000061,David,Walker,David Walker,david.walker@samplehealth.org,Pharmacy,South Hospital,Pharmacy Manager,,2017-05-17,Active,
E00062,P000062,Andrew,Spencer,Andrew Spencer,andrew.spencer@samplehealth.org,Information Technology,South Hospital,Application Analyst,,2021-08-20,Active,
E00063,P000063,Jeffrey,Jones,Jeffrey Jones,jeffrey.jones@samplehealth.org,Finance,Outpatient Center A,Revenue Analyst,,2022-05-12,Active,
E00064,P000064,Brian,Jones,Brian Jones,brian.jones@samplehealth.org,Human Resources,West Hospital,Learning Specialist,,2012-02-28,Active,
E00065,P000065,Michele,Jones,Michele Jones,michele.jones@samplehealth.org,Clinical Operations,Outpatient Center A,Clinical Analyst,,2015-09-03,Active,
E00066,P000066,Joshua,Washington,Joshua Washington,joshua.washington@samplehealth.org,Revenue Cycle,Cancer Center,Claims Analyst,,2020-10-18,Active,
E00067,P000067,David,Walls,David Walls,david.walls@samplehealth.org,Laboratory,Outpatient Center B,Lab Coordinator,,2021-05-04,Active,
E00068,P000068,Barbara,Sanchez,Barbara Sanchez,barbara.sanchez@samplehealth.org,Pharmacy,West Hospital,Pharmacist,,2019-09-02,Active,
E00069,P000069,Lindsey,Lee,Lindsey Lee,lindsey.lee@samplehealth.org,Pharmacy,Central Medical Center,Pharmacy Technician,,2013-04-10,Active,
E00070,P000070,Donna,Gomez,Donna Gomez,donna.gomez@samplehealth.org,Patient Access,West Hospital,Registration Coordinator,,2018-08-14,Terminated,2022-08-03
E00071,P000071,Michelle,Brown,Michelle Brown,michelle.brown@samplehealth.org,Patient Access,Central Medical Center,Patient Access Representative,,2022-09-28,Active,
E00072,P000072,Tracey,Garcia,Tracey Garcia,tracey.garcia@samplehealth.org,Pharmacy,Central Medical Center,Pharmacy Manager,,2018-06-22,Active,
E00073,P000073,Jessica,Mcbride,Jessica Mcbride,jessica.mcbride@samplehealth.org,Human Resources,Central Medical Center,HR Specialist,,2013-06-25,Active,
E00074,P000074,John,Lee,John Lee,john.lee@samplehealth.org,Facilities,West Hospital,Facilities Technician,,2019-04-04,Active,
E00075,P000075,Donald,White,Donald White,donald.white@samplehealth.org,Finance,Outpatient Center B,Revenue Analyst,,2019-06-30,Active,
E00076,P000076,John,Leblanc,John Leblanc,john.leblanc@samplehealth.org,Human Resources,South Hospital,Learning Specialist,,2019-03-01,Active,
E00077,P000077,Lindsey,Chase,Lindsey Chase,lindsey.chase@samplehealth.org,Clinical Operations,Outpatient Center B,Operations Manager,,2013-04-16,Active,
E00078,P000078,Brent,Kidd,Brent Kidd,brent.kidd@samplehealth.org,Human Resources,Outpatient Center A,HR Business Partner,,2025-11-05,Active,
E00079,P000079,Alexis,Davis,Alexis Davis,alexis.davis@samplehealth.org,Human Resources,North Hospital,HR Specialist,,2024-06-11,Active,
E00080,P000080,Melinda,Martin,Melinda Martin,melinda.martin@samplehealth.org,Revenue Cycle,Cancer Center,Billing Specialist,,2019-11-20,Active,
E00081,P000081,Timothy,Hancock,Timothy Hancock,timothy.hancock@samplehealth.org,Radiology,Outpatient Center B,Imaging Specialist,,2012-08-15,Active,
E00082,P000082,Franklin,Smith,Franklin Smith,franklin.smith@samplehealth.org,Clinical Operations,North Hospital,Operations Coordinator,,2018-04-07,Active,
E00083,P000083,Joseph,Bowers,Joseph Bowers,joseph.bowers@samplehealth.org,Nursing,Cancer Center,Nurse Manager,,2019-05-14,Active,
E00084,P000084,Justin,Horton,Justin Horton,justin.horton@samplehealth.org,Pharmacy,West Hospital,Pharmacist,,2024-01-20,Active,
E00085,P000085,Wendy,Peters,Wendy Peters,wendy.peters@samplehealth.org,Human Resources,Outpatient Center B,Learning Specialist,,2023-11-06,Active,
E00086,P000086,Tommy,Lee,Tommy Lee,tommy.lee@samplehealth.org,Information Technology,South Hospital,Application Analyst,,2015-04-30,Active,
E00087,P000087,Tanya,Riley,Tanya Riley,tanya.riley@samplehealth.org,Finance,West Hospital,Accountant,,2020-11-06,Active,
E00088,P000088,Bruce,Edwards,Bruce Edwards,bruce.edwards@samplehealth.org,Pharmacy,North Hospital,Pharmacy Technician,,2012-06-23,Active,
E00089,P000089,Breanna,Shaw,Breanna Shaw,breanna.shaw@samplehealth.org,Nursing,Central Medical Center,Clinical Coordinator,,2026-02-17,Active,
E00090,P000090,Amanda,Brown,Amanda Brown,amanda.brown@samplehealth.org,Pharmacy,South Hospital,Pharmacist,,2020-04-06,Active,
E00091,P000091,Christopher,Lopez,Christopher Lopez,christopher.lopez@samplehealth.org,Radiology,Outpatient Center B,Imaging Specialist,,2021-09-30,Active,
E00092,P000092,Carlos,Hensley,Carlos Hensley,carlos.hensley@samplehealth.org,Human Resources,Central Medical Center,HR Business Partner,,2018-06-29,Active,
E00093,P000093,David,Zamora,David Zamora,david.zamora@samplehealth.org,Information Technology,Central Medical Center,Application Analyst,,2015-10-24,Active,
E00094,P000094,Beth,Williams,Beth Williams,beth.williams@samplehealth.org,Radiology,Outpatient Center B,Imaging Specialist,,2013-01-07,Active,
E00095,P000095,Robert,Silva,Robert Silva,robert.silva@samplehealth.org,Finance,Outpatient Center B,Accountant,,2020-07-08,Active,
E00096,P000096,Leslie,Green,Leslie Green,leslie.green@samplehealth.org,Information Technology,Children's Hospital,Business Analyst,,2023-01-07,Active,
E00097,P000097,Jennifer,Allen,Jennifer Allen,jennifer.allen@samplehealth.org,Human Resources,Central Medical Center,HR Specialist,,2018-05-11,Active,
E00098,P000098,David,Brewer,David Brewer,david.brewer@samplehealth.org,Clinical Operations,Central Medical Center,Clinical Analyst,,2019-05-28,Active,
E00099,P000099,Leslie,Walton,Leslie Walton,leslie.walton@samplehealth.org,Nursing,Outpatient Center B,Clinical Coordinator,,2012-11-09,Active,
E00100,P000100,Albert,Howell,Albert Howell,albert.howell@samplehealth.org,Emergency Services,South Hospital,Registered Nurse,,2021-03-15,Active,
E00101,P000101,Wendy,Jones,Wendy Jones,wendy.jones@samplehealth.org,Nursing,North Hospital,Clinical Coordinator,,2015-04-02,Active,
E00102,P000102,William,Anderson,William Anderson,william.anderson@samplehealth.org,Information Technology,North Hospital,Data Analyst,,2017-07-24,Active,
E00103,P000103,Nicole,Suarez,Nicole Suarez,nicole.suarez@samplehealth.org,Revenue Cycle,Outpatient Center A,Revenue Cycle Analyst,,2017-11-29,Active,
E00104,P000104,Justin,Kim,Justin Kim,justin.kim@samplehealth.org,Pharmacy,West Hospital,Pharmacy Manager,,2020-11-12,Active,
E00105,P000105,Jade,Carr,Jade Carr,jade.carr@samplehealth.org,Patient Access,Central Medical Center,Registration Coordinator,,2025-05-10,Active,
E00106,P000106,Destiny,Smith,Destiny Smith,destiny.smith@samplehealth.org,Patient Access,Outpatient Center A,Patient Access Representative,,2025-07-11,Active,
E00107,P000107,Angela,Huynh,Angela Huynh,angela.huynh@samplehealth.org,Revenue Cycle,Cancer Center,Claims Analyst,,2013-05-21,Active,
E00108,P000108,Sheila,Taylor,Sheila Taylor,sheila.taylor@samplehealth.org,Finance,Cancer Center,Financial Analyst,,2013-08-03,Active,
E00109,P000109,Pamela,Newton,Pamela Newton,pamela.newton@samplehealth.org,Human Resources,Outpatient Center A,HR Business Partner,,2014-04-08,Active,
E00110,P000110,Joseph,Jacobs,Joseph Jacobs,joseph.jacobs@samplehealth.org,Information Technology,Outpatient Center B,Systems Analyst,,2023-11-01,Active,
E00111,P000111,Matthew,Watts,Matthew Watts,matthew.watts@samplehealth.org,Facilities,Central Medical Center,Facilities Technician,,2026-02-18,Active,
E00112,P000112,Joseph,Freeman,Joseph Freeman,joseph.freeman@samplehealth.org,Laboratory,North Hospital,Lab Coordinator,,2026-01-07,Active,
E00113,P000113,Brent,Walters,Brent Walters,brent.walters@samplehealth.org,Pharmacy,West Hospital,Pharmacy Manager,,2025-09-25,Leave,
E00114,,Joshua,Smith,Joshua Smith,joshua.smith@samplehealth.org,Emergency Services,South Hospital,Emergency Services Coordinator,,2024-09-28,Active,
E00115,P000115,David,Whitney,David Whitney,david.whitney@samplehealth.org,Facilities,West Hospital,Facilities Technician,,2014-05-17,Active,
E00116,P000116,Joyce,Arnold,Joyce Arnold,joyce.arnold@samplehealth.org,Facilities,South Hospital,Maintenance Coordinator,,2018-11-25,Active,
E00117,P000117,Ann,Rodriguez,Ann Rodriguez,ann.rodriguez@samplehealth.org,Laboratory,Children's Hospital,Lab Coordinator,,2023-05-19,Active,
E00118,P000118,Rebecca,Gardner,Rebecca Gardner,rebecca.gardner@samplehealth.org,Patient Access,Central Medical Center,Registration Coordinator,,2025-10-27,Active,
E00119,P000119,Mike,Tran,Mike Tran,mike.tran@samplehealth.org,Revenue Cycle,Children's Hospital,Claims Analyst,,2018-12-08,Active,
E00120,P000120,David,Parker,David Parker,david.parker@samplehealth.org,Revenue Cycle,South Hospital,Revenue Cycle Analyst,,2025-03-02,Active,
E00121,P000121,Teresa,Williams,Teresa Williams,teresa.williams@samplehealth.org,Finance,North Hospital,Financial Analyst,,2017-09-17,Active,
E00122,P000122,Jason,Wright,Jason Wright,jason.wright@samplehealth.org,Clinical Operations,South Hospital,Operations Manager,,2013-05-16,Active,
E00123,P000123,Michael,Castro,Michael Castro,michael.castro@samplehealth.org,Finance,West Hospital,Accountant,,2026-07-04,Active,
E00124,P000124,Richard,Oliver,Richard Oliver,richard.oliver@samplehealth.org,Clinical Operations,West Hospital,Clinical Analyst,,2014-04-03,Active,
E00125,P000125,Sara,Young,Sara Young,sara.young@samplehealth.org,Revenue Cycle,Children's Hospital,Claims Analyst,,2014-05-22,Active,
E00126,P000126,Theresa,Cochran,Theresa Cochran,theresa.cochran@samplehealth.org,Emergency Services,Children's Hospital,Emergency Services Coordinator,,2018-08-21,Active,
E00127,P000127,Angel,Doyle,Angel Doyle,angel.doyle@samplehealth.org,Nursing,Outpatient Center A,Registered Nurse,,2017-04-11,Active,
E00128,P000128,Kimberly,Jenkins,Kimberly Jenkins,kimberly.jenkins@samplehealth.org,Finance,Central Medical Center,Financial Analyst,,2023-01-08,Active,
E00129,P000129,Michelle,Cochran,Michelle Cochran,michelle.cochran@samplehealth.org,Facilities,Children's Hospital,Facilities Technician,,2016-02-29,Active,
E00130,P000130,Erik,Haynes,Erik Haynes,erik.haynes@samplehealth.org,Information Technology,Outpatient Center A,Application Analyst,,2018-02-18,Active,
E00131,P000131,Monica,Garrison,Monica Garrison,monica.garrison@samplehealth.org,Emergency Services,North Hospital,Emergency Department Technician,,2015-05-30,Active,
E00132,P000132,James,Sellers,James Sellers,james.sellers@samplehealth.org,Pharmacy,South Hospital,Pharmacy Manager,,2017-07-28,Active,
E00133,P000133,Kevin,Pope,Kevin Pope,kevin.pope@samplehealth.org,Emergency Services,Cancer Center,Emergency Department Technician,,2015-07-01,Active,
E00134,P000134,Jeffrey,Keller,Jeffrey Keller,jeffrey.keller@samplehealth.org,Patient Access,South Hospital,Registration Coordinator,,2018-05-27,Active,
E00135,P000135,Mark,Lin,Mark Lin,mark.lin@samplehealth.org,Radiology,Central Medical Center,Radiology Technician,,2024-10-12,Leave,
E00136,P000136,Joshua,May,Joshua May,joshua.may@samplehealth.org,Finance,Central Medical Center,Accountant,,2018-06-04,Active,
E00137,P000137,Erin,Anthony,Erin Anthony,erin.anthony@samplehealth.org,Facilities,West Hospital,Facilities Technician,,2017-04-04,Active,
E00138,P000138,Sheila,Wilson,Sheila Wilson,sheila.wilson@samplehealth.org,Revenue Cycle,Cancer Center,Revenue Cycle Analyst,,2016-01-26,Active,
E00139,P000139,Gregory,Estes,Gregory Estes,gregory.estes@samplehealth.org,Emergency Services,South Hospital,Emergency Services Coordinator,,2016-02-21,Active,
E00140,P000140,Benjamin,Carlson,Benjamin Carlson,benjamin.carlson@samplehealth.org,Human Resources,South Hospital,HR Specialist,,2017-07-04,Terminated,2022-11-04
E00141,P000141,Samuel,Joyce,Samuel Joyce,samuel.joyce@samplehealth.org,Radiology,South Hospital,Radiology Technician,,2013-08-04,Terminated,2020-02-22
E00142,P000142,Rachel,Lee,Rachel Lee,rachel.lee@samplehealth.org,Clinical Operations,Outpatient Center A,Clinical Analyst,,2012-05-18,Active,
E00143,P000143,Jeanne,Smith,Jeanne Smith,jeanne.smith@samplehealth.org,Revenue Cycle,West Hospital,Claims Analyst,,2025-05-06,Active,
E00144,P000144,Amanda,Ball,Amanda Ball,amanda.ball@samplehealth.org,Finance,North Hospital,Financial Analyst,,2024-03-31,Active,
E00145,P000145,Jillian,Gonzalez,Jillian Gonzalez,jillian.gonzalez@samplehealth.org,Radiology,Outpatient Center B,Radiology Technician,,2018-12-17,Active,
E00146,P000146,Chad,Beck,Chad Beck,chad.beck@samplehealth.org,Human Resources,Outpatient Center B,HR Specialist,,2017-03-29,Active,
E00147,P000147,Cindy,Alvarado,Cindy Alvarado,cindy.alvarado@samplehealth.org,Facilities,West Hospital,Maintenance Coordinator,,2013-09-29,Active,
E00148,P000148,Jennifer,Evans,Jennifer Evans,jennifer.evans@samplehealth.org,Human Resources,West Hospital,HR Specialist,,2016-11-19,Active,
E00149,P000149,Elizabeth,Nguyen,Elizabeth Nguyen,elizabeth.nguyen@samplehealth.org,Radiology,Children's Hospital,Imaging Specialist,,2023-06-27,Active,
E00150,P000150,Kenneth,Martinez,Kenneth Martinez,kenneth.martinez@samplehealth.org,Pharmacy,Cancer Center,Pharmacy Technician,,2018-10-11,Active,
E00151,P000151,Elizabeth,Gray,Elizabeth Gray,elizabeth.gray@samplehealth.org,Revenue Cycle,Outpatient Center A,Claims Analyst,,2024-05-08,Active,
E00152,P000152,Raven,Gilbert,Raven Gilbert,raven.gilbert@samplehealth.org,Revenue Cycle,Cancer Center,Claims Analyst,,2016-09-29,Active,
E00153,P000153,Richard,Bass,Richard Bass,richard.bass@samplehealth.org,Nursing,Children's Hospital,Registered Nurse,,2016-10-17,Active,
E00154,P000154,Justin,Jordan,Justin Jordan,justin.jordan@samplehealth.org,Information Technology,Central Medical Center,Systems Analyst,,2021-06-28,Active,
E00155,P000155,Catherine,Morris,Catherine Morris,catherine.morris@samplehealth.org,Pharmacy,Outpatient Center A,Pharmacy Manager,,2019-02-21,Terminated,2022-11-25
E00156,P000156,Emma,Dixon,Emma Dixon,emma.dixon@samplehealth.org,Facilities,Cancer Center,Facilities Manager,,2025-02-16,Active,
E00157,P000157,Rachel,Flynn,Rachel Flynn,rachel.flynn@samplehealth.org,Radiology,North Hospital,Radiology Coordinator,,2014-07-06,Active,
E00158,P000158,Donna,Campbell,Donna Campbell,donna.campbell@samplehealth.org,Radiology,West Hospital,Radiology Coordinator,,2022-12-02,Active,
E00159,P000159,Cynthia,Rogers,Cynthia Rogers,cynthia.rogers@samplehealth.org,Finance,Outpatient Center A,Financial Analyst,,2025-07-19,Active,
E00160,P000160,Stephanie,Young,Stephanie Young,stephanie.young@samplehealth.org,Nursing,West Hospital,Clinical Coordinator,,2016-11-26,Active,
E00161,P000161,Jeffrey,Gonzalez,Jeffrey Gonzalez,jeffrey.gonzalez@samplehealth.org,Facilities,North Hospital,Maintenance Coordinator,,2012-01-15,Active,
E00162,P000162,Brandon,Riggs,Brandon Riggs,brandon.riggs@samplehealth.org,Revenue Cycle,Cancer Center,Billing Specialist,,2022-01-09,Active,
E00163,P000163,Melissa,Jones,Melissa Jones,melissa.jones@samplehealth.org,Revenue Cycle,Children's Hospital,Revenue Cycle Analyst,,2018-09-04,Active,
E00164,P000164,Olivia,Johnston,Olivia Johnston,olivia.johnston@samplehealth.org,Emergency Services,Outpatient Center A,Emergency Services Coordinator,,2023-11-05,Active,
E00165,P000165,Heather,Snyder,Heather Snyder,heather.snyder@samplehealth.org,Facilities,Children's Hospital,Maintenance Coordinator,,2015-10-11,Active,
E00166,P000166,Dylan,Watts,Dylan Watts,dylan.watts@samplehealth.org,Emergency Services,West Hospital,Emergency Department Technician,,2024-05-26,Active,
E00167,P000167,Michelle,Mcclure,Michelle Mcclure,michelle.mcclure@samplehealth.org,Radiology,Outpatient Center A,Radiology Coordinator,,2024-11-12,Active,
E00168,P000168,Ronald,Thompson,Ronald Thompson,ronald.thompson@samplehealth.org,Revenue Cycle,South Hospital,Claims Analyst,,2023-06-19,Active,
E00169,P000169,April,Williams,April Williams,april.williams@samplehealth.org,Patient Access,Children's Hospital,Registration Coordinator,,2015-11-12,Active,
E00170,P000170,Samantha,Martinez,Samantha Martinez,samantha.martinez@samplehealth.org,Radiology,Central Medical Center,Radiology Coordinator,,2013-11-22,Active,
E00171,P000171,Laurie,Contreras,Laurie Contreras,laurie.contreras@samplehealth.org,Finance,West Hospital,Accountant,,2021-02-18,Active,
E00172,P000172,Caitlin,Dodson,Caitlin Dodson,caitlin.dodson@samplehealth.org,Radiology,Cancer Center,Radiology Coordinator,,2019-02-26,Active,
E00173,P000173,Cheyenne,Ball,Cheyenne Ball,cheyenne.ball@samplehealth.org,Laboratory,Outpatient Center B,Laboratory Specialist,,2020-03-18,Active,
E00174,P000174,Ronald,Meadows,Ronald Meadows,ronald.meadows@samplehealth.org,Revenue Cycle,Outpatient Center B,Revenue Cycle Analyst,,2019-03-18,Active,
E00175,P000175,Phyllis,Manning,Phyllis Manning,phyllis.manning@samplehealth.org,Clinical Operations,North Hospital,Operations Coordinator,,2019-09-13,Active,
E00176,P000176,Shannon,Walton,Shannon Walton,shannon.walton@samplehealth.org,Finance,Cancer Center,Revenue Analyst,,2025-11-29,Active,
E00177,P000177,Dana,Cannon,Dana Cannon,dana.cannon@samplehealth.org,Pharmacy,Children's Hospital,Pharmacist,,2020-06-29,Active,
E00178,P000178,Todd,Allen,Todd Allen,todd.allen@samplehealth.org,Human Resources,South Hospital,HR Specialist,,2019-02-09,Active,
E00179,P000179,Chris,Mitchell,Chris Mitchell,chris.mitchell@samplehealth.org,Nursing,West Hospital,Registered Nurse,,2016-03-31,Leave,
E00180,P000180,Matthew,Orozco,Matthew Orozco,matthew.orozco@samplehealth.org,Laboratory,North Hospital,Lab Coordinator,,2012-12-29,Active,
E00181,,Devon,Hall,Devon Hall,devon.hall@samplehealth.org,Laboratory,West Hospital,Laboratory Specialist,,2023-06-07,Active,
E00182,P000182,Eric,Lewis,Eric Lewis,eric.lewis@samplehealth.org,Clinical Operations,Outpatient Center A,Operations Manager,,2018-09-06,Active,
E00183,P000183,Rick,Daniels,Rick Daniels,rick.daniels@samplehealth.org,Laboratory,West Hospital,Laboratory Specialist,,2018-09-12,Leave,
E00184,P000184,Bryan,Wall,Bryan Wall,bryan.wall@samplehealth.org,Information Technology,North Hospital,Data Analyst,,2018-04-02,Active,
E00185,P000185,Rebecca,Silva,Rebecca Silva,rebecca.silva@samplehealth.org,Radiology,South Hospital,Radiology Technician,,2023-06-16,Active,
E00186,P000186,Andrew,Gilmore,Andrew Gilmore,andrew.gilmore@samplehealth.org,Clinical Operations,Outpatient Center B,Operations Manager,,2021-06-02,Active,
E00187,P000187,Omar,Smith,Omar Smith,omar.smith@samplehealth.org,Nursing,West Hospital,Clinical Coordinator,,2017-08-10,Active,
E00188,P000188,Kenneth,Price,Kenneth Price,kenneth.price@samplehealth.org,Pharmacy,South Hospital,Pharmacy Technician,,2025-11-04,Active,
E00189,P000189,Robert,Adkins,Robert Adkins,robert.adkins@samplehealth.org,Laboratory,Cancer Center,Lab Coordinator,,2020-11-30,Active,
E00190,P000190,Lauren,Hurst,Lauren Hurst,lauren.hurst@samplehealth.org,Laboratory,Outpatient Center A,Lab Coordinator,,2019-12-06,Active,
E00191,P000191,Jeffrey,Graham,Jeffrey Graham,jeffrey.graham@samplehealth.org,Emergency Services,South Hospital,Emergency Services Coordinator,,2012-02-13,Active,
E00192,P000192,Paul,Caldwell,Paul Caldwell,paul.caldwell@samplehealth.org,Clinical Operations,Outpatient Center B,Clinical Analyst,,2025-03-15,Active,
E00193,P000193,Richard,Martin,Richard Martin,richard.martin@samplehealth.org,Finance,Children's Hospital,Financial Analyst,,2019-07-30,Active,
E00194,P000194,Samantha,Hooper,Samantha Hooper,samantha.hooper@samplehealth.org,Emergency Services,West Hospital,Emergency Services Coordinator,,2020-09-16,Active,
E00195,P000195,Anthony,Long,Anthony Long,anthony.long@samplehealth.org,Finance,North Hospital,Accountant,,2021-03-24,Active,
E00196,P000196,Elizabeth,Miller,Elizabeth Miller,elizabeth.miller@samplehealth.org,Clinical Operations,West Hospital,Clinical Analyst,,2018-12-01,Active,
E00197,P000197,Derek,Murray,Derek Murray,derek.murray@samplehealth.org,Finance,Cancer Center,Accountant,,2012-06-24,Active,
E00198,P000198,Jorge,Murphy,Jorge Murphy,jorge.murphy@samplehealth.org,Emergency Services,South Hospital,Emergency Department Technician,,2019-05-12,Active,
E00199,P000199,Mark,Juarez,Mark Juarez,mark.juarez@samplehealth.org,Information Technology,Outpatient Center A,Business Analyst,,2018-01-27,Active,
E00200,P000200,Joshua,Bean,Joshua Bean,joshua.bean@samplehealth.org,Clinical Operations,West Hospital,Operations Coordinator,,2018-10-18,Active,
E00201,P000201,Johnny,Miller,Johnny Miller,johnny.miller@samplehealth.org,Pharmacy,Outpatient Center A,Pharmacy Technician,,2011-12-15,Active,
E00202,P000202,Kaitlyn,Williams,Kaitlyn Williams,kaitlyn.williams@samplehealth.org,Facilities,Outpatient Center B,Facilities Manager,,2017-07-30,Active,
E00203,P000203,Jeffrey,Jones,Jeffrey Jones,jeffrey.jones@samplehealth.org,Radiology,West Hospital,Radiology Technician,,2022-09-17,Active,
E00204,P000204,Billy,Johnson,Billy Johnson,billy.johnson@samplehealth.org,Radiology,Central Medical Center,Imaging Specialist,,2015-10-31,Active,
E00205,P000205,James,Smith,James Smith,james.smith@samplehealth.org,Patient Access,Outpatient Center B,Patient Access Specialist,,2014-03-20,Active,
E00206,P000206,John,Wells,John Wells,john.wells@samplehealth.org,Nursing,Children's Hospital,Nurse Manager,,2013-07-27,Active,
E00207,P000207,Anne,Robinson,Anne Robinson,anne.robinson@samplehealth.org,Radiology,West Hospital,Imaging Specialist,,2023-07-11,Active,
E00208,P000208,Jonathan,Wood,Jonathan Wood,jonathan.wood@samplehealth.org,Laboratory,Children's Hospital,Lab Technician,,2021-12-06,Active,
E00209,P000209,Catherine,Adkins,Catherine Adkins,catherine.adkins@samplehealth.org,Radiology,Central Medical Center,Imaging Specialist,,2013-07-28,Active,
E00210,P000210,Kimberly,Martin,Kimberly Martin,kimberly.martin@samplehealth.org,Radiology,Outpatient Center A,Imaging Specialist,,2016-11-30,Active,
E00211,P000211,Daniel,Johnson,Daniel Johnson,daniel.johnson@samplehealth.org,Clinical Operations,Outpatient Center B,Operations Coordinator,,2016-12-06,Active,
E00212,P000212,Barbara,Odonnell,Barbara Odonnell,barbara.odonnell@samplehealth.org,Information Technology,Outpatient Center A,Data Analyst,,2018-01-04,Active,
E00213,P000213,Randy,Espinoza,Randy Espinoza,randy.espinoza@samplehealth.org,Patient Access,Central Medical Center,Registration Coordinator,,2012-12-01,Active,
E00214,P000214,Brittany,Rivas,Brittany Rivas,brittany.rivas@samplehealth.org,Pharmacy,Outpatient Center A,Pharmacy Manager,,2015-10-04,Active,
E00215,P000215,Curtis,Barton,Curtis Barton,curtis.barton@samplehealth.org,Information Technology,South Hospital,Application Analyst,,2026-02-02,Active,
E00216,P000216,Gabrielle,Trujillo,Gabrielle Trujillo,gabrielle.trujillo@samplehealth.org,Nursing,Outpatient Center A,Nurse Manager,,2025-03-03,Active,
E00217,P000217,Tonya,Patton,Tonya Patton,tonya.patton@samplehealth.org,Facilities,Outpatient Center B,Facilities Technician,,2017-07-13,Active,
E00218,P000218,Amanda,Stanley,Amanda Stanley,amanda.stanley@samplehealth.org,Facilities,Outpatient Center A,Maintenance Coordinator,,2012-10-18,Active,
E00219,P000219,William,Peterson,William Peterson,william.peterson@samplehealth.org,Finance,Children's Hospital,Accountant,,2026-01-29,Active,
E00220,P000220,Robert,Henry,Robert Henry,robert.henry@samplehealth.org,Pharmacy,Central Medical Center,Pharmacy Technician,,2018-12-31,Active,
E00221,P000221,Susan,Reid,Susan Reid,susan.reid@samplehealth.org,Clinical Operations,Central Medical Center,Operations Manager,,2025-09-21,Active,
E00222,P000222,Steve,Hernandez,Steve Hernandez,steve.hernandez@samplehealth.org,Facilities,North Hospital,Facilities Technician,,2014-08-15,Active,
E00223,P000223,Jessica,Sheppard,Jessica Sheppard,jessica.sheppard@samplehealth.org,Revenue Cycle,Central Medical Center,Revenue Cycle Analyst,,2016-03-21,Active,
E00224,P000224,Christina,Gillespie,Christina Gillespie,christina.gillespie@samplehealth.org,Human Resources,Central Medical Center,HR Specialist,,2024-10-20,Active,
E00225,P000225,Timothy,Graham,Timothy Graham,timothy.graham@samplehealth.org,Patient Access,West Hospital,Patient Access Representative,,2024-01-23,Active,
E00226,P000226,Brittany,Morris,Brittany Morris,brittany.morris@samplehealth.org,Information Technology,North Hospital,Application Analyst,,2015-10-20,Active,
E00227,P000227,Mariah,Miller,Mariah Miller,mariah.miller@samplehealth.org,Patient Access,Outpatient Center B,Patient Access Representative,,2019-04-18,Terminated,2021-05-14
E00228,P000228,Karen,Hudson,Karen Hudson,karen.hudson@samplehealth.org,Clinical Operations,Cancer Center,Clinical Analyst,,2022-12-28,Active,
E00229,P000229,Nicholas,Johnson,Nicholas Johnson,nicholas.johnson@samplehealth.org,Information Technology,South Hospital,Data Analyst,,2026-02-06,Active,
E00230,P000230,Mark,Freeman,Mark Freeman,mark.freeman@samplehealth.org,Finance,Central Medical Center,Financial Analyst,,2017-08-29,Active,
E00231,P000231,Lauren,Peterson,Lauren Peterson,lauren.peterson@samplehealth.org,Finance,Outpatient Center A,Revenue Analyst,,2026-08-08,Active,
E00232,P000232,Caitlyn,Beard,Caitlyn Beard,caitlyn.beard@samplehealth.org,Radiology,West Hospital,Radiology Coordinator,,2021-01-29,Active,
E00233,P000233,Alejandro,Vaughan,Alejandro Vaughan,alejandro.vaughan@samplehealth.org,Pharmacy,West Hospital,Pharmacy Manager,,2013-01-29,Active,
E00234,P000234,John,Russell,John Russell,john.russell@samplehealth.org,Pharmacy,Children's Hospital,Pharmacy Manager,,2021-01-25,Active,
E00235,P000235,Katherine,Vaughn,Katherine Vaughn,katherine.vaughn@samplehealth.org,Revenue Cycle,North Hospital,Claims Analyst,,2022-08-12,Active,
E00236,P000236,Jennifer,West,Jennifer West,jennifer.west@samplehealth.org,Patient Access,Cancer Center,Patient Access Representative,,2011-12-02,Active,
E00237,P000237,Christopher,Walker,Christopher Walker,christopher.walker@samplehealth.org,Emergency Services,Cancer Center,Emergency Services Coordinator,,2023-05-24,Active,
E00238,P000238,John,Beck,John Beck,john.beck@samplehealth.org,Pharmacy,Cancer Center,Pharmacy Manager,,2017-11-26,Active,
E00239,P000239,Thomas,Schmidt,Thomas Schmidt,thomas.schmidt@samplehealth.org,Nursing,Outpatient Center B,Nurse Manager,,2018-11-11,Active,
E00240,P000240,Wendy,Pierce,Wendy Pierce,wendy.pierce@samplehealth.org,Pharmacy,Cancer Center,Pharmacy Technician,,2017-08-11,Active,
E00241,P000241,Jacqueline,Nelson,Jacqueline Nelson,jacqueline.nelson@samplehealth.org,Revenue Cycle,South Hospital,Billing Specialist,,2015-11-26,Leave,
E00242,P000242,Jerry,Griffith,Jerry Griffith,jerry.griffith@samplehealth.org,Radiology,Children's Hospital,Radiology Technician,,2016-12-28,Terminated,2019-01-09
E00243,P000243,Julia,Tapia,Julia Tapia,julia.tapia@samplehealth.org,Patient Access,Outpatient Center B,Registration Coordinator,,2023-05-14,Active,
E00244,P000244,Jacob,Robinson,Jacob Robinson,jacob.robinson@samplehealth.org,Laboratory,Children's Hospital,Laboratory Specialist,,2019-11-11,Active,
E00245,P000245,Joshua,Lawrence,Joshua Lawrence,joshua.lawrence@samplehealth.org,Facilities,North Hospital,Facilities Technician,,2024-07-22,Active,
E00246,P000246,Alicia,Campbell,Alicia Campbell,alicia.campbell@samplehealth.org,Finance,West Hospital,Accountant,,2013-05-02,Leave,
E00247,P000247,Marissa,Phillips,Marissa Phillips,marissa.phillips@samplehealth.org,Laboratory,Outpatient Center A,Lab Coordinator,,2017-10-06,Active,
E00248,P000248,Harry,Smith,Harry Smith,harry.smith@samplehealth.org,Facilities,Outpatient Center B,Facilities Technician,,2020-09-16,Terminated,2021-10-14
E00249,P000249,Joshua,Mccann,Joshua Mccann,joshua.mccann@samplehealth.org,Facilities,Outpatient Center B,Facilities Technician,,2021-01-14,Terminated,2023-07-10
E00250,P000250,Heidi,Martinez,Heidi Martinez,heidi.martinez@samplehealth.org,Human Resources,Children's Hospital,HR Business Partner,,2026-05-26,Active,
E00251,P000251,Karen,Garcia,Karen Garcia,karen.garcia@samplehealth.org,Facilities,Children's Hospital,Maintenance Coordinator,E00143,2011-11-01,Active,
E00252,P000252,Audrey,Harrison,Audrey Harrison,audrey.harrison@samplehealth.org,Nursing,West Hospital,Clinical Coordinator,E00022,2019-02-12,Active,
E00253,P000253,Matthew,Sheppard,Matthew Sheppard,matthew.sheppard@samplehealth.org,Human Resources,Outpatient Center A,Learning Specialist,E00126,2015-12-02,Active,
E00254,P000254,Shelley,Woods,Shelley Woods,shelley.woods@samplehealth.org,Emergency Services,Outpatient Center B,Emergency Department Technician,E00166,2025-08-11,Active,
E00255,P000255,Cameron,Vasquez,Cameron Vasquez,cameron.vasquez@samplehealth.org,Clinical Operations,Outpatient Center B,Clinical Analyst,E00203,2021-06-10,Active,
E00256,P000256,Crystal,Brown,Crystal Brown,crystal.brown@samplehealth.org,Nursing,Children's Hospital,Registered Nurse,E00057,2014-03-01,Active,
E00257,P000257,Lisa,Avery,Lisa Avery,lisa.avery@samplehealth.org,Radiology,West Hospital,Radiology Coordinator,E00079,2013-01-27,Leave,
E00258,P000258,Victoria,Wilson,Victoria Wilson,victoria.wilson@samplehealth.org,Revenue Cycle,Cancer Center,Claims Analyst,E00122,2024-08-18,Active,
E00259,P000259,Robert,Carlson,Robert Carlson,robert.carlson@samplehealth.org,Emergency Services,Cancer Center,Registered Nurse,E00109,2022-02-22,Active,
E00260,P000260,Jeremiah,Mills,Jeremiah Mills,jeremiah.mills@samplehealth.org,Clinical Operations,Cancer Center,Operations Manager,E00091,2019-04-16,Active,
E00261,P000261,Rebekah,Evans,Rebekah Evans,rebekah.evans@samplehealth.org,Clinical Operations,Children's Hospital,Clinical Analyst,E00079,2021-08-20,Active,
E00262,P000262,Veronica,Torres,Veronica Torres,veronica.torres@samplehealth.org,Finance,North Hospital,Financial Analyst,E00185,2022-03-10,Terminated,2022-09-13
E00263,P000263,Chelsea,Singh,Chelsea Singh,chelsea.singh@samplehealth.org,Human Resources,North Hospital,HR Business Partner,E00191,2024-08-07,Active,
E00264,P000264,Jared,Clark,Jared Clark,jared.clark@samplehealth.org,Emergency Services,South Hospital,Registered Nurse,E00050,2022-11-10,Active,
E00265,P000265,Christopher,Allen,Christopher Allen,christopher.allen@samplehealth.org,Human Resources,Outpatient Center B,Learning Specialist,E00071,2021-01-05,Active,
E00266,P000266,Charles,Smith,Charles Smith,charles.smith@samplehealth.org,Clinical Operations,Children's Hospital,Operations Manager,E00026,2019-04-16,Active,
E00267,P000267,Hannah,Harrison,Hannah Harrison,hannah.harrison@samplehealth.org,Human Resources,West Hospital,HR Business Partner,E00093,2012-03-06,Active,
E00268,P000268,Jesse,Mann,Jesse Mann,jesse.mann@samplehealth.org,Information Technology,Central Medical Center,Systems Analyst,E00182,2023-08-02,Active,
E00269,P000269,Michele,Jones,Michele Jones,michele.jones@samplehealth.org,Emergency Services,Children's Hospital,Emergency Department Technician,E00012,2015-08-06,Active,
E00270,P000270,Sandra,French,Sandra French,sandra.french@samplehealth.org,Nursing,Children's Hospital,Clinical Coordinator,E00179,2022-04-04,Active,
E00271,,Brittany,Lara,Brittany Lara,brittany.lara@samplehealth.org,Information Technology,North Hospital,Application Analyst,E00224,2014-12-28,Active,
E00272,P000272,Ronald,Stephens,Ronald Stephens,ronald.stephens@samplehealth.org,Nursing,Children's Hospital,Clinical Coordinator,E00121,2022-08-23,Active,
E00273,P000273,Edward,Baker,Edward Baker,edward.baker@samplehealth.org,Laboratory,Cancer Center,Laboratory Specialist,E00048,2014-01-16,Active,
E00274,P000274,Charles,Martin,Charles Martin,charles.martin@samplehealth.org,Nursing,Outpatient Center B,Nurse Manager,E00030,2016-11-09,Active,
E00275,P000275,Brooke,Holloway,Brooke Holloway,brooke.holloway@samplehealth.org,Pharmacy,Outpatient Center B,Pharmacy Technician,E00019,2016-07-14,Active,
E00276,P000276,Scott,Harrison,Scott Harrison,scott.harrison@samplehealth.org,Patient Access,Central Medical Center,Registration Coordinator,E00039,2016-10-18,Active,
E00277,P000277,Holly,Bender,Holly Bender,holly.bender@samplehealth.org,Information Technology,North Hospital,Systems Analyst,E00064,2020-02-20,Active,
E00278,P000278,Amber,Kim,Amber Kim,amber.kim@samplehealth.org,Pharmacy,Outpatient Center A,Pharmacy Manager,E00156,2021-10-19,Active,
E00279,P000279,Bill,Reynolds,Bill Reynolds,bill.reynolds@samplehealth.org,Patient Access,West Hospital,Registration Coordinator,E00199,2017-02-08,Active,
E00280,P000280,Cassandra,Johnson,Cassandra Johnson,cassandra.johnson@samplehealth.org,Emergency Services,Outpatient Center B,Emergency Services Coordinator,E00233,2015-07-09,Active,
E00281,P000281,Suzanne,Huff,Suzanne Huff,suzanne.huff@samplehealth.org,Laboratory,Outpatient Center A,Laboratory Specialist,E00079,2021-05-30,Active,
E00282,P000282,Brenda,Smith,Brenda Smith,brenda.smith@samplehealth.org,Patient Access,Central Medical Center,Registration Coordinator,E00157,2024-08-20,Active,
E00283,P000283,Emily,Adams,Emily Adams,emily.adams@samplehealth.org,Clinical Operations,West Hospital,Operations Coordinator,E00161,2012-04-22,Active,
E00284,P000284,Kathryn,Thompson,Kathryn Thompson,kathryn.thompson@samplehealth.org,Human Resources,North Hospital,HR Business Partner,E00041,2020-06-14,Active,
E00285,P000285,Denise,Moon,Denise Moon,denise.moon@samplehealth.org,Human Resources,North Hospital,HR Specialist,E00041,2014-09-17,Active,
E00286,P000286,Wendy,Graham,Wendy Graham,wendy.graham@samplehealth.org,Nursing,Outpatient Center B,Nurse Manager,E00177,2025-06-23,Active,
E00287,P000287,Travis,Davis,Travis Davis,travis.davis@samplehealth.org,Patient Access,Children's Hospital,Patient Access Specialist,E00009,2017-07-18,Active,
E00288,P000288,Ricky,Morris,Ricky Morris,ricky.morris@samplehealth.org,Human Resources,Children's Hospital,HR Business Partner,E00180,2013-05-27,Active,
E00289,P000289,Mia,Rivera,Mia Rivera,mia.rivera@samplehealth.org,Laboratory,West Hospital,Lab Technician,E00237,2023-06-05,Active,
E00290,P000290,Tyler,Bates,Tyler Bates,tyler.bates@samplehealth.org,Finance,West Hospital,Revenue Analyst,E00109,2018-06-09,Active,
E00291,P000291,Lisa,Pierce,Lisa Pierce,lisa.pierce@samplehealth.org,Pharmacy,West Hospital,Pharmacy Manager,E00166,2019-05-13,Active,
E00292,P000292,Christopher,King,Christopher King,christopher.king@samplehealth.org,Information Technology,South Hospital,Systems Analyst,E00019,2013-08-06,Active,
E00293,P000293,Tara,Powell,Tara Powell,tara.powell@samplehealth.org,Nursing,Children's Hospital,Registered Nurse,E00153,2020-05-18,Active,
E00294,P000294,Mallory,Smith,Mallory Smith,mallory.smith@samplehealth.org,Clinical Operations,Children's Hospital,Operations Manager,E00113,2026-06-01,Active,
E00295,P000295,Amy,Gutierrez,Amy Gutierrez,amy.gutierrez@samplehealth.org,Pharmacy,Children's Hospital,Pharmacy Technician,E00180,2014-10-25,Active,
E00296,P000296,April,Dean,April Dean,april.dean@samplehealth.org,Radiology,Outpatient Center B,Imaging Specialist,E00113,2020-02-08,Active,
E00297,P000297,Colleen,Wolf,Colleen Wolf,colleen.wolf@samplehealth.org,Pharmacy,Central Medical Center,Pharmacy Manager,E00228,2015-02-01,Active,
E00298,P000298,Joseph,Anderson,Joseph Anderson,joseph.anderson@samplehealth.org,Radiology,Cancer Center,Radiology Coordinator,E00155,2016-07-10,Active,
E00299,P000299,Samuel,Wolfe,Samuel Wolfe,samuel.wolfe@samplehealth.org,Finance,North Hospital,Financial Analyst,E00059,2013-09-09,Active,
E00300,P000300,Anthony,Mccoy,Anthony Mccoy,anthony.mccoy@samplehealth.org,Revenue Cycle,Central Medical Center,Claims Analyst,E00196,2025-03-22,Active,
E00301,P000301,John,Moore,John Moore,john.moore@samplehealth.org,Revenue Cycle,Central Medical Center,Billing Specialist,E00196,2020-12-29,Active,
E00302,P000302,Alexander,Russell,Alexander Russell,alexander.russell@samplehealth.org,Information Technology,Outpatient Center B,Application Analyst,E00235,2015-06-13,Active,
E00303,P000303,Victoria,Durham,Victoria Durham,victoria.durham@samplehealth.org,Finance,Outpatient Center A,Financial Analyst,E00163,2019-06-23,Active,
E00304,P000304,Stacey,Holland,Stacey Holland,stacey.holland@samplehealth.org,Laboratory,Outpatient Center B,Lab Technician,E00090,2014-03-30,Active,
E00305,P000305,Tyrone,Moran,Tyrone Moran,tyrone.moran@samplehealth.org,Radiology,Cancer Center,Imaging Specialist,E00172,2020-04-13,Active,
E00306,P000306,Janice,Perry,Janice Perry,janice.perry@samplehealth.org,Pharmacy,Cancer Center,Pharmacist,E00106,2019-11-01,Terminated,2023-11-07
E00307,P000307,John,Arnold,John Arnold,john.arnold@samplehealth.org,Clinical Operations,Children's Hospital,Clinical Analyst,E00170,2018-02-24,Active,
E00308,P000308,James,Greene,James Greene,james.greene@samplehealth.org,Radiology,Central Medical Center,Radiology Coordinator,E00117,2024-04-27,Active,
E00309,P000309,Natasha,Shields,Natasha Shields,natasha.shields@samplehealth.org,Pharmacy,Children's Hospital,Pharmacy Technician,E00083,2016-04-28,Active,
E00310,P000310,Kendra,Dickerson,Kendra Dickerson,kendra.dickerson@samplehealth.org,Pharmacy,Central Medical Center,Pharmacy Technician,E00169,2017-05-28,Active,
E00311,P000311,Sarah,Romero,Sarah Romero,sarah.romero@samplehealth.org,Emergency Services,Outpatient Center A,Emergency Services Coordinator,E00014,2025-08-01,Active,
E00312,P000312,Aaron,Barber,Aaron Barber,aaron.barber@samplehealth.org,Human Resources,Cancer Center,Learning Specialist,E00160,2025-11-14,Active,
E00313,P000313,Brenda,Duarte,Brenda Duarte,brenda.duarte@samplehealth.org,Laboratory,Outpatient Center B,Lab Coordinator,E00195,2019-12-15,Active,
E00314,P000314,Michelle,Griffin,Michelle Griffin,michelle.griffin@samplehealth.org,Nursing,Children's Hospital,Registered Nurse,E00141,2019-11-12,Terminated,2022-10-19
E00315,P000315,Martin,Hines,Martin Hines,martin.hines@samplehealth.org,Information Technology,Outpatient Center B,Systems Analyst,E00226,2018-01-15,Active,
E00316,P000316,Stanley,Morris,Stanley Morris,stanley.morris@samplehealth.org,Clinical Operations,North Hospital,Clinical Analyst,E00008,2014-11-01,Active,
E00317,P000317,Tina,Allen,Tina Allen,tina.allen@samplehealth.org,Revenue Cycle,West Hospital,Claims Analyst,E00182,2018-02-20,Active,
E00318,P000318,Jesus,Rowe,Jesus Rowe,jesus.rowe@samplehealth.org,Information Technology,Central Medical Center,Systems Analyst,E00142,2012-05-14,Active,
E00319,P000319,Louis,Kennedy,Louis Kennedy,louis.kennedy@samplehealth.org,Radiology,West Hospital,Radiology Technician,E00216,2025-06-05,Active,
E00320,P000320,Patrick,Mcneil,Patrick Mcneil,patrick.mcneil@samplehealth.org,Pharmacy,North Hospital,Pharmacy Technician,E00166,2025-02-07,Active,
E00321,P000321,Lori,Pollard,Lori Pollard,lori.pollard@samplehealth.org,Information Technology,Children's Hospital,Application Analyst,E00131,2020-01-19,Active,
E00322,P000322,Tammie,Martinez,Tammie Martinez,tammie.martinez@samplehealth.org,Clinical Operations,Outpatient Center A,Clinical Analyst,E00214,2021-08-31,Active,
E00323,P000323,Martin,Garcia,Martin Garcia,martin.garcia@samplehealth.org,Laboratory,West Hospital,Laboratory Specialist,E00117,2025-12-31,Active,
E00324,P000324,Scott,Fox,Scott Fox,scott.fox@samplehealth.org,Emergency Services,Outpatient Center A,Emergency Department Technician,E00049,2019-05-26,Active,
E00325,P000325,Alexis,Thomas,Alexis Thomas,alexis.thomas@samplehealth.org,Patient Access,South Hospital,Registration Coordinator,E00222,2026-06-10,Terminated,2026-08-12
E00326,P000326,Tara,Jones,Tara Jones,tara.jones@samplehealth.org,Pharmacy,Outpatient Center A,Pharmacy Technician,E00088,2024-12-02,Active,
E00327,P000327,Tanya,Morgan,Tanya Morgan,tanya.morgan@samplehealth.org,Emergency Services,Central Medical Center,Emergency Services Coordinator,E00073,2023-05-30,Active,
E00328,P000328,Raymond,Miller,Raymond Miller,raymond.miller@samplehealth.org,Clinical Operations,Outpatient Center B,Clinical Analyst,E00222,2017-03-19,Active,
E00329,P000329,Melissa,Villarreal,Melissa Villarreal,melissa.villarreal@samplehealth.org,Information Technology,Outpatient Center B,Application Analyst,E00089,2018-02-02,Active,
E00330,P000330,Stephanie,Sims,Stephanie Sims,stephanie.sims@samplehealth.org,Facilities,Outpatient Center A,Facilities Manager,E00117,2024-07-17,Active,
E00331,P000331,Tony,Weaver,Tony Weaver,tony.weaver@samplehealth.org,Facilities,West Hospital,Facilities Technician,E00147,2022-02-16,Active,
E00332,P000332,Casey,Welch,Casey Welch,casey.welch@samplehealth.org,Radiology,Outpatient Center A,Radiology Technician,E00012,2016-07-06,Active,
E00333,P000333,Wendy,Francis,Wendy Francis,wendy.francis@samplehealth.org,Facilities,Outpatient Center B,Facilities Manager,E00181,2019-01-03,Active,
E00334,P000334,Tiffany,Hodges,Tiffany Hodges,tiffany.hodges@samplehealth.org,Radiology,South Hospital,Imaging Specialist,E00127,2023-08-07,Active,
E00335,P000335,Monique,Wallace,Monique Wallace,monique.wallace@samplehealth.org,Nursing,Cancer Center,Registered Nurse,E00223,2023-06-07,Active,
E00336,P000336,Kevin,Johnson,Kevin Johnson,kevin.johnson@samplehealth.org,Pharmacy,North Hospital,Pharmacy Technician,E00135,2017-02-21,Active,
E00337,P000337,Laura,Carter,Laura Carter,laura.carter@samplehealth.org,Laboratory,South Hospital,Lab Technician,E00105,2018-01-01,Active,
E00338,P000338,Ryan,Sanchez,Ryan Sanchez,ryan.sanchez@samplehealth.org,Revenue Cycle,North Hospital,Revenue Cycle Analyst,E00121,2018-08-20,Active,
E00339,P000339,Ashlee,Sparks,Ashlee Sparks,ashlee.sparks@samplehealth.org,Finance,Outpatient Center A,Accountant,E00167,2014-07-08,Active,
E00340,P000340,Gregory,Lynch,Gregory Lynch,gregory.lynch@samplehealth.org,Pharmacy,Outpatient Center A,Pharmacy Technician,E00245,2018-02-18,Active,
E00341,P000341,Christine,Allen,Christine Allen,christine.allen@samplehealth.org,Facilities,Outpatient Center B,Facilities Manager,E00224,2021-07-18,Active,
E00342,P000342,Douglas,Murray,Douglas Murray,douglas.murray@samplehealth.org,Emergency Services,North Hospital,Emergency Department Technician,E00061,2015-12-12,Active,
E00343,P000343,Steve,Estrada,Steve Estrada,steve.estrada@samplehealth.org,Revenue Cycle,Children's Hospital,Claims Analyst,E00059,2025-04-24,Active,
E00344,P000344,Steven,Roberts,Steven Roberts,steven.roberts@samplehealth.org,Clinical Operations,Outpatient Center A,Operations Coordinator,E00026,2020-12-03,Active,
E00345,P000345,Eric,Alexander,Eric Alexander,eric.alexander@samplehealth.org,Revenue Cycle,North Hospital,Claims Analyst,E00114,2017-07-03,Active,
E00346,P000346,Vanessa,Evans,Vanessa Evans,vanessa.evans@samplehealth.org,Information Technology,Central Medical Center,Systems Analyst,E00012,2018-11-04,Active,
E00347,P000347,Hannah,Bryant,Hannah Bryant,hannah.bryant@samplehealth.org,Facilities,Children's Hospital,Facilities Technician,E00092,2016-10-06,Active,
E00348,P000348,James,Cruz,James Cruz,james.cruz@samplehealth.org,Facilities,South Hospital,Maintenance Coordinator,E00063,2019-11-05,Active,
E00349,P000349,Daniel,James,Daniel James,daniel.james@samplehealth.org,Emergency Services,South Hospital,Emergency Services Coordinator,E00044,2017-09-24,Active,
E00350,P000350,Bailey,Haney,Bailey Haney,bailey.haney@samplehealth.org,Information Technology,Outpatient Center A,Data Analyst,E00159,2016-08-24,Active,
E00351,P000351,Andrew,Greer,Andrew Greer,andrew.greer@samplehealth.org,Revenue Cycle,Outpatient Center B,Revenue Cycle Analyst,E00234,2018-05-11,Active,
E00352,P000352,Joshua,Knight,Joshua Knight,joshua.knight@samplehealth.org,Patient Access,West Hospital,Patient Access Representative,E00119,2023-04-17,Active,
E00353,P000353,Kimberly,Beltran,Kimberly Beltran,kimberly.beltran@samplehealth.org,Revenue Cycle,Outpatient Center B,Billing Specialist,E00066,2021-12-10,Active,
E00354,P000354,Julie,Wall,Julie Wall,julie.wall@samplehealth.org,Revenue Cycle,Outpatient Center B,Revenue Cycle Analyst,E00231,2016-06-29,Active,
E00355,P000355,Kimberly,Hall,Kimberly Hall,kimberly.hall@samplehealth.org,Finance,South Hospital,Revenue Analyst,E00019,2025-04-08,Active,
E00356,P000356,Michael,Fields,Michael Fields,michael.fields@samplehealth.org,Laboratory,Children's Hospital,Laboratory Specialist,E00164,2022-03-10,Active,
E00357,P000357,John,Campos,John Campos,john.campos@samplehealth.org,Radiology,Children's Hospital,Radiology Coordinator,E00117,2024-09-05,Active,
E00358,P000358,Donna,Massey,Donna Massey,donna.massey@samplehealth.org,Finance,Outpatient Center A,Financial Analyst,E00219,2022-04-24,Active,
E00359,P000359,Colton,Burton,Colton Burton,colton.burton@samplehealth.org,Laboratory,West Hospital,Lab Technician,E00098,2012-04-17,Leave,
E00360,P000360,Kyle,Alexander,Kyle Alexander,kyle.alexander@samplehealth.org,Patient Access,Children's Hospital,Patient Access Specialist,E00180,2021-06-26,Active,
E00361,P000361,Michael,Anderson,Michael Anderson,michael.anderson@samplehealth.org,Finance,Outpatient Center A,Financial Analyst,E00071,2016-08-23,Active,
E00362,P000362,Mark,Perry,Mark Perry,mark.perry@samplehealth.org,Nursing,Central Medical Center,Clinical Coordinator,E00234,2015-01-15,Active,
E00363,P000363,David,Ryan,David Ryan,david.ryan@samplehealth.org,Patient Access,Outpatient Center B,Registration Coordinator,E00214,2017-11-06,Active,
E00364,P000364,Alyssa,Mcintyre,Alyssa Mcintyre,alyssa.mcintyre@samplehealth.org,Finance,Cancer Center,Financial Analyst,E00057,2025-10-02,Active,
E00365,P000365,Franklin,Sloan,Franklin Sloan,franklin.sloan@samplehealth.org,Revenue Cycle,Children's Hospital,Revenue Cycle Analyst,E00174,2019-10-28,Leave,
E00366,P000366,Tammy,Phillips,Tammy Phillips,tammy.phillips@samplehealth.org,Clinical Operations,South Hospital,Operations Manager,E00161,2026-06-07,Active,
E00367,P000367,Matthew,Wilson,Matthew Wilson,matthew.wilson@samplehealth.org,Pharmacy,Central Medical Center,Pharmacy Manager,E00080,2012-11-26,Terminated,2015-04-19
E00368,P000368,Karen,Perez,Karen Perez,karen.perez@samplehealth.org,Laboratory,Cancer Center,Lab Technician,E00188,2023-02-17,Active,
E00369,P000369,Jennifer,Whitney,Jennifer Whitney,jennifer.whitney@samplehealth.org,Information Technology,Children's Hospital,Data Analyst,E00084,2026-01-05,Active,
E00370,P000370,Linda,Diaz,Linda Diaz,linda.diaz@samplehealth.org,Clinical Operations,South Hospital,Clinical Analyst,E00052,2025-01-28,Active,
E00371,P000371,Ralph,Baker,Ralph Baker,ralph.baker@samplehealth.org,Information Technology,Children's Hospital,Systems Analyst,E00213,2013-09-22,Active,
E00372,P000372,Shawn,Chambers,Shawn Chambers,shawn.chambers@samplehealth.org,Information Technology,Outpatient Center B,Systems Analyst,E00248,2023-01-23,Active,
E00373,P000373,Jose,James,Jose James,jose.james@samplehealth.org,Finance,Cancer Center,Revenue Analyst,E00206,2022-06-27,Active,
E00374,P000374,Shelby,Rodriguez,Shelby Rodriguez,shelby.rodriguez@samplehealth.org,Pharmacy,North Hospital,Pharmacy Technician,E00037,2015-08-08,Active,
E00375,P000375,Thomas,Harvey,Thomas Harvey,thomas.harvey@samplehealth.org,Human Resources,Outpatient Center A,Learning Specialist,E00248,2021-03-05,Active,
E00376,P000376,Mark,Bishop,Mark Bishop,mark.bishop@samplehealth.org,Emergency Services,North Hospital,Emergency Services Coordinator,E00203,2022-08-23,Active,
E00377,,Bryan,Colon,Bryan Colon,bryan.colon@samplehealth.org,Radiology,Children's Hospital,Radiology Technician,E00138,2023-07-21,Active,
E00378,P000378,Kevin,Ortiz,Kevin Ortiz,kevin.ortiz@samplehealth.org,Pharmacy,Cancer Center,Pharmacy Technician,E00173,2014-01-01,Active,
E00379,P000379,Brandon,Johnson,Brandon Johnson,brandon.johnson@samplehealth.org,Clinical Operations,Children's Hospital,Operations Manager,E00150,2020-01-03,Active,
E00380,P000380,Darren,Young,Darren Young,darren.young@samplehealth.org,Radiology,Cancer Center,Radiology Coordinator,E00028,2020-10-08,Active,
E00381,P000381,Derek,Chavez,Derek Chavez,derek.chavez@samplehealth.org,Revenue Cycle,Outpatient Center B,Revenue Cycle Analyst,E00007,2023-01-12,Active,
E00382,P000382,Stacy,Horton,Stacy Horton,stacy.horton@samplehealth.org,Patient Access,Cancer Center,Registration Coordinator,E00235,2020-10-24,Active,
E00383,P000383,Robert,Newton,Robert Newton,robert.newton@samplehealth.org,Patient Access,North Hospital,Patient Access Representative,E00163,2014-04-03,Active,
E00384,P000384,Nicole,Pena,Nicole Pena,nicole.pena@samplehealth.org,Laboratory,Children's Hospital,Lab Coordinator,E00167,2025-10-22,Active,
E00385,P000385,Tracy,Russell,Tracy Russell,tracy.russell@samplehealth.org,Radiology,South Hospital,Radiology Technician,E00012,2016-05-20,Active,
E00386,P000386,Antonio,Wood,Antonio Wood,antonio.wood@samplehealth.org,Nursing,Outpatient Center B,Nurse Manager,E00030,2019-03-03,Active,
E00387,P000387,Sean,Young,Sean Young,sean.young@samplehealth.org,Pharmacy,South Hospital,Pharmacist,E00100,2017-10-17,Active,
E00388,P000388,Cory,Jennings,Cory Jennings,cory.jennings@samplehealth.org,Laboratory,Outpatient Center A,Laboratory Specialist,E00151,2020-11-20,Active,
E00389,P000389,Rachel,Newman,Rachel Newman,rachel.newman@samplehealth.org,Clinical Operations,South Hospital,Operations Manager,E00227,2012-08-27,Active,
E00390,P000390,Raymond,Lopez,Raymond Lopez,raymond.lopez@samplehealth.org,Radiology,North Hospital,Radiology Coordinator,E00214,2013-09-14,Active,
E00391,P000391,Stacy,Holloway,Stacy Holloway,stacy.holloway@samplehealth.org,Laboratory,Outpatient Center A,Lab Coordinator,E00241,2013-03-08,Terminated,2024-06-16
E00392,P000392,Jason,Fowler,Jason Fowler,jason.fowler@samplehealth.org,Finance,Cancer Center,Financial Analyst,E00056,2011-12-27,Active,
E00393,P000393,Brent,Cook,Brent Cook,brent.cook@samplehealth.org,Laboratory,West Hospital,Laboratory Specialist,E00219,2013-10-07,Active,
E00394,P000394,Kristin,Harris,Kristin Harris,kristin.harris@samplehealth.org,Facilities,Cancer Center,Facilities Technician,E00140,2025-09-28,Active,
E00395,P000395,Kathy,Clark,Kathy Clark,kathy.clark@samplehealth.org,Revenue Cycle,Central Medical Center,Billing Specialist,E00102,2015-04-19,Active,
E00396,P000396,Lisa,Hall,Lisa Hall,lisa.hall@samplehealth.org,Finance,North Hospital,Financial Analyst,E00243,2024-10-18,Leave,
E00397,P000397,Dylan,Lester,Dylan Lester,dylan.lester@samplehealth.org,Laboratory,West Hospital,Lab Technician,E00165,2011-09-03,Active,
E00398,P000398,Joshua,Riggs,Joshua Riggs,joshua.riggs@samplehealth.org,Revenue Cycle,Central Medical Center,Claims Analyst,E00013,2013-11-01,Active,
E00399,P000399,Amber,Lindsey,Amber Lindsey,amber.lindsey@samplehealth.org,Facilities,South Hospital,Facilities Technician,E00202,2013-06-30,Active,
E00400,P000400,Donna,Johnson,Donna Johnson,donna.johnson@samplehealth.org,Patient Access,North Hospital,Patient Access Representative,E00213,2011-11-17,Active,
E00401,P000401,Michael,Kramer,Michael Kramer,michael.kramer@samplehealth.org,Emergency Services,West Hospital,Emergency Department Technician,E00209,2021-08-23,Active,
E00402,P000402,Mario,Thompson,Mario Thompson,mario.thompson@samplehealth.org,Human Resources,South Hospital,HR Business Partner,E00202,2012-07-07,Active,
E00403,P000403,David,Fisher,David Fisher,david.fisher@samplehealth.org,Patient Access,Children's Hospital,Patient Access Representative,E00220,2013-07-23,Active,
E00404,P000404,Julie,Alvarez,Julie Alvarez,julie.alvarez@samplehealth.org,Information Technology,Children's Hospital,Business Analyst,E00205,2024-11-10,Active,
E00405,P000405,Michael,Wheeler,Michael Wheeler,michael.wheeler@samplehealth.org,Information Technology,Central Medical Center,Data Analyst,E00034,2019-04-25,Active,
E00406,P000406,William,Dougherty,William Dougherty,william.dougherty@samplehealth.org,Nursing,West Hospital,Nurse Manager,E00151,2012-05-12,Active,
E00407,P000407,Jessica,Kerr,Jessica Kerr,jessica.kerr@samplehealth.org,Facilities,South Hospital,Facilities Technician,E00068,2022-11-01,Active,
E00408,P000408,Adrienne,Ellis,Adrienne Ellis,adrienne.ellis@samplehealth.org,Nursing,Outpatient Center A,Registered Nurse,E00135,2012-02-26,Active,
E00409,P000409,Bruce,Mendoza,Bruce Mendoza,bruce.mendoza@samplehealth.org,Pharmacy,North Hospital,Pharmacy Manager,E00122,2018-06-16,Active,
E00410,P000410,Ronald,Rodriguez,Ronald Rodriguez,ronald.rodriguez@samplehealth.org,Laboratory,North Hospital,Laboratory Specialist,E00116,2023-09-29,Active,
E00411,P000411,Renee,Jones,Renee Jones,renee.jones@samplehealth.org,Emergency Services,Central Medical Center,Emergency Department Technician,E00187,2012-12-31,Active,
E00412,P000412,Marc,Hernandez,Marc Hernandez,marc.hernandez@samplehealth.org,Revenue Cycle,Children's Hospital,Claims Analyst,E00118,2013-10-09,Terminated,2018-06-13
E00413,P000413,Claudia,Richards,Claudia Richards,claudia.richards@samplehealth.org,Revenue Cycle,Central Medical Center,Revenue Cycle Analyst,E00123,2023-09-28,Terminated,2025-02-14
E00414,P000414,Oscar,Harper,Oscar Harper,oscar.harper@samplehealth.org,Radiology,North Hospital,Imaging Specialist,E00126,2016-08-22,Active,
E00415,,Shawn,Jacobs,Shawn Jacobs,shawn.jacobs@samplehealth.org,Clinical Operations,North Hospital,Clinical Analyst,E00231,2013-04-24,Active,
E00416,P000416,Laura,Wilson,Laura Wilson,laura.wilson@samplehealth.org,Pharmacy,South Hospital,Pharmacy Technician,E00017,2022-10-06,Active,
E00417,P000417,Debra,Mack,Debra Mack,debra.mack@samplehealth.org,Information Technology,Cancer Center,Systems Analyst,E00098,2023-11-21,Active,
E00418,P000418,Michelle,Jordan,Michelle Jordan,michelle.jordan@samplehealth.org,Patient Access,Children's Hospital,Registration Coordinator,E00117,2015-07-06,Active,
E00419,P000419,Robert,Wilcox,Robert Wilcox,robert.wilcox@samplehealth.org,Emergency Services,Outpatient Center A,Registered Nurse,E00026,2018-05-29,Active,
E00420,P000420,Robert,Davis,Robert Davis,robert.davis@samplehealth.org,Clinical Operations,West Hospital,Operations Coordinator,E00111,2018-11-19,Active,
E00421,P000421,Larry,Scott,Larry Scott,larry.scott@samplehealth.org,Laboratory,Outpatient Center A,Lab Technician,E00087,2014-03-22,Active,
E00422,P000422,Gloria,Wells,Gloria Wells,gloria.wells@samplehealth.org,Laboratory,Outpatient Center A,Laboratory Specialist,E00187,2013-03-05,Active,
E00423,P000423,Marie,Davis,Marie Davis,marie.davis@samplehealth.org,Pharmacy,Outpatient Center A,Pharmacy Technician,E00081,2013-04-08,Active,
E00424,P000424,Julie,Watson,Julie Watson,julie.watson@samplehealth.org,Revenue Cycle,Cancer Center,Billing Specialist,E00245,2013-11-02,Active,
E00425,P000425,Angela,Willis,Angela Willis,angela.willis@samplehealth.org,Information Technology,North Hospital,Application Analyst,E00024,2021-03-06,Active,
E00426,P000426,Anna,Santiago,Anna Santiago,anna.santiago@samplehealth.org,Pharmacy,Outpatient Center A,Pharmacist,E00025,2018-08-12,Active,
E00427,P000427,Michael,Ortega,Michael Ortega,michael.ortega@samplehealth.org,Clinical Operations,Cancer Center,Operations Manager,E00208,2024-05-22,Active,
E00428,P000428,Rodney,Moon,Rodney Moon,rodney.moon@samplehealth.org,Information Technology,Cancer Center,Data Analyst,E00172,2012-07-01,Active,
E00429,P000429,Tanya,Burke,Tanya Burke,tanya.burke@samplehealth.org,Pharmacy,Cancer Center,Pharmacy Technician,E00224,2017-08-10,Active,
E00430,P000430,Dale,Romero,Dale Romero,dale.romero@samplehealth.org,Revenue Cycle,Central Medical Center,Billing Specialist,E00248,2014-04-04,Active,
E00431,P000431,Diane,Walker,Diane Walker,diane.walker@samplehealth.org,Finance,Children's Hospital,Revenue Analyst,E00091,2013-06-19,Active,
E00432,P000432,Michael,Hawkins,Michael Hawkins,michael.hawkins@samplehealth.org,Pharmacy,West Hospital,Pharmacy Manager,E00040,2013-07-30,Active,
E00433,P000433,Kathryn,Andrews,Kathryn Andrews,kathryn.andrews@samplehealth.org,Revenue Cycle,West Hospital,Billing Specialist,E00217,2025-05-10,Active,
E00434,P000434,Roy,Hoffman,Roy Hoffman,roy.hoffman@samplehealth.org,Pharmacy,Cancer Center,Pharmacy Technician,E00030,2024-09-05,Active,
E00435,P000435,Loretta,Austin,Loretta Austin,loretta.austin@samplehealth.org,Finance,West Hospital,Revenue Analyst,E00207,2022-07-23,Active,
E00436,P000436,Angela,Lynch,Angela Lynch,angela.lynch@samplehealth.org,Radiology,Central Medical Center,Radiology Coordinator,E00156,2022-10-25,Active,
E00437,P000437,Maria,Adams,Maria Adams,maria.adams@samplehealth.org,Revenue Cycle,Children's Hospital,Claims Analyst,E00008,2014-09-11,Active,
E00438,P000438,Joshua,Farmer,Joshua Farmer,joshua.farmer@samplehealth.org,Information Technology,Children's Hospital,Systems Analyst,E00236,2017-05-28,Active,
E00439,P000439,Michael,White,Michael White,michael.white@samplehealth.org,Facilities,Central Medical Center,Maintenance Coordinator,E00047,2014-01-23,Active,
E00440,P000440,Ashley,Morales,Ashley Morales,ashley.morales@samplehealth.org,Information Technology,North Hospital,Application Analyst,E00037,2014-01-14,Active,
E00441,P000441,Joyce,Bonilla,Joyce Bonilla,joyce.bonilla@samplehealth.org,Clinical Operations,Central Medical Center,Operations Manager,E00024,2013-03-09,Active,
E00442,P000442,Julie,Lewis,Julie Lewis,julie.lewis@samplehealth.org,Clinical Operations,West Hospital,Operations Manager,E00097,2018-10-07,Terminated,2022-08-16
E00443,P000443,Matthew,Wood,Matthew Wood,matthew.wood@samplehealth.org,Radiology,Cancer Center,Imaging Specialist,E00041,2023-11-25,Active,
E00444,P000444,Mark,Pugh,Mark Pugh,mark.pugh@samplehealth.org,Facilities,Cancer Center,Maintenance Coordinator,E00199,2021-10-07,Active,
E00445,P000445,Christopher,Williams,Christopher Williams,christopher.williams@samplehealth.org,Patient Access,North Hospital,Registration Coordinator,E00227,2014-04-21,Active,
E00446,P000446,Karen,Williams,Karen Williams,karen.williams@samplehealth.org,Nursing,South Hospital,Registered Nurse,E00194,2013-01-04,Leave,
E00447,P000447,Joseph,Stanley,Joseph Stanley,joseph.stanley@samplehealth.org,Patient Access,North Hospital,Patient Access Representative,E00070,2019-11-20,Terminated,2025-01-18
E00448,P000448,Scott,Nelson,Scott Nelson,scott.nelson@samplehealth.org,Laboratory,Outpatient Center A,Lab Coordinator,E00125,2024-06-20,Active,
E00449,P000449,William,Reed,William Reed,william.reed@samplehealth.org,Patient Access,Outpatient Center A,Patient Access Specialist,E00070,2013-07-06,Active,
E00450,P000450,Justin,Gregory,Justin Gregory,justin.gregory@samplehealth.org,Human Resources,North Hospital,Learning Specialist,E00089,2019-11-26,Active,
E00451,P000451,Alison,Parker,Alison Parker,alison.parker@samplehealth.org,Radiology,Children's Hospital,Radiology Technician,E00174,2015-05-18,Active,
E00452,P000452,Randall,Greene,Randall Greene,randall.greene@samplehealth.org,Revenue Cycle,Outpatient Center B,Claims Analyst,E00135,2011-10-03,Active,
E00453,P000453,James,Dougherty,James Dougherty,james.dougherty@samplehealth.org,Revenue Cycle,Central Medical Center,Billing Specialist,E00057,2024-09-05,Active,
E00454,P000454,Derrick,Scott,Derrick Scott,derrick.scott@samplehealth.org,Radiology,Central Medical Center,Radiology Coordinator,E00002,2017-03-16,Active,
E00455,P000455,David,Jimenez,David Jimenez,david.jimenez@samplehealth.org,Human Resources,West Hospital,HR Business Partner,E00197,2018-12-13,Active,
E00456,P000456,Gregory,James,Gregory James,gregory.james@samplehealth.org,Information Technology,Children's Hospital,Systems Analyst,E00084,2023-08-06,Active,
E00457,P000457,Jerry,Hansen,Jerry Hansen,jerry.hansen@samplehealth.org,Pharmacy,Outpatient Center B,Pharmacist,E00192,2022-12-28,Active,
E00458,P000458,Linda,Jones,Linda Jones,linda.jones@samplehealth.org,Radiology,South Hospital,Radiology Technician,E00098,2026-04-14,Active,
E00459,P000459,Judy,Graham,Judy Graham,judy.graham@samplehealth.org,Emergency Services,West Hospital,Registered Nurse,E00129,2019-06-12,Active,
E00460,P000460,Samantha,Atkins,Samantha Atkins,samantha.atkins@samplehealth.org,Emergency Services,Cancer Center,Registered Nurse,E00019,2021-06-02,Active,
E00461,P000461,Ruben,Sullivan,Ruben Sullivan,ruben.sullivan@samplehealth.org,Radiology,Central Medical Center,Radiology Coordinator,E00112,2022-07-07,Active,
E00462,P000462,Robert,Wilson,Robert Wilson,robert.wilson@samplehealth.org,Nursing,North Hospital,Nurse Manager,E00221,2011-12-24,Active,
E00463,P000463,Tammy,Jackson,Tammy Jackson,tammy.jackson@samplehealth.org,Facilities,Outpatient Center A,Facilities Manager,E00147,2022-02-20,Active,
E00464,P000464,Steve,Norris,Steve Norris,steve.norris@samplehealth.org,Radiology,Outpatient Center A,Radiology Coordinator,E00075,2017-10-12,Active,
E00465,P000465,Christopher,Richard,Christopher Richard,christopher.richard@samplehealth.org,Pharmacy,Central Medical Center,Pharmacy Technician,E00248,2015-10-06,Terminated,2023-03-05
E00466,P000466,Brianna,Warren,Brianna Warren,brianna.warren@samplehealth.org,Facilities,Outpatient Center B,Facilities Technician,E00213,2018-05-11,Active,
E00467,P000467,Monica,Reese,Monica Reese,monica.reese@samplehealth.org,Clinical Operations,North Hospital,Clinical Analyst,E00112,2015-05-24,Active,
E00468,P000468,Mason,Jackson,Mason Jackson,mason.jackson@samplehealth.org,Pharmacy,Outpatient Center A,Pharmacist,E00151,2020-04-23,Active,
E00469,P000469,Cynthia,Schmidt,Cynthia Schmidt,cynthia.schmidt@samplehealth.org,Radiology,North Hospital,Radiology Coordinator,E00102,2014-12-03,Active,
E00470,P000470,Rebecca,Bailey,Rebecca Bailey,rebecca.bailey@samplehealth.org,Finance,Cancer Center,Revenue Analyst,E00057,2023-12-31,Terminated,2024-08-16
E00471,P000471,Joel,Thomas,Joel Thomas,joel.thomas@samplehealth.org,Facilities,North Hospital,Facilities Technician,E00131,2014-12-24,Active,
E00472,P000472,Glenn,Hernandez,Glenn Hernandez,glenn.hernandez@samplehealth.org,Revenue Cycle,West Hospital,Revenue Cycle Analyst,E00232,2024-07-16,Terminated,2025-12-07
E00473,P000473,Charles,Bean,Charles Bean,charles.bean@samplehealth.org,Facilities,South Hospital,Maintenance Coordinator,E00061,2022-04-22,Active,
E00474,P000474,Troy,Webster,Troy Webster,troy.webster@samplehealth.org,Pharmacy,Children's Hospital,Pharmacist,E00051,2024-07-20,Active,
E00475,P000475,Bethany,Maldonado,Bethany Maldonado,bethany.maldonado@samplehealth.org,Information Technology,North Hospital,Business Analyst,E00046,2021-03-24,Active,
E00476,P000476,Dawn,Downs,Dawn Downs,dawn.downs@samplehealth.org,Revenue Cycle,Outpatient Center B,Billing Specialist,E00194,2017-02-14,Terminated,2022-07-02
E00477,P000477,Edward,Jones,Edward Jones,edward.jones@samplehealth.org,Patient Access,Outpatient Center B,Registration Coordinator,E00175,2019-02-23,Active,
E00478,P000478,Crystal,Hogan,Crystal Hogan,crystal.hogan@samplehealth.org,Patient Access,Cancer Center,Registration Coordinator,E00222,2021-09-07,Active,
E00479,P000479,Brian,Romero,Brian Romero,brian.romero@samplehealth.org,Revenue Cycle,South Hospital,Billing Specialist,E00113,2016-11-26,Terminated,2024-10-04
E00480,P000480,Shannon,Brown,Shannon Brown,shannon.brown@samplehealth.org,Pharmacy,Outpatient Center B,Pharmacy Technician,E00162,2025-10-09,Active,
E00481,,Justin,Newman,Justin Newman,justin.newman@samplehealth.org,Finance,Central Medical Center,Accountant,E00091,2026-03-05,Active,
E00482,P000482,Christopher,Wheeler,Christopher Wheeler,christopher.wheeler@samplehealth.org,Emergency Services,Children's Hospital,Emergency Department Technician,E00119,2018-03-02,Active,
E00483,P000483,Steven,Spencer,Steven Spencer,steven.spencer@samplehealth.org,Laboratory,Central Medical Center,Lab Technician,E00095,2025-02-04,Active,
E00484,P000484,Joanne,Williams,Joanne Williams,joanne.williams@samplehealth.org,Finance,North Hospital,Financial Analyst,E00158,2025-05-27,Active,
E00485,P000485,Ashley,Lopez,Ashley Lopez,ashley.lopez@samplehealth.org,Patient Access,Outpatient Center A,Registration Coordinator,E00119,2021-12-01,Active,
E00486,P000486,Thomas,Hernandez,Thomas Hernandez,thomas.hernandez@samplehealth.org,Patient Access,Central Medical Center,Registration Coordinator,E00116,2012-09-04,Active,
E00487,P000487,Shannon,Shepherd,Shannon Shepherd,shannon.shepherd@samplehealth.org,Patient Access,West Hospital,Registration Coordinator,E00083,2025-11-14,Active,
E00488,P000488,Matthew,Klein,Matthew Klein,matthew.klein@samplehealth.org,Patient Access,South Hospital,Patient Access Specialist,E00246,2020-03-17,Active,
E00489,P000489,Debbie,Williams,Debbie Williams,debbie.williams@samplehealth.org,Nursing,North Hospital,Nurse Manager,E00208,2023-08-31,Terminated,2025-07-11
E00490,P000490,Vickie,Warren,Vickie Warren,vickie.warren@samplehealth.org,Facilities,North Hospital,Facilities Manager,E00130,2021-12-31,Active,
E00491,P000491,Erik,Watson,Erik Watson,erik.watson@samplehealth.org,Revenue Cycle,Central Medical Center,Revenue Cycle Analyst,E00064,2016-06-08,Active,
E00492,P000492,Paul,Schroeder,Paul Schroeder,paul.schroeder@samplehealth.org,Clinical Operations,Outpatient Center B,Clinical Analyst,E00135,2023-03-05,Active,
E00493,P000493,Carla,Mccormick,Carla Mccormick,carla.mccormick@samplehealth.org,Emergency Services,South Hospital,Registered Nurse,E00094,2022-08-21,Active,
E00494,P000494,Matthew,Rivera,Matthew Rivera,matthew.rivera@samplehealth.org,Facilities,Outpatient Center A,Maintenance Coordinator,E00105,2021-02-12,Active,
E00495,P000495,Erika,Mitchell,Erika Mitchell,erika.mitchell@samplehealth.org,Facilities,Central Medical Center,Facilities Manager,E00203,2023-12-09,Active,
E00496,P000496,Melissa,Brandt,Melissa Brandt,melissa.brandt@samplehealth.org,Revenue Cycle,Cancer Center,Claims Analyst,E00017,2021-11-17,Active,
E00497,P000497,Morgan,Cook,Morgan Cook,morgan.cook@samplehealth.org,Facilities,Outpatient Center A,Facilities Technician,E00073,2021-07-16,Active,
E00498,P000498,Elizabeth,Rangel,Elizabeth Rangel,elizabeth.rangel@samplehealth.org,Finance,South Hospital,Revenue Analyst,E00086,2016-11-25,Active,
E00499,P000499,Tammy,Hale,Tammy Hale,tammy.hale@samplehealth.org,Pharmacy,South Hospital,Pharmacy Manager,E00235,2018-04-17,Terminated,2019-05-22
E00500,P000500,Brooke,Hurley,Brooke Hurley,brooke.hurley@samplehealth.org,Facilities,Outpatient Center A,Maintenance Coordinator,E00034,2016-11-21,Terminated,2026-05-26
E00501,P000501,Nicholas,Conner,Nicholas Conner,nicholas.conner@samplehealth.org,Patient Access,North Hospital,Registration Coordinator,E00080,2025-06-16,Active,
E00502,P000502,David,Warner,David Warner,david.warner@samplehealth.org,Emergency Services,Cancer Center,Emergency Services Coordinator,E00209,2024-03-11,Active,
E00503,P000503,Wendy,Gaines,Wendy Gaines,wendy.gaines@samplehealth.org,Information Technology,Outpatient Center A,Data Analyst,E00131,2013-03-19,Active,
E00504,P000504,Debbie,Henderson,Debbie Henderson,debbie.henderson@samplehealth.org,Facilities,Cancer Center,Facilities Technician,E00080,2017-10-12,Active,
E00505,P000505,Andrew,Parker,Andrew Parker,andrew.parker@samplehealth.org,Information Technology,Cancer Center,Business Analyst,E00243,2015-04-08,Active,
E00506,P000506,Matthew,Miranda,Matthew Miranda,matthew.miranda@samplehealth.org,Laboratory,West Hospital,Lab Technician,E00036,2014-11-22,Active,
E00507,P000507,Jeremy,Taylor,Jeremy Taylor,jeremy.taylor@samplehealth.org,Information Technology,Children's Hospital,Data Analyst,E00217,2012-12-08,Active,
E00508,P000508,Kenneth,French,Kenneth French,kenneth.french@samplehealth.org,Pharmacy,Central Medical Center,Pharmacy Manager,E00170,2020-04-05,Active,
E00509,P000509,Kelli,Conley,Kelli Conley,kelli.conley@samplehealth.org,Facilities,South Hospital,Facilities Manager,E00153,2020-07-31,Leave,
E00510,P000510,Benjamin,Rogers,Benjamin Rogers,benjamin.rogers@samplehealth.org,Radiology,South Hospital,Radiology Technician,E00047,2024-08-29,Active,
E00511,P000511,Christine,Harper,Christine Harper,christine.harper@samplehealth.org,,South Hospital,Operations Manager,E00185,2014-04-01,Active,
E00512,P000512,Francis,Guerra,Francis Guerra,francis.guerra@samplehealth.org,Laboratory,Outpatient Center A,Lab Technician,E00094,2024-09-28,Active,
E00513,P000513,Colleen,Orr,Colleen Orr,colleen.orr@samplehealth.org,Revenue Cycle,West Hospital,Claims Analyst,E00249,2023-11-23,Leave,
E00514,P000514,Samuel,Jenkins,Samuel Jenkins,samuel.jenkins@samplehealth.org,Laboratory,Children's Hospital,Lab Coordinator,E00193,2023-02-17,Active,
E00515,P000515,Jennifer,Montes,Jennifer Montes,jennifer.montes@samplehealth.org,Clinical Operations,West Hospital,Clinical Analyst,E00137,2022-01-05,Active,
E00516,P000516,Justin,Goodman,Justin Goodman,justin.goodman@samplehealth.org,Human Resources,Outpatient Center B,HR Business Partner,E00232,2019-04-06,Active,
E00517,P000517,Jesus,Allen,Jesus Allen,jesus.allen@samplehealth.org,Human Resources,Outpatient Center B,HR Business Partner,E00119,2025-05-19,Active,
E00518,P000518,Kristen,Mckee,Kristen Mckee,kristen.mckee@samplehealth.org,Finance,Outpatient Center A,Accountant,E00248,2014-12-04,Active,
E00519,P000519,Micheal,Valentine,Micheal Valentine,micheal.valentine@samplehealth.org,Information Technology,South Hospital,Business Analyst,E00224,2019-02-13,Terminated,2023-01-17
E00520,P000520,Kayla,Strickland,Kayla Strickland,kayla.strickland@samplehealth.org,Finance,Outpatient Center B,Financial Analyst,E00224,2020-03-06,Active,
E00521,P000521,Allison,Burch,Allison Burch,allison.burch@samplehealth.org,Facilities,North Hospital,Facilities Manager,E00183,2025-07-09,Active,
E00522,P000522,James,Jacobs,James Jacobs,james.jacobs@samplehealth.org,Emergency Services,Children's Hospital,Emergency Department Technician,E00022,2026-06-23,Active,
E00523,P000523,John,Davidson,John Davidson,john.davidson@samplehealth.org,Information Technology,Outpatient Center B,Systems Analyst,E00232,2026-06-30,Terminated,2026-07-18
E00524,P000524,Angela,Garcia,Angela Garcia,angela.garcia@samplehealth.org,Emergency Services,Outpatient Center A,Emergency Department Technician,E00024,2026-01-06,Active,
E00525,P000525,Zachary,Martinez,Zachary Martinez,zachary.martinez@samplehealth.org,Human Resources,Cancer Center,HR Business Partner,E00239,2013-01-19,Active,
E00526,P000526,Kathryn,Nelson,Kathryn Nelson,kathryn.nelson@samplehealth.org,Nursing,Central Medical Center,Nurse Manager,E00102,2020-05-10,Active,
E00527,P000527,Dylan,Kim,Dylan Kim,dylan.kim@samplehealth.org,Emergency Services,West Hospital,Emergency Services Coordinator,E00099,2015-05-27,Active,
E00528,P000528,Lisa,Wilkerson,Lisa Wilkerson,lisa.wilkerson@samplehealth.org,Pharmacy,West Hospital,Pharmacy Technician,E00008,2012-01-29,Active,
E00529,P000529,Robert,Sanders,Robert Sanders,robert.sanders@samplehealth.org,Facilities,Cancer Center,Facilities Technician,E00203,2017-12-26,Active,
E00530,P000530,Joe,Vang,Joe Vang,joe.vang@samplehealth.org,Information Technology,Central Medical Center,Business Analyst,E00074,2018-01-01,Active,
E00531,P000531,Jeffrey,Flores,Jeffrey Flores,jeffrey.flores@samplehealth.org,Laboratory,South Hospital,Lab Coordinator,E00195,2013-04-23,Active,
E00532,P000532,Mary,Santos,Mary Santos,mary.santos@samplehealth.org,Clinical Operations,Outpatient Center B,Clinical Analyst,E00158,2025-02-01,Terminated,2025-05-25
E00533,P000533,Devin,Mitchell,Devin Mitchell,devin.mitchell@samplehealth.org,Nursing,Central Medical Center,Registered Nurse,E00066,2025-09-27,Terminated,2026-03-29
E00534,P000534,Heather,Taylor,Heather Taylor,heather.taylor@samplehealth.org,Human Resources,Outpatient Center A,HR Specialist,E00029,2023-08-18,Active,
E00535,P000535,Taylor,Gilbert,Taylor Gilbert,taylor.gilbert@samplehealth.org,Finance,Children's Hospital,Financial Analyst,E00032,2012-12-21,Active,
E00536,P000536,Andrew,Lewis,Andrew Lewis,andrew.lewis@samplehealth.org,Nursing,Outpatient Center A,Registered Nurse,E00164,2014-03-03,Leave,
E00537,P000537,Ana,Acosta,Ana Acosta,ana.acosta@samplehealth.org,Patient Access,North Hospital,Patient Access Specialist,E00029,2020-08-08,Active,
E00538,P000538,Rodney,Parsons,Rodney Parsons,rodney.parsons@samplehealth.org,Laboratory,Central Medical Center,Lab Coordinator,E00162,2015-09-01,Active,
E00539,P000539,Kevin,Williams,Kevin Williams,kevin.williams@samplehealth.org,Emergency Services,West Hospital,Registered Nurse,E00184,2018-10-07,Active,
E00540,P000540,Danielle,Dean,Danielle Dean,danielle.dean@samplehealth.org,Information Technology,Outpatient Center A,Systems Analyst,E00001,2012-09-10,Active,
E00541,P000541,Daniel,Stein,Daniel Stein,daniel.stein@samplehealth.org,Patient Access,West Hospital,Patient Access Specialist,E00147,2021-10-11,Terminated,2026-05-03
E00542,P000542,Allen,Robertson,Allen Robertson,allen.robertson@samplehealth.org,Radiology,North Hospital,Radiology Technician,E00135,2015-09-28,Active,
E00543,P000543,Jennifer,Carter,Jennifer Carter,jennifer.carter@samplehealth.org,Facilities,Central Medical Center,Facilities Technician,E00100,2011-08-26,Active,
E00544,P000544,Christina,Allen,Christina Allen,christina.allen@samplehealth.org,Laboratory,Outpatient Center A,Lab Technician,E00096,2018-09-17,Active,
E00545,P000545,Jacob,Barnett,Jacob Barnett,jacob.barnett@samplehealth.org,Finance,Central Medical Center,Revenue Analyst,E00092,2020-07-12,Active,
E00546,P000546,Theresa,Jones,Theresa Jones,theresa.jones@samplehealth.org,Pharmacy,West Hospital,Pharmacy Technician,E00188,2020-07-28,Active,
E00547,P000547,Amy,Hartman,Amy Hartman,amy.hartman@samplehealth.org,Revenue Cycle,North Hospital,Claims Analyst,E00198,2020-04-05,Active,
E00548,P000548,Angela,Myers,Angela Myers,angela.myers@samplehealth.org,Patient Access,Cancer Center,Registration Coordinator,E00035,2019-08-16,Active,
E00549,P000549,Bradley,Hughes,Bradley Hughes,bradley.hughes@samplehealth.org,Nursing,Cancer Center,Nurse Manager,E00209,2017-12-22,Active,
E00550,P000550,Jon,Smith,Jon Smith,jon.smith@samplehealth.org,Revenue Cycle,Outpatient Center B,Revenue Cycle Analyst,E00179,2025-01-14,Active,
E00551,P000551,Carlos,Allen,Carlos Allen,carlos.allen@samplehealth.org,Laboratory,South Hospital,Lab Coordinator,E00208,2022-10-21,Active,
E00552,P000552,Courtney,Ingram,Courtney Ingram,courtney.ingram@samplehealth.org,Information Technology,Outpatient Center B,Data Analyst,E00010,2024-02-18,Active,
E00553,P000553,Katherine,Anderson,Katherine Anderson,katherine.anderson@samplehealth.org,Finance,Central Medical Center,Financial Analyst,E00203,2017-08-14,Active,
E00554,P000554,Amy,Li,Amy Li,amy.li@samplehealth.org,Human Resources,Cancer Center,HR Specialist,E00239,2014-08-08,Active,
E00555,P000555,Maria,Cohen,Maria Cohen,maria.cohen@samplehealth.org,Finance,Outpatient Center A,Revenue Analyst,E00209,2023-06-15,Active,
E00556,P000556,Timothy,White,Timothy White,timothy.white@samplehealth.org,Emergency Services,Children's Hospital,Emergency Services Coordinator,E00010,2013-12-01,Active,
E00557,P000557,Bryan,Parsons,Bryan Parsons,bryan.parsons@samplehealth.org,Revenue Cycle,Children's Hospital,Revenue Cycle Analyst,E00092,2019-05-30,Active,
E00558,P000558,Benjamin,Harris,Benjamin Harris,benjamin.harris@samplehealth.org,Nursing,Cancer Center,Clinical Coordinator,E00070,2025-01-30,Active,
E00559,P000559,James,Williams,James Williams,james.williams@samplehealth.org,,Outpatient Center A,Pharmacy Technician,E00228,2016-11-24,Active,
E00560,P000560,Zachary,Hays,Zachary Hays,zachary.hays@samplehealth.org,Radiology,Outpatient Center B,Radiology Coordinator,E00230,2020-11-11,Active,
E00561,P000561,Thomas,Johnson,Thomas Johnson,thomas.johnson@samplehealth.org,Radiology,South Hospital,Imaging Specialist,E00128,2022-08-18,Active,
E00562,P000562,James,Kelly,James Kelly,james.kelly@samplehealth.org,Clinical Operations,Cancer Center,Clinical Analyst,E00237,2024-11-27,Active,
E00563,P000563,Brandon,Rios,Brandon Rios,brandon.rios@samplehealth.org,Emergency Services,North Hospital,Emergency Services Coordinator,E00187,2016-04-09,Active,
E00564,P000564,David,Richardson,David Richardson,david.richardson@samplehealth.org,Radiology,Outpatient Center A,Radiology Technician,E00155,2018-06-06,Active,
E00565,P000565,Julia,Kline,Julia Kline,julia.kline@samplehealth.org,Information Technology,Cancer Center,Systems Analyst,E00027,2018-03-15,Active,
E00566,P000566,Matthew,Lopez,Matthew Lopez,matthew.lopez@samplehealth.org,Pharmacy,Children's Hospital,Pharmacy Technician,E00079,2023-05-26,Active,
E00567,P000567,Tyler,Glass,Tyler Glass,tyler.glass@samplehealth.org,Laboratory,Outpatient Center A,Lab Coordinator,E00043,2020-06-16,Active,
E00568,P000568,Joseph,Miller,Joseph Miller,joseph.miller@samplehealth.org,Clinical Operations,Cancer Center,Clinical Analyst,E00115,2018-11-05,Active,
E00569,P000569,Christian,Morrison,Christian Morrison,christian.morrison@samplehealth.org,Nursing,Cancer Center,Clinical Coordinator,E00158,2025-08-12,Active,
E00570,P000570,Henry,Carter,Henry Carter,henry.carter@samplehealth.org,Radiology,Central Medical Center,Imaging Specialist,E00020,2013-05-15,Active,
E00571,P000571,Christopher,Guerrero,Christopher Guerrero,christopher.guerrero@samplehealth.org,Revenue Cycle,Outpatient Center A,Claims Analyst,E00094,2016-11-02,Active,
E00572,P000572,Sean,Robbins,Sean Robbins,sean.robbins@samplehealth.org,Emergency Services,South Hospital,Registered Nurse,E00244,2014-06-17,Active,
E00573,P000573,Hannah,Bell,Hannah Bell,hannah.bell@samplehealth.org,Nursing,Outpatient Center B,Registered Nurse,E00009,2012-05-06,Active,
E00574,P000574,Jessica,Buck,Jessica Buck,jessica.buck@samplehealth.org,Information Technology,West Hospital,Data Analyst,E00200,2022-01-31,Active,
E00575,P000575,Whitney,Hill,Whitney Hill,whitney.hill@samplehealth.org,Revenue Cycle,Cancer Center,Billing Specialist,E00099,2025-02-02,Active,
E00576,P000576,Stacy,Jones,Stacy Jones,stacy.jones@samplehealth.org,Patient Access,South Hospital,Patient Access Representative,E00174,2022-06-21,Leave,
E00577,P000577,Richard,Palmer,Richard Palmer,richard.palmer@samplehealth.org,Laboratory,Cancer Center,Laboratory Specialist,E00114,2024-05-19,Active,
E00578,P000578,Erin,Cisneros,Erin Cisneros,erin.cisneros@samplehealth.org,Pharmacy,South Hospital,Pharmacy Manager,E00136,2014-01-20,Leave,
E00579,P000579,Melinda,Gregory,Melinda Gregory,melinda.gregory@samplehealth.org,Facilities,Cancer Center,Maintenance Coordinator,E00167,2019-01-29,Active,
E00580,P000580,Austin,Jones,Austin Jones,austin.jones@samplehealth.org,Finance,North Hospital,Financial Analyst,E00007,2024-11-13,Active,
E00581,P000581,Deanna,Cox,Deanna Cox,deanna.cox@samplehealth.org,Clinical Operations,Outpatient Center B,Operations Coordinator,E00133,2021-04-10,Active,
E00582,P000582,Antonio,Hernandez,Antonio Hernandez,antonio.hernandez@samplehealth.org,Radiology,North Hospital,Radiology Coordinator,E00068,2019-04-12,Terminated,2022-06-07
E00583,P000583,Nathan,Hines,Nathan Hines,nathan.hines@samplehealth.org,Finance,Outpatient Center B,Revenue Analyst,E00055,2021-05-22,Active,
E00584,P000584,Devin,Richardson,Devin Richardson,devin.richardson@samplehealth.org,Patient Access,Outpatient Center B,Patient Access Specialist,E00052,2016-12-21,Active,
E00585,P000585,Debra,Wright,Debra Wright,debra.wright@samplehealth.org,Pharmacy,North Hospital,Pharmacist,E00116,2013-07-21,Active,
E00586,P000586,Anthony,Lopez,Anthony Lopez,anthony.lopez@samplehealth.org,Information Technology,North Hospital,Application Analyst,E00208,2020-06-07,Active,
E00587,P000587,Paul,Hoffman,Paul Hoffman,paul.hoffman@samplehealth.org,Revenue Cycle,Cancer Center,Billing Specialist,E00182,2016-01-29,Active,
E00588,P000588,Kimberly,Padilla,Kimberly Padilla,kimberly.padilla@samplehealth.org,Pharmacy,Children's Hospital,Pharmacy Manager,E00229,2015-04-11,Active,
E00589,P000589,Wendy,Mitchell,Wendy Mitchell,wendy.mitchell@samplehealth.org,Finance,South Hospital,Financial Analyst,E00204,2019-12-25,Active,
E00590,P000590,James,Taylor,James Taylor,james.taylor@samplehealth.org,Facilities,West Hospital,Facilities Manager,E00032,2012-11-19,Active,
E00591,P000591,Shannon,Roach,Shannon Roach,shannon.roach@samplehealth.org,Human Resources,West Hospital,HR Specialist,E00203,2019-03-13,Active,
E00592,P000592,Wendy,Cochran,Wendy Cochran,wendy.cochran@samplehealth.org,Laboratory,Cancer Center,Lab Technician,E00142,2026-01-03,Active,
E00593,P000593,Valerie,Contreras,Valerie Contreras,valerie.contreras@samplehealth.org,Patient Access,Outpatient Center B,Patient Access Specialist,E00206,2023-09-11,Active,
E00594,P000594,Calvin,Daniels,Calvin Daniels,calvin.daniels@samplehealth.org,Emergency Services,North Hospital,Emergency Department Technician,E00017,2016-09-22,Active,
E00595,P000595,Melissa,Joseph,Melissa Joseph,melissa.joseph@samplehealth.org,Finance,Outpatient Center B,Accountant,E00135,2023-07-16,Active,
E00596,P000596,Dana,Leon,Dana Leon,dana.leon@samplehealth.org,Radiology,North Hospital,Imaging Specialist,E00033,2020-04-12,Active,
E00597,P000597,Jeffrey,Galloway,Jeffrey Galloway,jeffrey.galloway@samplehealth.org,Facilities,North Hospital,Facilities Manager,E00116,2025-02-05,Active,
E00598,P000598,Dominic,Tyler,Dominic Tyler,dominic.tyler@samplehealth.org,Laboratory,Cancer Center,Lab Coordinator,E00033,2012-01-27,Active,
E00599,P000599,Michael,Armstrong,Michael Armstrong,michael.armstrong@samplehealth.org,Emergency Services,South Hospital,Registered Nurse,E00197,2019-07-30,Active,
E00600,P000600,Linda,Arnold,Linda Arnold,linda.arnold@samplehealth.org,Information Technology,Central Medical Center,Application Analyst,E00213,2022-01-13,Active,
E00601,P000601,Nicole,Jones,Nicole Jones,nicole.jones@samplehealth.org,Pharmacy,South Hospital,Pharmacy Manager,E00078,2018-05-26,Active,
E00602,P000602,Yvonne,Higgins,Yvonne Higgins,yvonne.higgins@samplehealth.org,Information Technology,Cancer Center,Business Analyst,E00240,2020-07-26,Active,
E00603,P000603,Robert,Ortiz,Robert Ortiz,robert.ortiz@samplehealth.org,Clinical Operations,Cancer Center,Operations Coordinator,E00243,2021-05-28,Active,
E00604,P000604,Charles,Compton,Charles Compton,charles.compton@samplehealth.org,Emergency Services,North Hospital,Emergency Services Coordinator,E00065,2022-07-21,Active,
E00605,P000605,Charles,Owens,Charles Owens,charles.owens@samplehealth.org,Human Resources,Children's Hospital,Learning Specialist,E00033,2020-06-04,Active,
E00606,P000606,Melvin,Humphrey,Melvin Humphrey,melvin.humphrey@samplehealth.org,Revenue Cycle,North Hospital,Billing Specialist,E00129,2024-11-24,Active,
E00607,P000607,Andrea,Matthews,Andrea Matthews,andrea.matthews@samplehealth.org,Revenue Cycle,South Hospital,Revenue Cycle Analyst,E00044,2024-09-07,Active,
E00608,P000608,Tammy,Reynolds,Tammy Reynolds,tammy.reynolds@samplehealth.org,Revenue Cycle,Cancer Center,Claims Analyst,E00216,2026-05-24,Active,
E00609,P000609,Brian,Martinez,Brian Martinez,brian.martinez@samplehealth.org,Patient Access,Central Medical Center,Patient Access Representative,E00021,2014-03-24,Active,
E00610,P000610,Kevin,Martin,Kevin Martin,kevin.martin@samplehealth.org,Nursing,Children's Hospital,Clinical Coordinator,E00167,2023-09-10,Active,
E00611,P000611,Jeremiah,Meza,Jeremiah Meza,jeremiah.meza@samplehealth.org,Human Resources,Outpatient Center A,Learning Specialist,E00159,2020-06-14,Active,
E00612,P000612,Patty,Singleton,Patty Singleton,patty.singleton@samplehealth.org,Revenue Cycle,Outpatient Center B,Revenue Cycle Analyst,E00228,2015-11-21,Active,
E00613,P000613,James,Huber,James Huber,james.huber@samplehealth.org,Revenue Cycle,Children's Hospital,Claims Analyst,E00165,2016-04-17,Active,
E00614,P000614,David,Turner,David Turner,david.turner@samplehealth.org,Finance,West Hospital,Accountant,E00207,2020-09-12,Active,
E00615,P000615,Clarence,Davidson,Clarence Davidson,clarence.davidson@samplehealth.org,Revenue Cycle,Children's Hospital,Billing Specialist,E00117,2021-09-10,Active,
E00616,P000616,Shelly,Moore,Shelly Moore,shelly.moore@samplehealth.org,Pharmacy,Central Medical Center,Pharmacy Manager,E00041,2022-10-31,Leave,
E00617,P000617,Claudia,Winters,Claudia Winters,claudia.winters@samplehealth.org,Laboratory,Outpatient Center B,Laboratory Specialist,E00119,2017-05-14,Active,
E00618,P000618,Megan,Elliott,Megan Elliott,megan.elliott@samplehealth.org,Human Resources,South Hospital,HR Business Partner,E00081,2025-08-30,Active,
E00619,P000619,Michelle,Miller,Michelle Miller,michelle.miller@samplehealth.org,Clinical Operations,Cancer Center,Clinical Analyst,E00250,2022-07-15,Active,
E00620,P000620,Kelli,Baker,Kelli Baker,kelli.baker@samplehealth.org,Radiology,Cancer Center,Radiology Technician,E00132,2015-03-18,Active,
E00621,P000621,Katie,Butler,Katie Butler,katie.butler@samplehealth.org,Emergency Services,Cancer Center,Emergency Department Technician,E00062,2022-06-30,Active,
E00622,P000622,Anthony,Small,Anthony Small,anthony.small@samplehealth.org,Laboratory,Children's Hospital,Lab Technician,E00116,2020-11-27,Active,
E00623,P000623,Keith,Frye,Keith Frye,keith.frye@samplehealth.org,Human Resources,North Hospital,HR Specialist,E00013,2019-11-03,Active,
E00624,P000624,John,Aguirre,John Aguirre,john.aguirre@samplehealth.org,Finance,Outpatient Center A,Accountant,E00064,2018-07-14,Active,
E00625,P000625,Kenneth,Jones,Kenneth Jones,kenneth.jones@samplehealth.org,Information Technology,Cancer Center,Systems Analyst,E00049,2012-08-23,Active,
E00626,P000626,Eric,Perry,Eric Perry,eric.perry@samplehealth.org,Information Technology,Outpatient Center B,Application Analyst,E00128,2019-07-11,Active,
E00627,P000627,James,Lawson,James Lawson,james.lawson@samplehealth.org,Finance,Central Medical Center,Accountant,E00024,2016-12-10,Active,
E00628,P000628,Michelle,Flores,Michelle Flores,michelle.flores@samplehealth.org,Radiology,Outpatient Center B,Radiology Coordinator,E00248,2026-04-08,Active,
E00629,P000629,Michael,Ross,Michael Ross,michael.ross@samplehealth.org,Human Resources,Cancer Center,HR Specialist,E00013,2024-07-25,Active,
E00630,P000630,Mitchell,Hoffman,Mitchell Hoffman,mitchell.hoffman@samplehealth.org,Nursing,Outpatient Center B,Nurse Manager,E00153,2017-01-19,Active,
E00631,P000631,John,Martinez,John Martinez,john.martinez@samplehealth.org,Revenue Cycle,Outpatient Center B,Claims Analyst,E00074,2019-04-10,Active,
E00632,P000632,John,Davis,John Davis,john.davis@samplehealth.org,Emergency Services,North Hospital,Emergency Department Technician,E00111,2016-07-24,Active,
E00633,P000633,Sonia,Lin,Sonia Lin,sonia.lin@samplehealth.org,Information Technology,Cancer Center,Systems Analyst,E00196,2018-09-27,Active,
E00634,P000634,John,Grimes,John Grimes,john.grimes@samplehealth.org,Radiology,Central Medical Center,Imaging Specialist,E00103,2014-05-05,Active,
E00635,P000635,Lisa,Peck,Lisa Peck,lisa.peck@samplehealth.org,Nursing,West Hospital,Clinical Coordinator,E00093,2023-11-22,Active,
E00636,P000636,Larry,Hines,Larry Hines,larry.hines@samplehealth.org,Emergency Services,North Hospital,Emergency Services Coordinator,E00099,2020-02-07,Active,
E00637,P000637,Wendy,Owens,Wendy Owens,wendy.owens@samplehealth.org,Emergency Services,Children's Hospital,Emergency Services Coordinator,E00212,2026-07-31,Active,
E00638,P000638,Kyle,Johnson,Kyle Johnson,kyle.johnson@samplehealth.org,Patient Access,North Hospital,Registration Coordinator,E00033,2018-04-25,Active,
E00639,P000639,William,Levy,William Levy,william.levy@samplehealth.org,Pharmacy,Cancer Center,Pharmacy Technician,E00204,2015-04-14,Active,
E00640,P000640,Brandy,Williams,Brandy Williams,brandy.williams@samplehealth.org,Facilities,Cancer Center,Facilities Manager,E00194,2016-05-30,Active,
E00641,P000641,Troy,Khan,Troy Khan,troy.khan@samplehealth.org,Information Technology,Outpatient Center A,Business Analyst,E00129,2022-10-03,Active,
E00642,P000642,Emily,Mitchell,Emily Mitchell,emily.mitchell@samplehealth.org,Nursing,Central Medical Center,Registered Nurse,E00036,2011-10-06,Active,
E00643,P000643,Melanie,Jordan,Melanie Jordan,melanie.jordan@samplehealth.org,Clinical Operations,Outpatient Center B,Clinical Analyst,E00133,2016-02-15,Active,
E00644,P000644,Jessica,Gallagher,Jessica Gallagher,jessica.gallagher@samplehealth.org,Laboratory,South Hospital,Lab Technician,E00084,2017-11-06,Active,
E00645,P000645,Brandon,Williams,Brandon Williams,brandon.williams@samplehealth.org,Patient Access,South Hospital,Patient Access Specialist,E00101,2021-03-08,Active,
E00646,P000646,James,Tran,James Tran,james.tran@samplehealth.org,Patient Access,Children's Hospital,Registration Coordinator,E00152,2012-11-15,Active,
E00647,P000647,Paul,Cole,Paul Cole,paul.cole@samplehealth.org,Facilities,Outpatient Center B,Facilities Manager,E00182,2020-12-23,Active,
E00648,P000648,Joshua,Hays,Joshua Hays,joshua.hays@samplehealth.org,Patient Access,Outpatient Center B,Patient Access Specialist,E00209,2023-03-14,Active,
E00649,P000649,Cheryl,Anderson,Cheryl Anderson,cheryl.anderson@samplehealth.org,Nursing,Cancer Center,Nurse Manager,E00173,2013-04-08,Active,
E00650,P000650,Phillip,Norton,Phillip Norton,phillip.norton@samplehealth.org,Pharmacy,Children's Hospital,Pharmacy Technician,E00204,2017-05-24,Active,
E00651,P000651,Angela,Diaz,Angela Diaz,angela.diaz@samplehealth.org,Clinical Operations,Central Medical Center,Operations Manager,E00153,2014-01-29,Active,
E00652,P000652,James,Hicks,James Hicks,james.hicks@samplehealth.org,Laboratory,West Hospital,Laboratory Specialist,E00185,2020-02-18,Active,
E00653,P000653,Billy,Williams,Billy Williams,billy.williams@samplehealth.org,Nursing,Outpatient Center B,Clinical Coordinator,E00044,2023-10-07,Active,
E00654,P000654,Mason,Wells,Mason Wells,mason.wells@samplehealth.org,Emergency Services,Outpatient Center A,Registered Nurse,E00038,2019-05-26,Active,
E00655,P000655,Eduardo,Barry,Eduardo Barry,eduardo.barry@samplehealth.org,Revenue Cycle,Central Medical Center,Revenue Cycle Analyst,E00147,2014-01-01,Active,
E00656,P000656,Mark,Austin,Mark Austin,mark.austin@samplehealth.org,Clinical Operations,West Hospital,Operations Coordinator,E00005,2014-05-22,Active,
E00657,P000657,Phillip,Jensen,Phillip Jensen,phillip.jensen@samplehealth.org,Laboratory,Outpatient Center A,Laboratory Specialist,E00039,2025-12-16,Active,
E00658,P000658,Kevin,Rogers,Kevin Rogers,kevin.rogers@samplehealth.org,Radiology,West Hospital,Radiology Coordinator,E00106,2025-09-18,Active,
E00659,P000659,William,Burns,William Burns,william.burns@samplehealth.org,Emergency Services,Outpatient Center B,Registered Nurse,E00224,2021-03-14,Active,
E00660,P000660,Kevin,Cabrera,Kevin Cabrera,kevin.cabrera@samplehealth.org,Clinical Operations,Central Medical Center,Operations Manager,E00181,2017-11-21,Active,
E00661,P000661,Mark,Rodriguez,Mark Rodriguez,mark.rodriguez@samplehealth.org,Information Technology,Cancer Center,Business Analyst,E00170,2018-09-17,Active,
E00662,P000662,Brandy,Robles,Brandy Robles,brandy.robles@samplehealth.org,Laboratory,Outpatient Center A,Lab Coordinator,E00081,2023-12-19,Terminated,2024-01-29
E00663,P000663,Candice,Baker,Candice Baker,candice.baker@samplehealth.org,Information Technology,Cancer Center,Application Analyst,E00140,2022-10-11,Active,
E00664,P000664,Krista,Parsons,Krista Parsons,krista.parsons@samplehealth.org,Facilities,Children's Hospital,Facilities Manager,E00157,2021-06-14,Active,
E00665,P000665,Jeremy,Williams,Jeremy Williams,jeremy.williams@samplehealth.org,Laboratory,West Hospital,Lab Technician,E00072,2019-10-19,Active,
E00666,P000666,George,Fuller,George Fuller,george.fuller@samplehealth.org,Emergency Services,West Hospital,Emergency Services Coordinator,E00242,2022-03-02,Active,
E00667,P000667,Kim,James,Kim James,kim.james@samplehealth.org,Finance,West Hospital,Accountant,E00177,2025-08-08,Active,
E00668,P000668,Erin,Johnson,Erin Johnson,erin.johnson@samplehealth.org,Clinical Operations,Cancer Center,Clinical Analyst,E00123,2023-07-17,Active,
E00669,P000669,Daniel,Smith,Daniel Smith,daniel.smith@samplehealth.org,Facilities,Children's Hospital,Facilities Manager,E00074,2016-12-17,Active,
E00670,P000670,Robert,Gutierrez,Robert Gutierrez,robert.gutierrez@samplehealth.org,Pharmacy,Outpatient Center A,Pharmacy Manager,E00230,2015-02-03,Active,
E00671,P000671,Robert,Hampton,Robert Hampton,robert.hampton@samplehealth.org,Radiology,South Hospital,Imaging Specialist,E00075,2019-08-25,Active,
E00672,P000672,Monique,Fitzgerald,Monique Fitzgerald,monique.fitzgerald@samplehealth.org,Nursing,North Hospital,Nurse Manager,E00089,2012-09-07,Active,
E00673,P000673,Janice,Stone,Janice Stone,janice.stone@samplehealth.org,Laboratory,Children's Hospital,Lab Coordinator,E00192,2021-03-02,Active,
E00674,P000674,Mark,Bates,Mark Bates,mark.bates@samplehealth.org,Laboratory,West Hospital,Lab Technician,E00212,2020-07-25,Active,
E00675,P000675,Nicholas,Frye,Nicholas Frye,nicholas.frye@samplehealth.org,Emergency Services,Children's Hospital,Emergency Services Coordinator,E00036,2019-06-12,Active,
E00676,P000676,Rhonda,Peterson,Rhonda Peterson,rhonda.peterson@samplehealth.org,Pharmacy,West Hospital,Pharmacy Manager,E00063,2017-08-26,Terminated,2022-02-23
E00677,P000677,Chelsea,Lee,Chelsea Lee,chelsea.lee@samplehealth.org,Nursing,West Hospital,Clinical Coordinator,E00164,2015-10-26,Active,
E00678,P000678,Joshua,Evans,Joshua Evans,joshua.evans@samplehealth.org,Human Resources,North Hospital,HR Specialist,E00106,2016-09-08,Active,
E00679,P000679,Kellie,Bush,Kellie Bush,kellie.bush@samplehealth.org,Facilities,Outpatient Center B,Facilities Manager,E00026,2023-05-15,Terminated,2026-05-14
E00680,P000680,Tracy,Castillo,Tracy Castillo,tracy.castillo@samplehealth.org,Revenue Cycle,Central Medical Center,Revenue Cycle Analyst,E00247,2021-02-27,Active,
E00681,P000681,Sarah,Pope,Sarah Pope,sarah.pope@samplehealth.org,Emergency Services,Outpatient Center A,Emergency Department Technician,E00168,2016-04-11,Active,
E00682,P000682,Keith,Berry,Keith Berry,keith.berry@samplehealth.org,Laboratory,West Hospital,Laboratory Specialist,E00194,2020-11-12,Active,
E00683,P000683,Noah,Baird,Noah Baird,noah.baird@samplehealth.org,Finance,Children's Hospital,Accountant,E00166,2025-07-19,Active,
E00684,P000684,Michael,Mejia,Michael Mejia,michael.mejia@samplehealth.org,Nursing,West Hospital,Registered Nurse,E00137,2014-02-12,Active,
E00685,P000685,Kelly,Roberts,Kelly Roberts,kelly.roberts@samplehealth.org,Clinical Operations,Central Medical Center,Operations Manager,E00234,2023-10-10,Leave,
E00686,P000686,Christian,Bradshaw,Christian Bradshaw,christian.bradshaw@samplehealth.org,Information Technology,South Hospital,Application Analyst,E00240,2022-10-14,Active,
E00687,P000687,Jonathan,Mendoza,Jonathan Mendoza,jonathan.mendoza@samplehealth.org,Nursing,Outpatient Center B,Nurse Manager,E00048,2015-01-23,Active,
E00688,P000688,Maria,Nelson,Maria Nelson,maria.nelson@samplehealth.org,Clinical Operations,Central Medical Center,Clinical Analyst,E00003,2021-03-09,Active,
E00689,P000689,Heather,Taylor,Heather Taylor,heather.taylor@samplehealth.org,Finance,North Hospital,Revenue Analyst,E00238,2022-02-05,Active,
E00690,P000690,Joyce,Allen,Joyce Allen,joyce.allen@samplehealth.org,Facilities,Outpatient Center B,Maintenance Coordinator,E00165,2012-06-27,Active,
E00691,P000691,Elizabeth,Schmidt,Elizabeth Schmidt,elizabeth.schmidt@samplehealth.org,Emergency Services,Outpatient Center B,Registered Nurse,E00228,2022-06-24,Active,
E00692,P000692,Jesse,Garcia,Jesse Garcia,jesse.garcia@samplehealth.org,Information Technology,Children's Hospital,Application Analyst,E00050,2017-03-30,Active,
E00693,P000693,Jennifer,Garcia,Jennifer Garcia,jennifer.garcia@samplehealth.org,Pharmacy,South Hospital,Pharmacy Technician,E00188,2024-09-26,Active,
E00694,P000694,Derrick,Oconnell,Derrick Oconnell,derrick.oconnell@samplehealth.org,Laboratory,Children's Hospital,Lab Coordinator,E00184,2014-04-24,Active,
E00695,P000695,Richard,Donovan,Richard Donovan,richard.donovan@samplehealth.org,Information Technology,Cancer Center,Data Analyst,E00203,2026-07-27,Active,
E00696,P000696,Thomas,Santos,Thomas Santos,thomas.santos@samplehealth.org,Finance,West Hospital,Revenue Analyst,E00045,2024-06-26,Active,
E00697,P000697,Tamara,Morris,Tamara Morris,tamara.morris@samplehealth.org,Patient Access,Outpatient Center A,Registration Coordinator,E00212,2022-08-12,Active,
E00698,P000698,Brian,Mack,Brian Mack,brian.mack@samplehealth.org,Radiology,Cancer Center,Radiology Coordinator,E00023,2022-09-21,Active,
E00699,P000699,Audrey,Nichols,Audrey Nichols,audrey.nichols@samplehealth.org,Radiology,North Hospital,Radiology Coordinator,E00048,2023-12-05,Active,
E00700,P000700,Melissa,Johnson,Melissa Johnson,melissa.johnson@samplehealth.org,Information Technology,Cancer Center,Application Analyst,E00240,2014-08-08,Active,
E00701,P000701,Robert,Monroe,Robert Monroe,robert.monroe@samplehealth.org,Human Resources,Children's Hospital,HR Specialist,E00099,2012-03-29,Active,
E00702,P000702,Wendy,Sanders,Wendy Sanders,wendy.sanders@samplehealth.org,Human Resources,Children's Hospital,HR Business Partner,E00245,2020-01-20,Active,
E00703,P000703,Jacob,Curry,Jacob Curry,jacob.curry@samplehealth.org,Facilities,Central Medical Center,Maintenance Coordinator,E00067,2026-06-19,Active,
E00704,P000704,Sara,Mcdowell,Sara Mcdowell,sara.mcdowell@samplehealth.org,Revenue Cycle,West Hospital,Billing Specialist,E00016,2011-10-13,Active,
E00705,P000705,Kenneth,Morrison,Kenneth Morrison,kenneth.morrison@samplehealth.org,Revenue Cycle,Outpatient Center B,Revenue Cycle Analyst,E00079,2017-04-28,Active,
E00706,P000706,Justin,Hays,Justin Hays,justin.hays@samplehealth.org,Information Technology,Children's Hospital,Application Analyst,E00177,2020-11-12,Terminated,2025-04-29
E00707,P000707,Troy,Mays,Troy Mays,troy.mays@samplehealth.org,Pharmacy,Children's Hospital,Pharmacy Manager,E00095,2026-02-07,Active,
E00708,P000708,William,Nelson,William Nelson,william.nelson@samplehealth.org,Patient Access,West Hospital,Patient Access Representative,E00246,2025-05-20,Active,
E00709,P000709,Daniel,Martin,Daniel Martin,daniel.martin@samplehealth.org,Information Technology,South Hospital,Application Analyst,E00117,2019-06-07,Active,
E00710,P000710,Deborah,Higgins,Deborah Higgins,deborah.higgins@samplehealth.org,Clinical Operations,Cancer Center,Operations Manager,E00107,2011-11-12,Active,
E00711,P000711,Jill,Gibbs,Jill Gibbs,jill.gibbs@samplehealth.org,Clinical Operations,Outpatient Center B,Operations Manager,E00194,2021-04-14,Active,
E00712,P000712,Emily,Lee,Emily Lee,emily.lee@samplehealth.org,Emergency Services,West Hospital,Registered Nurse,E00196,2022-01-07,Active,
E00713,P000713,Melissa,Prince,Melissa Prince,melissa.prince@samplehealth.org,Human Resources,North Hospital,Learning Specialist,E00135,2025-09-10,Active,
E00714,P000714,Ronald,Murphy,Ronald Murphy,ronald.murphy@samplehealth.org,Laboratory,Cancer Center,Lab Coordinator,E00020,2018-06-11,Active,
E00715,P000715,Elizabeth,Lopez,Elizabeth Lopez,elizabeth.lopez@samplehealth.org,Patient Access,Central Medical Center,Patient Access Representative,E00213,2014-01-06,Active,
E00716,P000716,Thomas,Boyle,Thomas Boyle,thomas.boyle@samplehealth.org,Emergency Services,West Hospital,Registered Nurse,E00147,2011-09-28,Leave,
E00717,P000717,Jose,Young,Jose Young,jose.young@samplehealth.org,Emergency Services,South Hospital,Emergency Department Technician,E00084,2024-06-12,Active,
E00718,P000718,Joseph,Rivera,Joseph Rivera,joseph.rivera@samplehealth.org,Emergency Services,North Hospital,Emergency Services Coordinator,E00175,2021-07-14,Terminated,2026-05-28
E00719,P000719,Alexander,Valdez,Alexander Valdez,alexander.valdez@samplehealth.org,Human Resources,Outpatient Center B,Learning Specialist,E00024,2023-05-30,Active,
E00720,P000720,Joel,Contreras,Joel Contreras,joel.contreras@samplehealth.org,Emergency Services,Central Medical Center,Emergency Services Coordinator,E00117,2019-07-17,Active,
E00721,P000721,Kurt,Sullivan,Kurt Sullivan,kurt.sullivan@samplehealth.org,Information Technology,Outpatient Center B,Application Analyst,E00145,2020-03-04,Leave,
E00722,P000722,Sandra,Barron,Sandra Barron,sandra.barron@samplehealth.org,Nursing,Outpatient Center B,Clinical Coordinator,E00173,2024-09-20,Active,
E00723,P000723,Larry,Wilson,Larry Wilson,larry.wilson@samplehealth.org,Finance,Central Medical Center,Revenue Analyst,E00102,2016-08-23,Active,
E00724,P000724,Michael,Walker,Michael Walker,michael.walker@samplehealth.org,Finance,West Hospital,Financial Analyst,E00149,2013-11-23,Active,
E00725,P000725,Timothy,Gibson,Timothy Gibson,timothy.gibson@samplehealth.org,Pharmacy,Outpatient Center A,Pharmacist,E00089,2021-12-05,Active,
E00726,P000726,Nathaniel,Miles,Nathaniel Miles,nathaniel.miles@samplehealth.org,Clinical Operations,Central Medical Center,Operations Coordinator,E00240,2019-08-20,Active,
E00727,P000727,Katherine,Pham,Katherine Pham,katherine.pham@samplehealth.org,Pharmacy,Central Medical Center,Pharmacy Technician,E00074,2025-09-02,Active,
E00728,P000728,Jeffery,Wright,Jeffery Wright,jeffery.wright@samplehealth.org,Radiology,South Hospital,Radiology Technician,E00197,2024-06-18,Active,
E00729,P000729,Caitlin,Cobb,Caitlin Cobb,caitlin.cobb@samplehealth.org,Revenue Cycle,Outpatient Center A,Claims Analyst,E00096,2020-07-25,Active,
E00730,P000730,Sean,Padilla,Sean Padilla,sean.padilla@samplehealth.org,Radiology,Outpatient Center A,Imaging Specialist,E00097,2012-12-14,Active,
E00731,P000731,Samantha,Rodriguez,Samantha Rodriguez,samantha.rodriguez@samplehealth.org,Pharmacy,South Hospital,Pharmacy Manager,E00168,2025-09-21,Active,
E00732,P000732,Amy,Wagner,Amy Wagner,amy.wagner@samplehealth.org,Facilities,South Hospital,Facilities Technician,E00138,2021-05-14,Active,
E00733,P000733,Amanda,Martin,Amanda Martin,amanda.martin@samplehealth.org,Radiology,South Hospital,Radiology Coordinator,E00187,2026-02-28,Active,
E00734,P000734,Abigail,Wilson,Abigail Wilson,abigail.wilson@samplehealth.org,Human Resources,Central Medical Center,HR Specialist,E00077,2015-02-13,Active,
E00735,P000735,Jennifer,Burns,Jennifer Burns,jennifer.burns@samplehealth.org,Laboratory,Outpatient Center A,Lab Coordinator,E00137,2020-04-22,Active,
E00736,P000736,Sean,Brown,Sean Brown,sean.brown@samplehealth.org,Radiology,West Hospital,Radiology Technician,E00118,2013-11-13,Active,
E00737,P000737,William,Bryant,William Bryant,william.bryant@samplehealth.org,Facilities,Children's Hospital,Facilities Technician,E00049,2012-08-09,Active,
E00738,P000738,Angelica,Chambers,Angelica Chambers,angelica.chambers@samplehealth.org,Clinical Operations,Central Medical Center,Operations Coordinator,E00208,2016-11-12,Active,
E00739,P000739,Jennifer,Foster,Jennifer Foster,jennifer.foster@samplehealth.org,Revenue Cycle,Central Medical Center,Billing Specialist,E00062,2025-07-07,Active,
E00740,P000740,Aaron,Robinson,Aaron Robinson,aaron.robinson@samplehealth.org,Human Resources,North Hospital,HR Specialist,E00153,2012-11-12,Active,
E00741,P000741,Brandon,Cooper,Brandon Cooper,brandon.cooper@samplehealth.org,Nursing,Central Medical Center,Nurse Manager,E00063,2012-09-16,Active,
E00742,P000742,Amber,Brown,Amber Brown,amber.brown@samplehealth.org,Clinical Operations,Outpatient Center A,Operations Coordinator,E00113,2012-10-18,Active,
E00743,P000743,Valerie,Kennedy,Valerie Kennedy,valerie.kennedy@samplehealth.org,Human Resources,West Hospital,Learning Specialist,E00194,2016-07-04,Active,
E00744,P000744,Robert,Mack,Robert Mack,robert.mack@samplehealth.org,Nursing,Children's Hospital,Registered Nurse,E00060,2024-08-26,Active,
E00745,P000745,Darlene,Daniel,Darlene Daniel,darlene.daniel@samplehealth.org,Clinical Operations,Cancer Center,Operations Manager,E00148,2018-10-11,Active,
E00746,P000746,Nicholas,Vance,Nicholas Vance,nicholas.vance@samplehealth.org,Patient Access,Cancer Center,Registration Coordinator,E00061,2019-04-04,Active,
E00747,P000747,Molly,Knox,Molly Knox,molly.knox@samplehealth.org,Finance,West Hospital,Financial Analyst,E00106,2018-01-06,Active,
E00748,P000748,Christopher,Brandt,Christopher Brandt,christopher.brandt@samplehealth.org,Finance,Central Medical Center,Accountant,E00143,2026-07-03,Active,
E00749,P000749,Amber,Valdez,Amber Valdez,amber.valdez@samplehealth.org,Patient Access,South Hospital,Registration Coordinator,E00161,2017-07-16,Active,
E00750,P000750,David,Haney,David Haney,david.haney@samplehealth.org,Revenue Cycle,Outpatient Center B,Billing Specialist,E00013,2018-04-24,Active,
E00751,P000751,Allison,Luna,Allison Luna,allison.luna@samplehealth.org,Facilities,Outpatient Center A,Facilities Manager,E00202,2015-05-31,Active,
E00752,P000752,Mary,Avila,Mary Avila,mary.avila@samplehealth.org,Emergency Services,Outpatient Center A,Emergency Services Coordinator,E00105,2016-09-12,Leave,
E00753,P000753,Steven,Ball,Steven Ball,steven.ball@samplehealth.org,Information Technology,Outpatient Center A,Systems Analyst,E00048,2018-11-03,Active,
E00754,P000754,Amanda,Morrow,Amanda Morrow,amanda.morrow@samplehealth.org,Emergency Services,West Hospital,Emergency Services Coordinator,E00218,2015-11-01,Active,
E00755,P000755,Steven,Moore,Steven Moore,steven.moore@samplehealth.org,Human Resources,South Hospital,HR Business Partner,E00207,2014-10-31,Active,
E00756,P000756,Sharon,Hardy,Sharon Hardy,sharon.hardy@samplehealth.org,Laboratory,Outpatient Center A,Lab Technician,E00248,2013-07-18,Active,
E00757,P000757,Antonio,Keller,Antonio Keller,antonio.keller@samplehealth.org,Radiology,South Hospital,Radiology Coordinator,E00100,2022-01-31,Active,
E00758,P000758,Katie,Stephenson,Katie Stephenson,katie.stephenson@samplehealth.org,Human Resources,West Hospital,HR Business Partner,E00085,2011-11-22,Active,
E00759,P000759,John,Jones,John Jones,john.jones@samplehealth.org,Revenue Cycle,Outpatient Center B,Revenue Cycle Analyst,E00217,2021-09-23,Active,
E00760,P000760,Arthur,Harper,Arthur Harper,arthur.harper@samplehealth.org,Facilities,West Hospital,Facilities Technician,E00014,2023-08-04,Active,
E00761,P000761,Monica,Sanchez,Monica Sanchez,monica.sanchez@samplehealth.org,Finance,Central Medical Center,Accountant,E00224,2012-05-17,Active,
E00762,P000762,Richard,Young,Richard Young,richard.young@samplehealth.org,Pharmacy,West Hospital,Pharmacist,E00123,2015-04-28,Active,
E00763,P000763,Karen,Parsons,Karen Parsons,karen.parsons@samplehealth.org,Human Resources,Children's Hospital,HR Business Partner,E00245,2014-01-03,Active,
E00764,P000764,William,Roberts,William Roberts,william.roberts@samplehealth.org,Nursing,West Hospital,Registered Nurse,E00247,2025-07-03,Active,
E00765,P000765,Sabrina,Johnston,Sabrina Johnston,sabrina.johnston@samplehealth.org,Clinical Operations,Outpatient Center B,Operations Coordinator,E00235,2021-06-13,Active,
E00766,P000766,Carla,Chambers,Carla Chambers,carla.chambers@samplehealth.org,Human Resources,West Hospital,Learning Specialist,E00102,2017-01-29,Active,
E00767,P000767,Joel,Walter,Joel Walter,joel.walter@samplehealth.org,Human Resources,Cancer Center,Learning Specialist,E00199,2022-11-09,Active,
E00768,P000768,Adriana,Gutierrez,Adriana Gutierrez,adriana.gutierrez@samplehealth.org,Finance,Outpatient Center B,Accountant,E00137,2016-04-21,Active,
E00769,P000769,Bruce,Fry,Bruce Fry,bruce.fry@samplehealth.org,Revenue Cycle,Children's Hospital,Billing Specialist,E00067,2026-08-04,Active,
E00770,P000770,Jill,Thompson,Jill Thompson,jill.thompson@samplehealth.org,Facilities,Outpatient Center B,Facilities Manager,E00120,2023-03-04,Active,
E00771,P000771,Ronald,Simpson,Ronald Simpson,ronald.simpson@samplehealth.org,Pharmacy,Outpatient Center B,Pharmacy Manager,E00195,2017-06-26,Active,
E00772,P000772,Shelly,Powers,Shelly Powers,shelly.powers@samplehealth.org,Facilities,Cancer Center,Facilities Technician,E00081,2024-12-28,Active,
E00773,P000773,Alice,Horton,Alice Horton,alice.horton@samplehealth.org,Radiology,West Hospital,Radiology Technician,E00190,2018-07-27,Active,
E00774,P000774,Edward,Bennett,Edward Bennett,edward.bennett@samplehealth.org,Information Technology,Children's Hospital,Data Analyst,E00142,2024-06-16,Active,
E00775,P000775,Amanda,Allen,Amanda Allen,amanda.allen@samplehealth.org,Patient Access,Outpatient Center A,Registration Coordinator,E00076,2015-06-17,Active,
E00776,P000776,Kevin,Zimmerman,Kevin Zimmerman,kevin.zimmerman@samplehealth.org,Information Technology,Cancer Center,Business Analyst,E00059,2025-05-01,Active,
E00777,P000777,Steven,Brown,Steven Brown,steven.brown@samplehealth.org,Radiology,West Hospital,Radiology Coordinator,E00128,2018-08-24,Active,
E00778,P000778,Tammy,Grant,Tammy Grant,tammy.grant@samplehealth.org,Emergency Services,Cancer Center,Registered Nurse,E00066,2013-11-27,Active,
E00779,P000779,Paul,Scott,Paul Scott,paul.scott@samplehealth.org,,Outpatient Center B,Lab Coordinator,E00118,2017-03-30,Active,
E00780,P000780,Deborah,Nielsen,Deborah Nielsen,deborah.nielsen@samplehealth.org,Information Technology,South Hospital,Systems Analyst,E00036,2026-01-13,Active,
E00781,P000781,Nathan,Nichols,Nathan Nichols,nathan.nichols@samplehealth.org,Clinical Operations,Outpatient Center B,Operations Manager,E00048,2025-09-25,Active,
E00782,P000782,James,Adams,James Adams,james.adams@samplehealth.org,Emergency Services,Central Medical Center,Registered Nurse,E00135,2023-02-01,Active,
E00783,P000783,Cassidy,Williams,Cassidy Williams,cassidy.williams@samplehealth.org,Nursing,Central Medical Center,Registered Nurse,E00196,2012-11-11,Active,
E00784,P000784,Jacob,Gill,Jacob Gill,jacob.gill@samplehealth.org,Nursing,South Hospital,Nurse Manager,E00216,2023-12-12,Active,
E00785,P000785,Emily,Robinson,Emily Robinson,emily.robinson@samplehealth.org,Revenue Cycle,North Hospital,Revenue Cycle Analyst,E00182,2015-03-06,Active,
E00786,P000786,Molly,Cook,Molly Cook,molly.cook@samplehealth.org,Information Technology,West Hospital,Data Analyst,E00130,2011-11-20,Active,
E00787,P000787,Jason,Lee,Jason Lee,jason.lee@samplehealth.org,Laboratory,Central Medical Center,Laboratory Specialist,E00159,2024-03-28,Active,
E00788,P000788,David,Key,David Key,david.key@samplehealth.org,Revenue Cycle,Outpatient Center B,Claims Analyst,E00169,2019-10-09,Active,
E00789,P000789,Robin,Dominguez,Robin Dominguez,robin.dominguez@samplehealth.org,Laboratory,Central Medical Center,Lab Technician,E00137,2023-08-07,Active,
E00790,P000790,James,Herman,James Herman,james.herman@samplehealth.org,Emergency Services,Central Medical Center,Emergency Services Coordinator,E00005,2021-01-06,Leave,
E00791,P000791,Marc,Campbell,Marc Campbell,marc.campbell@samplehealth.org,Emergency Services,Children's Hospital,Registered Nurse,E00138,2019-07-23,Active,
E00792,P000792,Amanda,Howard,Amanda Howard,amanda.howard@samplehealth.org,Finance,Outpatient Center A,Financial Analyst,E00207,2016-01-28,Active,
E00793,P000793,Michael,Andrade,Michael Andrade,michael.andrade@samplehealth.org,Information Technology,North Hospital,Data Analyst,E00135,2019-07-21,Active,
E00794,P000794,Corey,Zavala,Corey Zavala,corey.zavala@samplehealth.org,Information Technology,West Hospital,Business Analyst,E00159,2019-08-12,Active,
E00795,P000795,Kathleen,Flores,Kathleen Flores,kathleen.flores@samplehealth.org,Emergency Services,Cancer Center,Emergency Services Coordinator,E00069,2015-01-30,Active,
E00796,P000796,Nathan,Gutierrez,Nathan Gutierrez,nathan.gutierrez@samplehealth.org,Radiology,Cancer Center,Radiology Technician,E00246,2021-03-12,Active,
E00797,P000797,Michelle,Figueroa,Michelle Figueroa,michelle.figueroa@samplehealth.org,Radiology,West Hospital,Imaging Specialist,E00179,2011-11-25,Leave,
E00798,P000798,Jose,Donovan,Jose Donovan,jose.donovan@samplehealth.org,Human Resources,North Hospital,HR Business Partner,E00168,2021-06-23,Active,
E00799,P000799,Jennifer,Phillips,Jennifer Phillips,jennifer.phillips@samplehealth.org,Revenue Cycle,North Hospital,Revenue Cycle Analyst,E00104,2014-12-18,Active,
E00800,P000800,Mark,James,Mark James,mark.james@samplehealth.org,Radiology,Outpatient Center B,Imaging Specialist,E00015,2025-10-20,Leave,
E00801,P000801,John,Pierce,John Pierce,john.pierce@samplehealth.org,Revenue Cycle,South Hospital,Revenue Cycle Analyst,E00022,2023-04-11,Active,
E00802,P000802,Matthew,Hines,Matthew Hines,matthew.hines@samplehealth.org,Laboratory,Cancer Center,Laboratory Specialist,E00145,2019-12-09,Active,
E00803,P000803,Tammy,May,Tammy May,tammy.may@samplehealth.org,Pharmacy,Central Medical Center,Pharmacy Manager,E00059,2019-12-21,Active,
E00804,P000804,Steven,Oconnor,Steven Oconnor,steven.oconnor@samplehealth.org,Human Resources,Outpatient Center B,Learning Specialist,E00070,2017-08-13,Active,
E00805,P000805,Gary,Cortez,Gary Cortez,gary.cortez@samplehealth.org,Nursing,Children's Hospital,Registered Nurse,E00231,2019-12-07,Active,
E00806,P000806,Jack,Preston,Jack Preston,jack.preston@samplehealth.org,Emergency Services,Central Medical Center,Registered Nurse,E00046,2022-07-18,Active,
E00807,P000807,Susan,Warren,Susan Warren,susan.warren@samplehealth.org,Facilities,West Hospital,Facilities Technician,E00151,2025-11-24,Leave,
E00808,P000808,Melanie,Landry,Melanie Landry,melanie.landry@samplehealth.org,Information Technology,North Hospital,Application Analyst,E00077,2022-12-29,Leave,
E00809,P000809,Brandon,Smith,Brandon Smith,brandon.smith@samplehealth.org,Information Technology,Outpatient Center A,Business Analyst,E00174,2013-12-18,Active,
E00810,P000810,Megan,Hall,Megan Hall,megan.hall@samplehealth.org,Emergency Services,Outpatient Center A,Emergency Services Coordinator,E00194,2023-08-28,Active,
E00811,P000811,Edward,Robinson,Edward Robinson,edward.robinson@samplehealth.org,Clinical Operations,North Hospital,Operations Coordinator,E00129,2019-05-20,Terminated,2022-07-22
E00812,P000812,Bruce,Little,Bruce Little,bruce.little@samplehealth.org,Clinical Operations,Central Medical Center,Clinical Analyst,E00026,2022-02-10,Active,
E00813,P000813,Roberta,Hopkins,Roberta Hopkins,roberta.hopkins@samplehealth.org,Radiology,North Hospital,Radiology Technician,E00088,2011-11-22,Active,
E00814,P000814,Adam,Arnold,Adam Arnold,adam.arnold@samplehealth.org,Patient Access,Outpatient Center A,Registration Coordinator,E00249,2011-10-29,Leave,
E00815,P000815,Alvin,Bowen,Alvin Bowen,alvin.bowen@samplehealth.org,Facilities,Children's Hospital,Facilities Technician,E00201,2020-09-26,Active,
E00816,P000816,Tiffany,Smith,Tiffany Smith,tiffany.smith@samplehealth.org,Laboratory,West Hospital,Laboratory Specialist,E00092,2025-06-16,Active,
E00817,P000817,Heidi,Jordan,Heidi Jordan,heidi.jordan@samplehealth.org,Emergency Services,Outpatient Center A,Emergency Services Coordinator,E00048,2014-09-03,Active,
E00818,P000818,Daniel,Davis,Daniel Davis,daniel.davis@samplehealth.org,Revenue Cycle,Outpatient Center A,Claims Analyst,E00022,2014-02-27,Active,
E00819,P000819,John,Harvey,John Harvey,john.harvey@samplehealth.org,Patient Access,West Hospital,Patient Access Specialist,E00183,2015-12-02,Active,
E00820,P000820,Lisa,Adams,Lisa Adams,lisa.adams@samplehealth.org,Pharmacy,Children's Hospital,Pharmacist,E00040,2018-05-18,Active,
E00821,P000821,Christian,Chung,Christian Chung,christian.chung@samplehealth.org,Radiology,South Hospital,Radiology Coordinator,E00190,2019-06-08,Active,
E00822,P000822,Annette,Branch,Annette Branch,annette.branch@samplehealth.org,Radiology,Cancer Center,Imaging Specialist,E00028,2015-06-20,Active,
E00823,P000823,Kevin,Clayton,Kevin Clayton,kevin.clayton@samplehealth.org,Pharmacy,Children's Hospital,Pharmacist,E00114,2012-12-29,Active,
E00824,P000824,Desiree,Garrison,Desiree Garrison,desiree.garrison@samplehealth.org,Facilities,North Hospital,Maintenance Coordinator,E00034,2024-07-18,Active,
E00825,P000825,Anthony,Sullivan,Anthony Sullivan,anthony.sullivan@samplehealth.org,Pharmacy,Outpatient Center A,Pharmacist,E00115,2018-01-15,Active,
E00826,P000826,Angela,Brown,Angela Brown,angela.brown@samplehealth.org,Emergency Services,Outpatient Center A,Registered Nurse,E00027,2011-10-14,Active,
E00827,P000827,Jacqueline,Miller,Jacqueline Miller,jacqueline.miller@samplehealth.org,Nursing,Cancer Center,Registered Nurse,E00142,2026-01-02,Active,
E00828,P000828,Ryan,Mueller,Ryan Mueller,ryan.mueller@samplehealth.org,Pharmacy,Cancer Center,Pharmacy Manager,E00222,2021-04-02,Active,
E00829,P000829,Tiffany,Dickson,Tiffany Dickson,tiffany.dickson@samplehealth.org,Radiology,Children's Hospital,Radiology Technician,E00106,2020-08-10,Active,
E00830,P000830,Samantha,Hall,Samantha Hall,samantha.hall@samplehealth.org,Radiology,West Hospital,Radiology Technician,E00147,2026-05-24,Active,
E00831,P000831,Heather,Knight,Heather Knight,heather.knight@samplehealth.org,Emergency Services,Outpatient Center A,Emergency Department Technician,E00044,2016-03-27,Active,
E00832,P000832,Brandon,Jones,Brandon Jones,brandon.jones@samplehealth.org,Information Technology,Children's Hospital,Systems Analyst,E00069,2016-05-24,Active,
E00833,P000833,Rachel,Elliott,Rachel Elliott,rachel.elliott@samplehealth.org,Laboratory,North Hospital,Lab Technician,E00043,2012-03-08,Active,
E00834,P000834,Harry,Jefferson,Harry Jefferson,harry.jefferson@samplehealth.org,Radiology,Outpatient Center A,Imaging Specialist,E00077,2011-11-22,Active,
E00835,P000835,Suzanne,Matthews,Suzanne Matthews,suzanne.matthews@samplehealth.org,Laboratory,Cancer Center,Lab Technician,E00065,2024-06-03,Active,
E00836,P000836,Lori,Nicholson,Lori Nicholson,lori.nicholson@samplehealth.org,Human Resources,Outpatient Center B,Learning Specialist,E00153,2012-12-07,Active,
E00837,P000837,Kevin,Elliott,Kevin Elliott,kevin.elliott@samplehealth.org,Patient Access,Outpatient Center B,Patient Access Representative,E00028,2021-04-07,Active,
E00838,P000838,Mary,Price,Mary Price,mary.price@samplehealth.org,Information Technology,Central Medical Center,Systems Analyst,E00243,2020-10-26,Active,
E00839,P000839,Martin,Campos,Martin Campos,martin.campos@samplehealth.org,Radiology,Outpatient Center A,Imaging Specialist,E00206,2014-01-02,Active,
E00840,P000840,Krystal,Norris,Krystal Norris,krystal.norris@samplehealth.org,Facilities,Cancer Center,Maintenance Coordinator,E00111,2012-12-16,Active,
E00841,P000841,Vincent,Mccann,Vincent Mccann,vincent.mccann@samplehealth.org,Revenue Cycle,South Hospital,Claims Analyst,E00077,2012-07-15,Active,
E00842,P000842,Connor,Hall,Connor Hall,connor.hall@samplehealth.org,Facilities,West Hospital,Facilities Manager,E00123,2012-12-01,Active,
E00843,P000843,Matthew,Mack,Matthew Mack,matthew.mack@samplehealth.org,Facilities,Outpatient Center A,Facilities Technician,E00248,2021-10-03,Active,
E00844,P000844,Randy,Ayala,Randy Ayala,randy.ayala@samplehealth.org,Facilities,Outpatient Center B,Maintenance Coordinator,E00248,2012-02-17,Terminated,2022-12-01
E00845,P000845,Joshua,Riddle,Joshua Riddle,joshua.riddle@samplehealth.org,Patient Access,Cancer Center,Patient Access Representative,E00097,2019-12-21,Active,
E00846,P000846,Jeremy,Tran,Jeremy Tran,jeremy.tran@samplehealth.org,Finance,Cancer Center,Accountant,E00030,2018-01-04,Active,
E00847,P000847,Ryan,Frazier,Ryan Frazier,ryan.frazier@samplehealth.org,Patient Access,South Hospital,Patient Access Representative,E00175,2022-11-12,Active,
E00848,P000848,Norman,Barton,Norman Barton,norman.barton@samplehealth.org,Emergency Services,Outpatient Center B,Emergency Department Technician,E00242,2016-08-25,Terminated,2020-11-03
E00849,P000849,Jennifer,Miller,Jennifer Miller,jennifer.miller@samplehealth.org,Clinical Operations,Outpatient Center B,Operations Coordinator,E00205,2014-04-01,Active,
E00850,P000850,Norman,Bowers,Norman Bowers,norman.bowers@samplehealth.org,Finance,North Hospital,Revenue Analyst,E00210,2014-04-01,Active,
E00851,P000851,Jodi,Stewart,Jodi Stewart,jodi.stewart@samplehealth.org,Radiology,Outpatient Center B,Radiology Coordinator,E00036,2013-06-09,Active,
E00852,P000852,Christopher,Hahn,Christopher Hahn,christopher.hahn@samplehealth.org,Revenue Cycle,West Hospital,Billing Specialist,E00065,2019-03-11,Active,
E00853,P000853,Michael,Nelson,Michael Nelson,michael.nelson@samplehealth.org,Revenue Cycle,Outpatient Center A,Revenue Cycle Analyst,E00203,2013-11-17,Active,
E00854,P000854,Christopher,Jordan,Christopher Jordan,christopher.jordan@samplehealth.org,Radiology,Outpatient Center B,Radiology Technician,E00154,2021-02-05,Active,
E00855,P000855,Angela,Russell,Angela Russell,angela.russell@samplehealth.org,Laboratory,Outpatient Center A,Lab Coordinator,E00137,2012-01-27,Active,
E00856,P000856,Christopher,Spencer,Christopher Spencer,christopher.spencer@samplehealth.org,Emergency Services,Outpatient Center A,Registered Nurse,E00140,2021-10-12,Active,
E00857,P000857,Carly,Nguyen,Carly Nguyen,carly.nguyen@samplehealth.org,Nursing,North Hospital,Nurse Manager,E00028,2018-03-06,Active,
E00858,P000858,Alexander,Gutierrez,Alexander Gutierrez,alexander.gutierrez@samplehealth.org,Human Resources,Cancer Center,Learning Specialist,E00043,2024-11-17,Active,
E00859,P000859,Christopher,Santana,Christopher Santana,christopher.santana@samplehealth.org,Revenue Cycle,Central Medical Center,Claims Analyst,E00145,2015-10-03,Active,
E00860,P000860,Ashley,Jackson,Ashley Jackson,ashley.jackson@samplehealth.org,Revenue Cycle,Outpatient Center A,Claims Analyst,E00248,2018-02-06,Active,
E00861,P000861,Gavin,Adams,Gavin Adams,gavin.adams@samplehealth.org,Facilities,North Hospital,Maintenance Coordinator,E00003,2016-03-10,Active,
E00862,P000862,Trevor,Brown,Trevor Brown,trevor.brown@samplehealth.org,Pharmacy,West Hospital,Pharmacy Technician,E00131,2019-01-07,Active,
E00863,P000863,Joshua,Evans,Joshua Evans,joshua.evans@samplehealth.org,Clinical Operations,West Hospital,Operations Manager,E00115,2024-12-09,Active,
E00864,P000864,Chase,King,Chase King,chase.king@samplehealth.org,Facilities,Outpatient Center B,Maintenance Coordinator,E00198,2015-10-27,Active,
E00865,P000865,Jennifer,Simpson,Jennifer Simpson,jennifer.simpson@samplehealth.org,Revenue Cycle,South Hospital,Claims Analyst,E00089,2022-02-11,Active,
E00866,P000866,James,Rodriguez,James Rodriguez,james.rodriguez@samplehealth.org,Nursing,North Hospital,Nurse Manager,E00076,2016-10-22,Active,
E00867,P000867,Adam,Foster,Adam Foster,adam.foster@samplehealth.org,Radiology,North Hospital,Radiology Technician,E00213,2025-12-10,Active,
E00868,P000868,Christine,Brock,Christine Brock,christine.brock@samplehealth.org,Clinical Operations,Cancer Center,Operations Coordinator,E00080,2017-03-25,Active,
E00869,P000869,Scott,Jordan,Scott Jordan,scott.jordan@samplehealth.org,Facilities,West Hospital,Maintenance Coordinator,E00134,2025-08-20,Active,
E00870,P000870,Michele,Mccann,Michele Mccann,michele.mccann@samplehealth.org,Laboratory,Outpatient Center B,Laboratory Specialist,E00025,2013-12-09,Leave,
E00871,P000871,Kevin,Morrison,Kevin Morrison,kevin.morrison@samplehealth.org,Laboratory,Outpatient Center B,Lab Coordinator,E00082,2023-06-15,Active,
E00872,P000872,James,Edwards,James Edwards,james.edwards@samplehealth.org,Pharmacy,Central Medical Center,Pharmacy Technician,E00208,2018-05-26,Active,
E00873,P000873,Tanya,Carter,Tanya Carter,tanya.carter@samplehealth.org,Clinical Operations,Central Medical Center,Operations Coordinator,E00218,2023-06-13,Active,
E00874,P000874,Cynthia,Faulkner,Cynthia Faulkner,cynthia.faulkner@samplehealth.org,Facilities,North Hospital,Facilities Manager,E00174,2024-12-05,Active,
E00875,P000875,John,Bennett,John Bennett,john.bennett@samplehealth.org,Information Technology,South Hospital,Business Analyst,E00142,2025-07-07,Active,
E00876,P000876,Kristi,Diaz,Kristi Diaz,kristi.diaz@samplehealth.org,Information Technology,Outpatient Center A,Systems Analyst,E00246,2021-03-20,Active,
E00877,P000877,James,Osborn,James Osborn,james.osborn@samplehealth.org,Laboratory,Outpatient Center A,Lab Technician,E00162,2014-09-08,Active,
E00878,P000878,Erin,Pierce,Erin Pierce,erin.pierce@samplehealth.org,Information Technology,Outpatient Center A,Business Analyst,E00102,2023-12-30,Active,
E00879,P000879,Steven,Erickson,Steven Erickson,steven.erickson@samplehealth.org,Nursing,West Hospital,Clinical Coordinator,E00116,2019-01-31,Active,
E00880,P000880,Lauren,Guerra,Lauren Guerra,lauren.guerra@samplehealth.org,Patient Access,Outpatient Center A,Patient Access Specialist,E00002,2012-10-19,Active,
E00881,P000881,Lori,Flynn,Lori Flynn,lori.flynn@samplehealth.org,Clinical Operations,West Hospital,Operations Coordinator,E00072,2018-08-02,Active,
E00882,P000882,Emily,Taylor,Emily Taylor,emily.taylor@samplehealth.org,Clinical Operations,North Hospital,Operations Coordinator,E00205,2016-10-10,Active,
E00883,P000883,John,Hopkins,John Hopkins,john.hopkins@samplehealth.org,Emergency Services,Cancer Center,Emergency Department Technician,E00084,2023-10-17,Active,
E00884,P000884,Rodney,Bennett,Rodney Bennett,rodney.bennett@samplehealth.org,Human Resources,North Hospital,HR Business Partner,E00068,2019-04-07,Active,
E00885,P000885,Vicki,Mendoza,Vicki Mendoza,vicki.mendoza@samplehealth.org,Revenue Cycle,Cancer Center,Billing Specialist,E00153,2018-06-11,Active,
E00886,P000886,Amanda,Mclean,Amanda Mclean,amanda.mclean@samplehealth.org,Radiology,Outpatient Center A,Radiology Coordinator,E00151,2026-06-02,Active,
E00887,P000887,Heather,Stephens,Heather Stephens,heather.stephens@samplehealth.org,Pharmacy,Cancer Center,Pharmacy Technician,E00217,2025-01-28,Active,
E00888,P000888,Tanya,Miles,Tanya Miles,tanya.miles@samplehealth.org,Laboratory,South Hospital,Lab Coordinator,E00209,2025-06-11,Active,
E00889,P000889,Amanda,Little,Amanda Little,amanda.little@samplehealth.org,Revenue Cycle,Children's Hospital,Claims Analyst,E00236,2013-01-26,Active,
E00890,P000890,Daniel,Wright,Daniel Wright,daniel.wright@samplehealth.org,Patient Access,North Hospital,Registration Coordinator,E00173,2022-12-07,Active,
E00891,P000891,Michael,Holland,Michael Holland,michael.holland@samplehealth.org,Information Technology,North Hospital,Systems Analyst,E00062,2012-05-18,Active,
E00892,P000892,Anna,Newman,Anna Newman,anna.newman@samplehealth.org,Finance,South Hospital,Financial Analyst,E00096,2022-08-17,Active,
E00893,P000893,Reginald,Goodwin,Reginald Goodwin,reginald.goodwin@samplehealth.org,Clinical Operations,Outpatient Center A,Operations Coordinator,E00108,2025-03-03,Active,
E00894,P000894,Russell,Smith,Russell Smith,russell.smith@samplehealth.org,Patient Access,Outpatient Center A,Patient Access Representative,E00109,2016-01-10,Active,
E00895,,Jeffrey,Burgess,Jeffrey Burgess,jeffrey.burgess@samplehealth.org,Information Technology,South Hospital,Application Analyst,E00143,2021-02-12,Active,
E00896,P000896,Beverly,Johnston,Beverly Johnston,beverly.johnston@samplehealth.org,Information Technology,Children's Hospital,Application Analyst,E00036,2019-03-17,Active,
E00897,P000897,Neil,Ford,Neil Ford,neil.ford@samplehealth.org,Information Technology,Outpatient Center B,Systems Analyst,E00159,2023-03-09,Active,
E00898,P000898,Brianna,Mason,Brianna Mason,brianna.mason@samplehealth.org,Nursing,Central Medical Center,Nurse Manager,E00125,2017-06-29,Active,
E00899,P000899,Whitney,Webb,Whitney Webb,whitney.webb@samplehealth.org,Information Technology,Outpatient Center A,Business Analyst,E00247,2016-08-25,Active,
E00900,P000900,Robert,Nixon,Robert Nixon,robert.nixon@samplehealth.org,Emergency Services,Outpatient Center B,Registered Nurse,E00105,2013-08-07,Active,
E00901,P000901,Marie,Cross,Marie Cross,marie.cross@samplehealth.org,Revenue Cycle,Outpatient Center A,Billing Specialist,E00182,2017-07-20,Active,
E00902,P000902,Larry,Gibson,Larry Gibson,larry.gibson@samplehealth.org,Laboratory,South Hospital,Laboratory Specialist,E00022,2015-02-22,Active,
E00903,P000903,Adriana,Bailey,Adriana Bailey,adriana.bailey@samplehealth.org,Patient Access,West Hospital,Patient Access Representative,E00075,2013-04-14,Active,
E00904,P000904,Samuel,Horton,Samuel Horton,samuel.horton@samplehealth.org,Nursing,West Hospital,Nurse Manager,E00138,2017-01-18,Active,
E00905,P000905,Carlos,Williams,Carlos Williams,carlos.williams@samplehealth.org,Finance,Outpatient Center B,Financial Analyst,E00145,2023-09-19,Active,
E00906,P000906,Darin,Sweeney,Darin Sweeney,darin.sweeney@samplehealth.org,Clinical Operations,North Hospital,Clinical Analyst,E00147,2022-08-25,Active,
E00907,P000907,Daniel,Marsh,Daniel Marsh,daniel.marsh@samplehealth.org,Pharmacy,Cancer Center,Pharmacy Technician,E00139,2024-03-22,Active,
E00908,P000908,John,Thompson,John Thompson,john.thompson@samplehealth.org,Nursing,Outpatient Center B,Clinical Coordinator,E00140,2014-05-08,Active,
E00909,P000909,Mark,Simmons,Mark Simmons,mark.simmons@samplehealth.org,Human Resources,North Hospital,HR Business Partner,E00189,2019-06-27,Active,
E00910,,Jesse,Sullivan,Jesse Sullivan,jesse.sullivan@samplehealth.org,Revenue Cycle,Children's Hospital,Revenue Cycle Analyst,E00224,2014-10-06,Active,
E00911,P000911,Jacob,Sandoval,Jacob Sandoval,jacob.sandoval@samplehealth.org,Nursing,Children's Hospital,Nurse Manager,E00090,2018-05-10,Active,
E00912,P000912,Anthony,Mendez,Anthony Mendez,anthony.mendez@samplehealth.org,Pharmacy,North Hospital,Pharmacy Technician,E00199,2014-12-25,Active,
E00913,P000913,Shannon,Jordan,Shannon Jordan,shannon.jordan@samplehealth.org,Human Resources,Cancer Center,HR Specialist,E00221,2011-09-13,Active,
E00914,P000914,Janet,Harris,Janet Harris,janet.harris@samplehealth.org,Clinical Operations,Outpatient Center A,Operations Manager,E00043,2024-06-03,Active,
E00915,P000915,Jane,Flynn,Jane Flynn,jane.flynn@samplehealth.org,Patient Access,West Hospital,Patient Access Representative,E00209,2021-06-12,Active,
E00916,P000916,Cristian,Wiggins,Cristian Wiggins,cristian.wiggins@samplehealth.org,Human Resources,Cancer Center,HR Specialist,E00137,2014-10-21,Active,
E00917,P000917,Michael,Gonzalez,Michael Gonzalez,michael.gonzalez@samplehealth.org,Finance,South Hospital,Revenue Analyst,E00083,2013-07-25,Active,
E00918,P000918,Jose,Huffman,Jose Huffman,jose.huffman@samplehealth.org,Clinical Operations,Children's Hospital,Clinical Analyst,E00147,2020-08-08,Leave,
E00919,P000919,Tammy,Edwards,Tammy Edwards,tammy.edwards@samplehealth.org,Finance,North Hospital,Revenue Analyst,E00035,2018-03-27,Active,
E00920,P000920,Cheryl,Matthews,Cheryl Matthews,cheryl.matthews@samplehealth.org,Radiology,Children's Hospital,Radiology Technician,E00222,2017-07-17,Active,
E00921,P000921,Michael,Ellis,Michael Ellis,michael.ellis@samplehealth.org,Revenue Cycle,South Hospital,Revenue Cycle Analyst,E00064,2014-07-24,Active,
E00922,P000922,Lisa,Mccarthy,Lisa Mccarthy,lisa.mccarthy@samplehealth.org,Information Technology,West Hospital,Systems Analyst,E00195,2016-09-07,Active,
E00923,P000923,Samantha,Lawrence,Samantha Lawrence,samantha.lawrence@samplehealth.org,Revenue Cycle,Outpatient Center B,Billing Specialist,E00037,2023-01-22,Active,
E00924,P000924,Dennis,Wilson,Dennis Wilson,dennis.wilson@samplehealth.org,Patient Access,Children's Hospital,Registration Coordinator,E00161,2016-10-26,Active,
E00925,P000925,Daryl,Brooks,Daryl Brooks,daryl.brooks@samplehealth.org,Radiology,Outpatient Center B,Imaging Specialist,E00020,2014-01-11,Active,
E00926,P000926,William,Barnes,William Barnes,william.barnes@samplehealth.org,Revenue Cycle,Outpatient Center A,Revenue Cycle Analyst,E00132,2013-12-20,Active,
E00927,P000927,Bailey,Henderson,Bailey Henderson,bailey.henderson@samplehealth.org,Clinical Operations,Cancer Center,Clinical Analyst,E00117,2019-11-27,Active,
E00928,P000928,Cynthia,Steele,Cynthia Steele,cynthia.steele@samplehealth.org,Laboratory,Central Medical Center,Laboratory Specialist,E00223,2022-08-08,Active,
E00929,P000929,Sarah,Thompson,Sarah Thompson,sarah.thompson@samplehealth.org,Clinical Operations,Outpatient Center B,Operations Coordinator,E00163,2014-06-18,Active,
E00930,P000930,Tracy,Taylor,Tracy Taylor,tracy.taylor@samplehealth.org,Revenue Cycle,Cancer Center,Claims Analyst,E00218,2016-12-22,Active,
E00931,P000931,Megan,Harvey,Megan Harvey,megan.harvey@samplehealth.org,Pharmacy,Outpatient Center A,Pharmacy Manager,E00056,2026-05-08,Active,
E00932,P000932,Michael,Smith,Michael Smith,michael.smith@samplehealth.org,Radiology,Outpatient Center B,Radiology Technician,E00069,2013-12-12,Active,
E00933,P000933,James,Cruz,James Cruz,james.cruz@samplehealth.org,Facilities,Cancer Center,Maintenance Coordinator,E00141,2021-03-06,Terminated,2025-06-23
E00934,P000934,Denise,Ortiz,Denise Ortiz,denise.ortiz@samplehealth.org,Patient Access,Outpatient Center B,Patient Access Representative,E00202,2019-12-28,Active,
E00935,P000935,Robert,Larsen,Robert Larsen,robert.larsen@samplehealth.org,Facilities,Central Medical Center,Facilities Manager,E00012,2019-12-09,Active,
E00936,P000936,Gary,Cunningham,Gary Cunningham,gary.cunningham@samplehealth.org,Pharmacy,Outpatient Center B,Pharmacy Manager,E00005,2025-03-01,Active,
E00937,P000937,Kathleen,Carter,Kathleen Carter,kathleen.carter@samplehealth.org,Pharmacy,Outpatient Center B,Pharmacist,E00117,2016-04-19,Active,
E00938,P000938,Jeffrey,Roberts,Jeffrey Roberts,jeffrey.roberts@samplehealth.org,Nursing,West Hospital,Nurse Manager,E00177,2024-11-27,Active,
E00939,P000939,Stephen,Newton,Stephen Newton,stephen.newton@samplehealth.org,Information Technology,South Hospital,Systems Analyst,E00224,2024-08-27,Active,
E00940,P000940,Tyler,Dixon,Tyler Dixon,tyler.dixon@samplehealth.org,Finance,Cancer Center,Financial Analyst,E00065,2021-05-14,Active,
E00941,P000941,Danny,Hampton,Danny Hampton,danny.hampton@samplehealth.org,Pharmacy,South Hospital,Pharmacy Technician,E00014,2025-08-18,Active,
E00942,P000942,Vicki,Weaver,Vicki Weaver,vicki.weaver@samplehealth.org,Radiology,Children's Hospital,Radiology Coordinator,E00186,2024-07-01,Active,
E00943,P000943,Bobby,Ball,Bobby Ball,bobby.ball@samplehealth.org,Clinical Operations,Outpatient Center A,Operations Coordinator,E00168,2020-12-01,Active,
E00944,P000944,Jeffery,Coleman,Jeffery Coleman,jeffery.coleman@samplehealth.org,Pharmacy,North Hospital,Pharmacy Manager,E00001,2024-02-23,Active,
E00945,P000945,Maria,Potter,Maria Potter,maria.potter@samplehealth.org,Human Resources,North Hospital,HR Business Partner,E00034,2016-09-08,Active,
E00946,P000946,Nancy,Johnson,Nancy Johnson,nancy.johnson@samplehealth.org,Patient Access,Outpatient Center B,Patient Access Representative,E00003,2016-02-05,Active,
E00947,P000947,Michael,Montoya,Michael Montoya,michael.montoya@samplehealth.org,Nursing,Cancer Center,Clinical Coordinator,E00210,2019-02-04,Active,
E00948,P000948,Michelle,Wilson,Michelle Wilson,michelle.wilson@samplehealth.org,Pharmacy,South Hospital,Pharmacy Technician,E00123,2025-06-08,Active,
E00949,P000949,Joel,Cochran,Joel Cochran,joel.cochran@samplehealth.org,Pharmacy,Outpatient Center A,Pharmacist,E00023,2021-08-17,Active,
E00950,P000950,Hannah,Callahan,Hannah Callahan,hannah.callahan@samplehealth.org,Clinical Operations,North Hospital,Operations Coordinator,E00081,2022-01-03,Active,
E00951,P000951,Cynthia,Martin,Cynthia Martin,cynthia.martin@samplehealth.org,Facilities,South Hospital,Maintenance Coordinator,E00098,2013-12-29,Active,
E00952,P000952,Kristen,Li,Kristen Li,kristen.li@samplehealth.org,Information Technology,North Hospital,Business Analyst,E00136,2025-04-29,Active,
E00953,P000953,Brian,Bell,Brian Bell,brian.bell@samplehealth.org,Patient Access,South Hospital,Patient Access Representative,E00113,2016-05-28,Active,
E00954,P000954,Candice,Jackson,Candice Jackson,candice.jackson@samplehealth.org,Facilities,West Hospital,Facilities Manager,E00161,2023-08-08,Active,
E00955,P000955,Kelly,Armstrong,Kelly Armstrong,kelly.armstrong@samplehealth.org,Clinical Operations,Outpatient Center A,Operations Coordinator,E00158,2026-03-22,Active,
E00956,P000956,Wyatt,Mccullough,Wyatt Mccullough,wyatt.mccullough@samplehealth.org,Revenue Cycle,West Hospital,Billing Specialist,E00023,2025-06-29,Active,
E00957,P000957,Cody,Estes,Cody Estes,cody.estes@samplehealth.org,Pharmacy,North Hospital,Pharmacist,E00151,2024-12-28,Active,
E00958,P000958,Robert,Brown,Robert Brown,robert.brown@samplehealth.org,Clinical Operations,Cancer Center,Clinical Analyst,E00247,2016-05-05,Active,
E00959,P000959,Michelle,Martinez,Michelle Martinez,michelle.martinez@samplehealth.org,Radiology,South Hospital,Imaging Specialist,E00064,2026-05-11,Active,
E00960,P000960,David,Thomas,David Thomas,david.thomas@samplehealth.org,Finance,North Hospital,Revenue Analyst,E00064,2017-02-07,Active,
E00961,P000961,Maria,Juarez,Maria Juarez,maria.juarez@samplehealth.org,Emergency Services,Children's Hospital,Registered Nurse,E00200,2023-02-16,Active,
E00962,P000962,Philip,Thomas,Philip Thomas,philip.thomas@samplehealth.org,Clinical Operations,Children's Hospital,Operations Coordinator,E00053,2022-05-20,Active,
E00963,P000963,Joseph,Perry,Joseph Perry,joseph.perry@samplehealth.org,Emergency Services,West Hospital,Registered Nurse,E00192,2019-04-25,Active,
E00964,P000964,Charles,Norton,Charles Norton,charles.norton@samplehealth.org,Radiology,Central Medical Center,Imaging Specialist,E00201,2024-09-14,Active,
E00965,P000965,Christopher,Robertson,Christopher Robertson,christopher.robertson@samplehealth.org,Human Resources,Outpatient Center A,HR Business Partner,E00029,2016-05-10,Active,
E00966,P000966,Heather,Wiley,Heather Wiley,heather.wiley@samplehealth.org,Human Resources,North Hospital,HR Business Partner,E00136,2019-05-12,Active,
E00967,P000967,Stephanie,Murphy,Stephanie Murphy,stephanie.murphy@samplehealth.org,Nursing,Cancer Center,Nurse Manager,E00034,2011-09-01,Active,
E00968,P000968,Misty,Boone,Misty Boone,misty.boone@samplehealth.org,Radiology,Outpatient Center A,Radiology Coordinator,E00094,2013-03-17,Active,
E00969,P000969,Jessica,Ellis,Jessica Ellis,jessica.ellis@samplehealth.org,Emergency Services,South Hospital,Registered Nurse,E00196,2022-12-03,Active,
E00970,P000970,Heidi,Horn,Heidi Horn,heidi.horn@samplehealth.org,Laboratory,Central Medical Center,Lab Technician,E00151,2025-02-28,Active,
E00971,P000971,Amanda,Robinson,Amanda Robinson,amanda.robinson@samplehealth.org,Pharmacy,Children's Hospital,Pharmacist,E00056,2018-12-07,Active,
E00972,P000972,Mallory,Simpson,Mallory Simpson,mallory.simpson@samplehealth.org,Nursing,Outpatient Center A,Registered Nurse,E00130,2017-02-12,Leave,
E00973,P000973,Maria,Morgan,Maria Morgan,maria.morgan@samplehealth.org,Finance,Outpatient Center A,Revenue Analyst,E00109,2021-06-16,Active,
E00974,P000974,David,Phelps,David Phelps,david.phelps@samplehealth.org,Clinical Operations,North Hospital,Clinical Analyst,E00164,2025-01-13,Active,
E00975,P000975,Matthew,Fleming,Matthew Fleming,matthew.fleming@samplehealth.org,Emergency Services,South Hospital,Registered Nurse,E00072,2012-06-12,Active,
E00976,P000976,Brandon,Sims,Brandon Sims,brandon.sims@samplehealth.org,Pharmacy,North Hospital,Pharmacy Technician,E00131,2025-11-10,Active,
E00977,P000977,Steve,Martinez,Steve Martinez,steve.martinez@samplehealth.org,Human Resources,Cancer Center,HR Specialist,E00101,2026-03-20,Active,
E00978,P000978,Eric,Bryant,Eric Bryant,eric.bryant@samplehealth.org,Patient Access,North Hospital,Registration Coordinator,E00080,2018-11-26,Active,
E00979,P000979,James,Barker,James Barker,james.barker@samplehealth.org,Clinical Operations,West Hospital,Clinical Analyst,E00015,2013-11-13,Active,
E00980,P000980,Nicole,Turner,Nicole Turner,nicole.turner@samplehealth.org,Human Resources,Outpatient Center A,HR Specialist,E00030,2026-07-02,Active,
E00981,P000981,Sarah,Hill,Sarah Hill,sarah.hill@samplehealth.org,Laboratory,Central Medical Center,Lab Coordinator,E00080,2022-10-05,Active,
E00982,P000982,Michael,Miller,Michael Miller,michael.miller@samplehealth.org,Revenue Cycle,South Hospital,Claims Analyst,E00031,2022-12-06,Active,
E00983,P000983,Rebecca,Martin,Rebecca Martin,rebecca.martin@samplehealth.org,Nursing,South Hospital,Clinical Coordinator,E00180,2018-05-14,Active,
E00984,P000984,Connie,Barber,Connie Barber,connie.barber@samplehealth.org,Nursing,Outpatient Center B,Registered Nurse,E00244,2024-06-21,Active,
E00985,P000985,Jim,Rios,Jim Rios,jim.rios@samplehealth.org,Facilities,Children's Hospital,Facilities Manager,E00043,2023-08-06,Active,
E00986,P000986,Cody,Lewis,Cody Lewis,cody.lewis@samplehealth.org,Facilities,Children's Hospital,Facilities Technician,E00188,2012-12-13,Active,
E00987,P000987,David,Perez,David Perez,david.perez@samplehealth.org,Pharmacy,Cancer Center,Pharmacist,E00207,2023-03-12,Active,
E00988,P000988,Sean,Smith,Sean Smith,sean.smith@samplehealth.org,Radiology,North Hospital,Imaging Specialist,E00068,2017-06-20,Active,
E00989,P000989,Lisa,Mcneil,Lisa Mcneil,lisa.mcneil@samplehealth.org,Clinical Operations,North Hospital,Operations Manager,E00128,2018-10-23,Active,
E00990,P000990,Heather,Woods,Heather Woods,heather.woods@samplehealth.org,Laboratory,Cancer Center,Lab Coordinator,E00015,2015-07-09,Active,
E00991,P000991,Patrick,Cross,Patrick Cross,patrick.cross@samplehealth.org,Laboratory,South Hospital,Lab Coordinator,E00095,2013-05-14,Active,
E00992,P000992,Dakota,Richardson,Dakota Richardson,dakota.richardson@samplehealth.org,Information Technology,North Hospital,Systems Analyst,E00229,2016-09-18,Active,
E00993,P000993,Derrick,Ayala,Derrick Ayala,derrick.ayala@samplehealth.org,Patient Access,North Hospital,Registration Coordinator,E00059,2024-06-08,Active,
E00994,P000994,Nancy,May,Nancy May,nancy.may@samplehealth.org,Clinical Operations,Central Medical Center,Operations Manager,E00012,2023-02-22,Active,
E00995,P000995,Douglas,Moreno,Douglas Moreno,douglas.moreno@samplehealth.org,Nursing,Central Medical Center,Registered Nurse,E00121,2011-10-08,Active,
E00996,P000996,Chelsey,Martin,Chelsey Martin,chelsey.martin@samplehealth.org,Facilities,South Hospital,Maintenance Coordinator,E00046,2017-08-07,Active,
E00997,P000997,Jennifer,Fuller,Jennifer Fuller,jennifer.fuller@samplehealth.org,Nursing,Outpatient Center A,Clinical Coordinator,E00058,2014-03-14,Active,
E00998,P000998,Samantha,Jensen,Samantha Jensen,samantha.jensen@samplehealth.org,Facilities,Outpatient Center A,Facilities Technician,E00235,2019-02-24,Active,
E00999,P000999,Michelle,Miller,Michelle Miller,michelle.miller@samplehealth.org,Clinical Operations,Children's Hospital,Clinical Analyst,E00212,2013-05-02,Terminated,2015-09-19
E01000,P001000,Karen,Lawrence,Karen Lawrence,karen.lawrence@samplehealth.org,Pharmacy,Cancer Center,Pharmacy Manager,E00031,2018-02-27,Active,
E01001,P001001,Michael,Jordan,Michael Jordan,michael.jordan@samplehealth.org,Emergency Services,Central Medical Center,Registered Nurse,E00046,2025-01-30,Active,
E01002,P001002,Donald,Hill,Donald Hill,donald.hill@samplehealth.org,Human Resources,Central Medical Center,Learning Specialist,E00245,2013-01-21,Active,
E01003,P001003,John,Burke,John Burke,john.burke@samplehealth.org,Radiology,Outpatient Center B,Radiology Technician,E00222,2023-11-23,Active,
E01004,P001004,Cathy,Maxwell,Cathy Maxwell,cathy.maxwell@samplehealth.org,Finance,Cancer Center,Accountant,E00023,2023-05-16,Active,
E01005,P001005,Anthony,Boone,Anthony Boone,anthony.boone@samplehealth.org,Emergency Services,Central Medical Center,Emergency Services Coordinator,E00095,2026-07-11,Active,
E01006,P001006,Kevin,Holmes,Kevin Holmes,kevin.holmes@samplehealth.org,Human Resources,Children's Hospital,HR Business Partner,E00190,2020-04-17,Active,
E01007,P001007,Jacob,Myers,Jacob Myers,jacob.myers@samplehealth.org,Patient Access,Outpatient Center B,Patient Access Representative,E00095,2022-08-14,Active,
E01008,P001008,Brian,Hurst,Brian Hurst,brian.hurst@samplehealth.org,Patient Access,West Hospital,Patient Access Specialist,E00188,2015-09-12,Active,
E01009,P001009,Troy,Rodriguez,Troy Rodriguez,troy.rodriguez@samplehealth.org,Emergency Services,South Hospital,Emergency Department Technician,E00002,2020-02-15,Active,
E01010,P001010,Danielle,Jones,Danielle Jones,danielle.jones@samplehealth.org,Radiology,West Hospital,Radiology Technician,E00139,2011-10-30,Active,
E01011,P001011,Valerie,Peck,Valerie Peck,valerie.peck@samplehealth.org,Facilities,Central Medical Center,Facilities Manager,E00244,2013-11-14,Active,
E01012,P001012,Paul,Combs,Paul Combs,paul.combs@samplehealth.org,Facilities,Outpatient Center A,Facilities Technician,E00218,2018-10-14,Terminated,2021-11-22
E01013,P001013,Amy,Thompson,Amy Thompson,amy.thompson@samplehealth.org,Clinical Operations,Children's Hospital,Operations Manager,E00027,2019-08-21,Leave,
E01014,P001014,Stephanie,Townsend,Stephanie Townsend,stephanie.townsend@samplehealth.org,Human Resources,West Hospital,Learning Specialist,E00108,2011-11-28,Active,
E01015,P001015,Brenda,Smith,Brenda Smith,brenda.smith@samplehealth.org,Laboratory,South Hospital,Lab Technician,E00183,2015-04-18,Active,
E01016,P001016,Bill,Brown,Bill Brown,bill.brown@samplehealth.org,Finance,Central Medical Center,Financial Analyst,E00236,2025-01-19,Leave,
E01017,P001017,Raymond,Mitchell,Raymond Mitchell,raymond.mitchell@samplehealth.org,Human Resources,Outpatient Center A,Learning Specialist,E00180,2023-10-01,Active,
E01018,P001018,Walter,Perry,Walter Perry,walter.perry@samplehealth.org,Facilities,North Hospital,Maintenance Coordinator,E00149,2023-07-25,Active,
E01019,P001019,Richard,Davidson,Richard Davidson,richard.davidson@samplehealth.org,Pharmacy,South Hospital,Pharmacy Manager,E00164,2020-10-08,Active,
E01020,P001020,Christina,Ramirez,Christina Ramirez,christina.ramirez@samplehealth.org,Radiology,Central Medical Center,Radiology Technician,E00112,2016-11-23,Active,
E01021,P001021,Christian,Mccall,Christian Mccall,christian.mccall@samplehealth.org,Revenue Cycle,West Hospital,Revenue Cycle Analyst,E00075,2025-05-16,Active,
E01022,P001022,Eric,Murphy,Eric Murphy,eric.murphy@samplehealth.org,Finance,Outpatient Center A,Accountant,E00180,2021-08-07,Active,
E01023,P001023,Cynthia,Davenport,Cynthia Davenport,cynthia.davenport@samplehealth.org,Clinical Operations,Cancer Center,Clinical Analyst,E00116,2023-03-18,Leave,
E01024,P001024,Dawn,Collins,Dawn Collins,dawn.collins@samplehealth.org,Finance,North Hospital,Financial Analyst,E00242,2019-01-25,Terminated,2025-04-10
E01025,P001025,Stephanie,Allen,Stephanie Allen,stephanie.allen@samplehealth.org,Human Resources,North Hospital,HR Specialist,E00040,2015-10-14,Leave,
E01026,P001026,Christopher,Hamilton,Christopher Hamilton,christopher.hamilton@samplehealth.org,Pharmacy,Outpatient Center B,Pharmacist,E00120,2019-05-04,Active,
E01027,P001027,Cheryl,Brown,Cheryl Brown,cheryl.brown@samplehealth.org,Facilities,North Hospital,Maintenance Coordinator,E00138,2022-12-15,Active,
E01028,P001028,Judith,Yang,Judith Yang,judith.yang@samplehealth.org,Facilities,Outpatient Center B,Facilities Technician,E00079,2013-08-28,Active,
E01029,P001029,Alexander,Taylor,Alexander Taylor,alexander.taylor@samplehealth.org,Laboratory,North Hospital,Laboratory Specialist,E00024,2011-10-26,Active,
E01030,P001030,Frank,Benton,Frank Benton,frank.benton@samplehealth.org,Information Technology,Central Medical Center,Systems Analyst,E00056,2020-07-09,Active,
E01031,P001031,Zachary,Carson,Zachary Carson,zachary.carson@samplehealth.org,Facilities,North Hospital,Facilities Technician,E00183,2016-01-13,Active,
E01032,P001032,Gary,Martinez,Gary Martinez,gary.martinez@samplehealth.org,Human Resources,Outpatient Center A,HR Business Partner,E00132,2024-11-29,Active,
E01033,P001033,Morgan,Quinn,Morgan Quinn,morgan.quinn@samplehealth.org,Nursing,Children's Hospital,Clinical Coordinator,E00067,2013-08-19,Active,
E01034,P001034,Kelsey,Johnson,Kelsey Johnson,kelsey.johnson@samplehealth.org,Information Technology,Outpatient Center A,Data Analyst,E00219,2025-05-10,Active,
E01035,P001035,Ruben,Warren,Ruben Warren,ruben.warren@samplehealth.org,Laboratory,West Hospital,Lab Coordinator,E00025,2016-02-05,Active,
E01036,P001036,Jennifer,Ray,Jennifer Ray,jennifer.ray@samplehealth.org,Laboratory,South Hospital,Lab Technician,E00032,2012-12-07,Active,
E01037,P001037,Tyler,Dixon,Tyler Dixon,tyler.dixon@samplehealth.org,Nursing,West Hospital,Registered Nurse,E00034,2012-07-26,Active,
E01038,P001038,Victor,Bradley,Victor Bradley,victor.bradley@samplehealth.org,Human Resources,Cancer Center,HR Business Partner,E00176,2017-11-17,Active,
E01039,P001039,Eric,Ayala,Eric Ayala,eric.ayala@samplehealth.org,Revenue Cycle,North Hospital,Claims Analyst,E00150,2021-05-22,Active,
E01040,P001040,Emily,Wilson,Emily Wilson,emily.wilson@samplehealth.org,Patient Access,North Hospital,Patient Access Specialist,E00006,2024-03-24,Active,
E01041,P001041,William,Williams,William Williams,william.williams@samplehealth.org,Pharmacy,Outpatient Center B,Pharmacist,E00208,2026-04-22,Active,
E01042,P001042,Alexander,Williams,Alexander Williams,alexander.williams@samplehealth.org,Information Technology,Cancer Center,Data Analyst,E00032,2017-10-25,Active,
E01043,P001043,Patrick,Hernandez,Patrick Hernandez,patrick.hernandez@samplehealth.org,Nursing,Central Medical Center,Nurse Manager,E00044,2026-03-19,Active,
E01044,P001044,Austin,Pratt,Austin Pratt,austin.pratt@samplehealth.org,Patient Access,Outpatient Center A,Patient Access Specialist,E00128,2023-10-09,Active,
E01045,P001045,Joy,Barnes,Joy Barnes,joy.barnes@samplehealth.org,Nursing,Outpatient Center A,Nurse Manager,E00045,2017-02-05,Active,
E01046,P001046,John,Moon,John Moon,john.moon@samplehealth.org,Facilities,South Hospital,Facilities Technician,E00071,2017-01-25,Active,
E01047,P001047,Joseph,Miller,Joseph Miller,joseph.miller@samplehealth.org,Finance,South Hospital,Accountant,E00009,2017-12-19,Active,
E01048,P001048,David,Nunez,David Nunez,david.nunez@samplehealth.org,Patient Access,West Hospital,Registration Coordinator,E00166,2012-07-09,Active,
E01049,P001049,Harry,Brock,Harry Brock,harry.brock@samplehealth.org,Finance,Outpatient Center A,Accountant,E00226,2012-05-28,Active,
E01050,P001050,Stephanie,Jones,Stephanie Jones,stephanie.jones@samplehealth.org,Emergency Services,Central Medical Center,Emergency Services Coordinator,E00023,2019-07-15,Active,
E01051,P001051,Michelle,Ayala,Michelle Ayala,michelle.ayala@samplehealth.org,Finance,South Hospital,Accountant,E00108,2016-11-28,Active,
E01052,P001052,Mark,Tran,Mark Tran,mark.tran@samplehealth.org,Human Resources,West Hospital,Learning Specialist,E00162,2011-10-05,Active,
E01053,P001053,Miguel,Carter,Miguel Carter,miguel.carter@samplehealth.org,Emergency Services,Outpatient Center A,Emergency Department Technician,E00201,2024-12-20,Leave,
E01054,P001054,Kevin,Dean,Kevin Dean,kevin.dean@samplehealth.org,Clinical Operations,Outpatient Center B,Clinical Analyst,E00140,2019-07-08,Active,
E01055,P001055,Micheal,Bonilla,Micheal Bonilla,micheal.bonilla@samplehealth.org,Laboratory,Cancer Center,Laboratory Specialist,E00100,2024-10-07,Terminated,2026-06-01
E01056,P001056,James,Mccullough,James Mccullough,james.mccullough@samplehealth.org,Finance,Central Medical Center,Financial Analyst,E00082,2024-07-24,Active,
E01057,P001057,Laura,Hernandez,Laura Hernandez,laura.hernandez@samplehealth.org,Patient Access,Central Medical Center,Patient Access Representative,E00230,2018-08-07,Active,
E01058,P001058,Andrew,Weaver,Andrew Weaver,andrew.weaver@samplehealth.org,Finance,Outpatient Center B,Financial Analyst,E00136,2022-06-11,Active,
E01059,P001059,Mary,Wiley,Mary Wiley,mary.wiley@samplehealth.org,Facilities,West Hospital,Facilities Manager,E00250,2017-04-28,Active,
E01060,P001060,Aaron,Sandoval,Aaron Sandoval,aaron.sandoval@samplehealth.org,Information Technology,West Hospital,Data Analyst,E00169,2026-01-25,Active,
E01061,P001061,Joann,Parker,Joann Parker,joann.parker@samplehealth.org,Human Resources,Central Medical Center,HR Business Partner,E00196,2015-02-12,Active,
E01062,P001062,Alyssa,Allen,Alyssa Allen,alyssa.allen@samplehealth.org,Human Resources,Outpatient Center A,Learning Specialist,E00091,2019-12-30,Terminated,2020-07-03
E01063,P001063,Teresa,Thomas,Teresa Thomas,teresa.thomas@samplehealth.org,Information Technology,West Hospital,Business Analyst,E00152,2016-05-20,Active,
E01064,P001064,Christopher,Morse,Christopher Morse,christopher.morse@samplehealth.org,Facilities,Cancer Center,Facilities Manager,E00234,2026-01-03,Active,
E01065,P001065,April,Haynes,April Haynes,april.haynes@samplehealth.org,Patient Access,Cancer Center,Patient Access Representative,E00243,2017-12-17,Active,
E01066,P001066,Stephen,Adkins,Stephen Adkins,stephen.adkins@samplehealth.org,Patient Access,South Hospital,Registration Coordinator,E00145,2021-07-03,Active,
E01067,P001067,Cody,Anderson,Cody Anderson,cody.anderson@samplehealth.org,Human Resources,Children's Hospital,HR Business Partner,E00045,2025-07-29,Active,
E01068,P001068,Preston,Vargas,Preston Vargas,preston.vargas@samplehealth.org,Laboratory,North Hospital,Lab Technician,E00015,2012-09-07,Active,
E01069,P001069,Ryan,Brandt,Ryan Brandt,ryan.brandt@samplehealth.org,Human Resources,West Hospital,Learning Specialist,E00006,2015-08-27,Active,
E01070,P001070,Kelly,Rosales,Kelly Rosales,kelly.rosales@samplehealth.org,Emergency Services,Central Medical Center,Emergency Services Coordinator,E00085,2025-04-01,Active,
E01071,P001071,Phillip,Decker,Phillip Decker,phillip.decker@samplehealth.org,Patient Access,South Hospital,Patient Access Representative,E00088,2017-03-05,Active,
E01072,P001072,Louis,Nelson,Louis Nelson,louis.nelson@samplehealth.org,Clinical Operations,Cancer Center,Operations Coordinator,E00016,2012-11-23,Active,
E01073,P001073,Sherry,Taylor,Sherry Taylor,sherry.taylor@samplehealth.org,Nursing,South Hospital,Registered Nurse,E00199,2024-09-22,Active,
E01074,P001074,Brenda,Moore,Brenda Moore,brenda.moore@samplehealth.org,Pharmacy,Cancer Center,Pharmacy Manager,E00246,2014-06-03,Active,
E01075,P001075,Shannon,Edwards,Shannon Edwards,shannon.edwards@samplehealth.org,Pharmacy,Outpatient Center A,Pharmacy Technician,E00151,2013-09-05,Terminated,2022-10-18
E01076,P001076,Michael,Townsend,Michael Townsend,michael.townsend@samplehealth.org,Pharmacy,Children's Hospital,Pharmacy Technician,E00083,2019-04-25,Active,
E01077,P001077,Kyle,Baker,Kyle Baker,kyle.baker@samplehealth.org,Information Technology,Outpatient Center A,Business Analyst,E00203,2013-08-31,Active,
E01078,P001078,Christopher,Aguirre,Christopher Aguirre,christopher.aguirre@samplehealth.org,Revenue Cycle,Cancer Center,Billing Specialist,E00045,2016-10-19,Active,
E01079,P001079,Margaret,Terry,Margaret Terry,margaret.terry@samplehealth.org,Clinical Operations,Cancer Center,Operations Manager,E00058,2012-04-23,Active,
E01080,P001080,Jason,Gates,Jason Gates,jason.gates@samplehealth.org,Revenue Cycle,South Hospital,Claims Analyst,E00097,2014-02-23,Leave,
E01081,P001081,Christopher,Wright,Christopher Wright,christopher.wright@samplehealth.org,Finance,Children's Hospital,Revenue Analyst,E00033,2017-09-04,Active,
E01082,P001082,Randy,Williams,Randy Williams,randy.williams@samplehealth.org,Information Technology,Outpatient Center A,Data Analyst,E00218,2016-09-15,Active,
E01083,P001083,Jorge,Ewing,Jorge Ewing,jorge.ewing@samplehealth.org,Patient Access,South Hospital,Patient Access Representative,E00155,2012-02-26,Active,
E01084,P001084,Stephanie,Bond,Stephanie Bond,stephanie.bond@samplehealth.org,Facilities,West Hospital,Facilities Manager,E00164,2021-01-30,Active,
E01085,P001085,Kaitlin,Wright,Kaitlin Wright,kaitlin.wright@samplehealth.org,Patient Access,Outpatient Center B,Patient Access Representative,E00037,2019-06-27,Leave,
E01086,P001086,Curtis,Leon,Curtis Leon,curtis.leon@samplehealth.org,Facilities,North Hospital,Facilities Manager,E00061,2013-09-09,Active,
E01087,P001087,Alexander,Greer,Alexander Greer,alexander.greer@samplehealth.org,Facilities,South Hospital,Maintenance Coordinator,E00163,2015-05-29,Active,
E01088,P001088,David,Colon,David Colon,david.colon@samplehealth.org,Pharmacy,Cancer Center,Pharmacy Manager,E00115,2017-12-16,Active,
E01089,P001089,Gina,Pace,Gina Pace,gina.pace@samplehealth.org,Nursing,West Hospital,Nurse Manager,E00064,2013-01-20,Terminated,2022-12-17
E01090,P001090,Brenda,Lowery,Brenda Lowery,brenda.lowery@samplehealth.org,Clinical Operations,Cancer Center,Operations Coordinator,E00066,2012-11-24,Active,
E01091,P001091,Andrew,Brown,Andrew Brown,andrew.brown@samplehealth.org,Pharmacy,Central Medical Center,Pharmacy Manager,E00013,2022-08-13,Leave,
E01092,P001092,Scott,Anderson,Scott Anderson,scott.anderson@samplehealth.org,Radiology,Outpatient Center A,Imaging Specialist,E00249,2026-01-14,Active,
E01093,P001093,Maria,Rivera,Maria Rivera,maria.rivera@samplehealth.org,Information Technology,Outpatient Center B,Application Analyst,E00226,2012-05-08,Active,
E01094,P001094,Sheri,Williams,Sheri Williams,sheri.williams@samplehealth.org,Radiology,Outpatient Center A,Imaging Specialist,E00026,2021-05-21,Active,
E01095,P001095,Ryan,Ramsey,Ryan Ramsey,ryan.ramsey@samplehealth.org,Laboratory,West Hospital,Lab Coordinator,E00042,2020-01-24,Active,
E01096,P001096,Anthony,Vega,Anthony Vega,anthony.vega@samplehealth.org,Laboratory,Central Medical Center,Lab Technician,E00076,2014-07-25,Active,
E01097,P001097,Michael,Odonnell,Michael Odonnell,michael.odonnell@samplehealth.org,Nursing,Children's Hospital,Nurse Manager,E00244,2016-04-20,Active,
E01098,P001098,Joshua,Stephenson,Joshua Stephenson,joshua.stephenson@samplehealth.org,Pharmacy,Cancer Center,Pharmacist,E00044,2012-03-19,Active,
E01099,P001099,Christina,Jensen,Christina Jensen,christina.jensen@samplehealth.org,Radiology,North Hospital,Radiology Technician,E00141,2022-08-21,Active,
E01100,P001100,Kenneth,Jenkins,Kenneth Jenkins,kenneth.jenkins@samplehealth.org,Pharmacy,Outpatient Center B,Pharmacy Technician,E00181,2020-12-28,Active,
E01101,P001101,Timothy,Miller,Timothy Miller,timothy.miller@samplehealth.org,Nursing,South Hospital,Nurse Manager,E00156,2018-02-20,Active,
E01102,P001102,Derrick,Gonzalez,Derrick Gonzalez,derrick.gonzalez@samplehealth.org,Radiology,Central Medical Center,Radiology Technician,E00026,2025-03-09,Terminated,2026-04-21
E01103,P001103,John,Mcknight,John Mcknight,john.mcknight@samplehealth.org,Facilities,West Hospital,Facilities Technician,E00105,2020-11-15,Active,
E01104,P001104,Laura,Mayo,Laura Mayo,laura.mayo@samplehealth.org,Clinical Operations,Children's Hospital,Operations Manager,E00170,2024-12-04,Leave,
E01105,P001105,Jennifer,Castillo,Jennifer Castillo,jennifer.castillo@samplehealth.org,Finance,West Hospital,Accountant,E00025,2024-12-01,Terminated,2025-12-12
E01106,P001106,Maurice,Cunningham,Maurice Cunningham,maurice.cunningham@samplehealth.org,Nursing,Outpatient Center B,Nurse Manager,E00040,2017-02-04,Active,
E01107,P001107,Paul,White,Paul White,paul.white@samplehealth.org,Nursing,Central Medical Center,Nurse Manager,E00110,2017-01-18,Active,
E01108,P001108,Carla,Johnson,Carla Johnson,carla.johnson@samplehealth.org,Pharmacy,Outpatient Center B,Pharmacy Technician,E00052,2025-06-01,Active,
E01109,P001109,Kimberly,Brown,Kimberly Brown,kimberly.brown@samplehealth.org,Pharmacy,West Hospital,Pharmacist,E00044,2019-08-25,Active,
E01110,P001110,Alyssa,Wang,Alyssa Wang,alyssa.wang@samplehealth.org,Revenue Cycle,North Hospital,Billing Specialist,E00122,2015-08-02,Active,
E01111,P001111,Terri,Garcia,Terri Garcia,terri.garcia@samplehealth.org,Pharmacy,Outpatient Center A,Pharmacy Technician,E00121,2022-10-19,Active,
E01112,P001112,John,Ferguson,John Ferguson,john.ferguson@samplehealth.org,Laboratory,Children's Hospital,Lab Coordinator,E00024,2025-01-31,Active,
E01113,P001113,Samantha,Brown,Samantha Brown,samantha.brown@samplehealth.org,Revenue Cycle,Outpatient Center A,Claims Analyst,E00048,2015-05-11,Active,
E01114,P001114,Barbara,Mcgrath,Barbara Mcgrath,barbara.mcgrath@samplehealth.org,Facilities,Cancer Center,Maintenance Coordinator,E00048,2018-03-26,Active,
E01115,P001115,Michael,Combs,Michael Combs,michael.combs@samplehealth.org,Laboratory,Children's Hospital,Lab Technician,E00113,2026-01-02,Active,
E01116,P001116,Glenn,Young,Glenn Young,glenn.young@samplehealth.org,Laboratory,West Hospital,Laboratory Specialist,E00215,2017-01-13,Active,
E01117,P001117,Linda,Wolfe,Linda Wolfe,linda.wolfe@samplehealth.org,Finance,Central Medical Center,Revenue Analyst,E00039,2021-09-08,Active,
E01118,P001118,Anthony,Haynes,Anthony Haynes,anthony.haynes@samplehealth.org,Clinical Operations,North Hospital,Operations Manager,E00022,2021-04-13,Active,
E01119,P001119,Anne,Hart,Anne Hart,anne.hart@samplehealth.org,Revenue Cycle,Outpatient Center A,Billing Specialist,E00249,2014-10-29,Active,
E01120,P001120,Mary,Cochran,Mary Cochran,mary.cochran@samplehealth.org,Patient Access,Central Medical Center,Patient Access Representative,E00216,2019-12-31,Active,
E01121,P001121,Amber,Thompson,Amber Thompson,amber.thompson@samplehealth.org,Radiology,Outpatient Center A,Radiology Coordinator,E00248,2012-04-08,Active,
E01122,P001122,Christopher,Hall,Christopher Hall,christopher.hall@samplehealth.org,Emergency Services,Outpatient Center B,Registered Nurse,E00147,2015-05-07,Terminated,2015-09-07
E01123,P001123,Alisha,Smith,Alisha Smith,alisha.smith@samplehealth.org,Human Resources,Children's Hospital,HR Business Partner,E00021,2022-01-27,Active,
E01124,P001124,James,Anderson,James Anderson,james.anderson@samplehealth.org,Radiology,Central Medical Center,Radiology Coordinator,E00129,2023-10-27,Active,
E01125,P001125,Gregory,Lang,Gregory Lang,gregory.lang@samplehealth.org,Patient Access,South Hospital,Registration Coordinator,E00031,2026-05-24,Active,
E01126,P001126,Marcus,Johnson,Marcus Johnson,marcus.johnson@samplehealth.org,Laboratory,South Hospital,Lab Technician,E00249,2021-08-09,Active,
E01127,P001127,Janet,Thomas,Janet Thomas,janet.thomas@samplehealth.org,Human Resources,South Hospital,HR Specialist,E00011,2013-07-06,Active,
E01128,P001128,Meghan,Valencia,Meghan Valencia,meghan.valencia@samplehealth.org,Radiology,Outpatient Center A,Radiology Technician,E00052,2012-11-09,Active,
E01129,P001129,Nathaniel,Mcmahon,Nathaniel Mcmahon,nathaniel.mcmahon@samplehealth.org,Revenue Cycle,Children's Hospital,Revenue Cycle Analyst,E00082,2018-05-10,Active,
E01130,P001130,Brenda,Rogers,Brenda Rogers,brenda.rogers@samplehealth.org,Clinical Operations,North Hospital,Operations Coordinator,E00100,2017-02-10,Active,
E01131,P001131,Derek,Moore,Derek Moore,derek.moore@samplehealth.org,Emergency Services,Cancer Center,Emergency Services Coordinator,E00220,2019-01-21,Active,
E01132,P001132,Latoya,Yu,Latoya Yu,latoya.yu@samplehealth.org,Finance,Outpatient Center B,Revenue Analyst,E00235,2022-09-01,Active,
E01133,P001133,Logan,Mann,Logan Mann,logan.mann@samplehealth.org,Nursing,Outpatient Center A,Clinical Coordinator,E00029,2021-03-09,Active,
E01134,P001134,Heather,Mcfarland,Heather Mcfarland,heather.mcfarland@samplehealth.org,Radiology,South Hospital,Radiology Technician,E00146,2025-01-05,Active,
E01135,P001135,Michael,Wade,Michael Wade,michael.wade@samplehealth.org,Patient Access,North Hospital,Registration Coordinator,E00237,2025-06-24,Active,
E01136,,Gregory,Parker,Gregory Parker,gregory.parker@samplehealth.org,Pharmacy,North Hospital,Pharmacy Manager,E00202,2023-05-04,Active,
E01137,P001137,Kelly,Thompson,Kelly Thompson,kelly.thompson@samplehealth.org,Finance,Cancer Center,Revenue Analyst,E00225,2011-08-28,Active,
E01138,P001138,Stacy,Fry,Stacy Fry,stacy.fry@samplehealth.org,Radiology,Outpatient Center A,Imaging Specialist,E00168,2018-04-15,Active,
E01139,P001139,Melissa,Townsend,Melissa Townsend,melissa.townsend@samplehealth.org,Laboratory,Outpatient Center B,Lab Coordinator,E00010,2021-04-12,Active,
E01140,P001140,Antonio,Guzman,Antonio Guzman,antonio.guzman@samplehealth.org,Information Technology,Outpatient Center A,Systems Analyst,E00037,2025-05-20,Active,
E01141,P001141,Tammy,Walker,Tammy Walker,tammy.walker@samplehealth.org,Patient Access,Outpatient Center A,Registration Coordinator,E00010,2021-03-31,Active,
E01142,P001142,Dalton,Crawford,Dalton Crawford,dalton.crawford@samplehealth.org,Radiology,West Hospital,Imaging Specialist,E00013,2017-04-04,Active,
E01143,P001143,Julie,Young,Julie Young,julie.young@samplehealth.org,Clinical Operations,Children's Hospital,Clinical Analyst,E00230,2017-01-22,Active,
E01144,P001144,Gary,Mcclure,Gary Mcclure,gary.mcclure@samplehealth.org,Facilities,Cancer Center,Facilities Technician,E00210,2013-02-18,Active,
E01145,P001145,Lorraine,Santiago,Lorraine Santiago,lorraine.santiago@samplehealth.org,Finance,Children's Hospital,Accountant,E00216,2024-01-12,Active,
E01146,P001146,Olivia,Griffin,Olivia Griffin,olivia.griffin@samplehealth.org,Laboratory,North Hospital,Lab Coordinator,E00249,2016-02-19,Active,
E01147,P001147,Jason,Steele,Jason Steele,jason.steele@samplehealth.org,Human Resources,Children's Hospital,HR Specialist,E00250,2017-08-02,Active,
E01148,P001148,Jonathan,Rodriguez,Jonathan Rodriguez,jonathan.rodriguez@samplehealth.org,Clinical Operations,Cancer Center,Clinical Analyst,E00069,2011-08-24,Active,
E01149,P001149,Brandon,Kim,Brandon Kim,brandon.kim@samplehealth.org,Clinical Operations,North Hospital,Clinical Analyst,E00049,2018-10-06,Active,
E01150,P001150,Tanya,Wilkerson,Tanya Wilkerson,tanya.wilkerson@samplehealth.org,Laboratory,Outpatient Center A,Lab Technician,E00190,2020-01-05,Active,
E01151,P001151,Nicole,Bell,Nicole Bell,nicole.bell@samplehealth.org,Laboratory,Cancer Center,Lab Coordinator,E00211,2018-01-04,Active,
E01152,P001152,Craig,Mendoza,Craig Mendoza,craig.mendoza@samplehealth.org,Nursing,South Hospital,Clinical Coordinator,E00017,2026-04-29,Active,
E01153,P001153,Belinda,Chang,Belinda Chang,belinda.chang@samplehealth.org,Finance,Outpatient Center A,Revenue Analyst,E00035,2015-06-18,Active,
E01154,P001154,Francisco,Jones,Francisco Jones,francisco.jones@samplehealth.org,Emergency Services,Central Medical Center,Registered Nurse,E00045,2026-01-05,Active,
E01155,P001155,Arthur,Smith,Arthur Smith,arthur.smith@samplehealth.org,Human Resources,Central Medical Center,HR Specialist,E00064,2016-01-25,Active,
E01156,P001156,Stephanie,Jones,Stephanie Jones,stephanie.jones@samplehealth.org,Nursing,Central Medical Center,Nurse Manager,E00236,2014-07-08,Active,
E01157,P001157,Pamela,Martin,Pamela Martin,pamela.martin@samplehealth.org,Facilities,West Hospital,Facilities Manager,E00071,2012-11-25,Active,
E01158,P001158,Amy,Villanueva,Amy Villanueva,amy.villanueva@samplehealth.org,Facilities,Outpatient Center A,Maintenance Coordinator,E00163,2013-03-17,Active,
E01159,P001159,Matthew,Galloway,Matthew Galloway,matthew.galloway@samplehealth.org,Pharmacy,Central Medical Center,Pharmacy Manager,E00062,2019-11-02,Active,
E01160,P001160,Janet,Reynolds,Janet Reynolds,janet.reynolds@samplehealth.org,Facilities,Outpatient Center B,Maintenance Coordinator,E00046,2022-09-29,Active,
E01161,P001161,Frederick,Preston,Frederick Preston,frederick.preston@samplehealth.org,Laboratory,Cancer Center,Lab Coordinator,E00089,2014-04-19,Active,
E01162,P001162,Brian,Rivera,Brian Rivera,brian.rivera@samplehealth.org,Information Technology,North Hospital,Systems Analyst,E00073,2014-11-09,Active,
E01163,P001163,Robert,Spencer,Robert Spencer,robert.spencer@samplehealth.org,Nursing,Central Medical Center,Nurse Manager,E00042,2024-01-16,Active,
E01164,P001164,Amber,Guerrero,Amber Guerrero,amber.guerrero@samplehealth.org,Patient Access,West Hospital,Patient Access Representative,E00166,2016-09-06,Active,
E01165,P001165,John,Williams,John Williams,john.williams@samplehealth.org,Human Resources,West Hospital,Learning Specialist,E00069,2021-05-08,Active,
E01166,P001166,Andrea,Henry,Andrea Henry,andrea.henry@samplehealth.org,Revenue Cycle,Central Medical Center,Billing Specialist,E00222,2012-07-20,Active,
E01167,P001167,Michael,Patterson,Michael Patterson,michael.patterson@samplehealth.org,Revenue Cycle,Outpatient Center B,Revenue Cycle Analyst,E00234,2016-08-20,Active,
E01168,P001168,Madison,Weber,Madison Weber,madison.weber@samplehealth.org,Information Technology,Central Medical Center,Business Analyst,E00058,2019-10-18,Active,
E01169,P001169,James,Johnson,James Johnson,james.johnson@samplehealth.org,Finance,Children's Hospital,Revenue Analyst,E00183,2014-07-13,Active,
E01170,P001170,Danielle,Rowland,Danielle Rowland,danielle.rowland@samplehealth.org,Clinical Operations,Children's Hospital,Operations Manager,E00109,2019-09-06,Active,
E01171,P001171,Megan,Parker,Megan Parker,megan.parker@samplehealth.org,,Outpatient Center B,Imaging Specialist,E00065,2018-05-21,Active,
E01172,P001172,Thomas,Jacobson,Thomas Jacobson,thomas.jacobson@samplehealth.org,Human Resources,Children's Hospital,HR Business Partner,E00174,2016-02-18,Terminated,2017-09-06
E01173,P001173,Darlene,Hughes,Darlene Hughes,darlene.hughes@samplehealth.org,Emergency Services,Outpatient Center A,Registered Nurse,E00150,2017-12-08,Active,
E01174,P001174,Nicole,Wood,Nicole Wood,nicole.wood@samplehealth.org,Pharmacy,Cancer Center,Pharmacist,E00144,2019-03-17,Active,
E01175,P001175,Bradley,Gonzales,Bradley Gonzales,bradley.gonzales@samplehealth.org,Revenue Cycle,Children's Hospital,Claims Analyst,E00077,2016-02-08,Active,
E01176,P001176,Jeremy,Adams,Jeremy Adams,jeremy.adams@samplehealth.org,Revenue Cycle,Outpatient Center B,Revenue Cycle Analyst,E00017,2012-09-03,Active,
E01177,P001177,Edward,Horton,Edward Horton,edward.horton@samplehealth.org,Facilities,Cancer Center,Maintenance Coordinator,E00221,2013-04-08,Active,
E01178,P001178,Christopher,Cooper,Christopher Cooper,christopher.cooper@samplehealth.org,Finance,Children's Hospital,Accountant,E00049,2020-11-01,Active,
E01179,P001179,Robert,Avila,Robert Avila,robert.avila@samplehealth.org,Information Technology,Central Medical Center,Business Analyst,E00207,2015-06-30,Active,
E01180,P001180,Angela,Randall,Angela Randall,angela.randall@samplehealth.org,Patient Access,Cancer Center,Patient Access Specialist,E00175,2025-07-19,Active,
E01181,P001181,Alexandra,Sheppard,Alexandra Sheppard,alexandra.sheppard@samplehealth.org,Information Technology,Outpatient Center B,Data Analyst,E00076,2023-04-25,Terminated,2025-05-01
E01182,P001182,Ashley,Young,Ashley Young,ashley.young@samplehealth.org,Finance,Outpatient Center A,Accountant,E00100,2016-09-16,Active,
E01183,P001183,Christian,Orr,Christian Orr,christian.orr@samplehealth.org,Clinical Operations,West Hospital,Operations Coordinator,E00088,2023-10-11,Active,
E01184,P001184,Austin,Duncan,Austin Duncan,austin.duncan@samplehealth.org,Clinical Operations,West Hospital,Operations Manager,E00176,2020-06-01,Leave,
E01185,P001185,Lauren,Byrd,Lauren Byrd,lauren.byrd@samplehealth.org,Emergency Services,Outpatient Center B,Registered Nurse,E00233,2022-03-06,Active,
E01186,P001186,Dylan,Avery,Dylan Avery,dylan.avery@samplehealth.org,Revenue Cycle,Children's Hospital,Billing Specialist,E00217,2019-04-07,Leave,
E01187,P001187,Gerald,Joyce,Gerald Joyce,gerald.joyce@samplehealth.org,Information Technology,Children's Hospital,Business Analyst,E00025,2015-03-25,Active,
E01188,P001188,Lindsey,Martinez,Lindsey Martinez,lindsey.martinez@samplehealth.org,Laboratory,Children's Hospital,Lab Technician,E00186,2018-10-29,Active,
E01189,P001189,Christian,Vega,Christian Vega,christian.vega@samplehealth.org,Emergency Services,Cancer Center,Emergency Department Technician,E00168,2015-01-22,Active,
E01190,P001190,Wendy,Burton,Wendy Burton,wendy.burton@samplehealth.org,Pharmacy,Cancer Center,Pharmacist,E00058,2025-10-24,Active,
E01191,P001191,Brooke,Flores,Brooke Flores,brooke.flores@samplehealth.org,Clinical Operations,Outpatient Center A,Clinical Analyst,E00202,2023-12-30,Active,
E01192,P001192,Robin,Jones,Robin Jones,robin.jones@samplehealth.org,Facilities,Children's Hospital,Maintenance Coordinator,E00150,2018-03-24,Active,
E01193,P001193,Angela,Arnold,Angela Arnold,angela.arnold@samplehealth.org,Finance,North Hospital,Accountant,E00121,2026-03-13,Active,
E01194,P001194,Joshua,Ellis,Joshua Ellis,joshua.ellis@samplehealth.org,Nursing,North Hospital,Clinical Coordinator,E00121,2026-06-26,Active,
E01195,P001195,Alexander,Graves,Alexander Graves,alexander.graves@samplehealth.org,Human Resources,North Hospital,Learning Specialist,E00223,2021-08-15,Active,
E01196,P001196,Alexandra,Barnes,Alexandra Barnes,alexandra.barnes@samplehealth.org,Revenue Cycle,Children's Hospital,Billing Specialist,E00106,2018-09-04,Active,
E01197,P001197,Edward,Knight,Edward Knight,edward.knight@samplehealth.org,Nursing,South Hospital,Registered Nurse,E00052,2021-07-15,Terminated,2022-05-22
E01198,P001198,Sara,Hart,Sara Hart,sara.hart@samplehealth.org,Facilities,Outpatient Center B,Maintenance Coordinator,E00037,2013-05-05,Terminated,2018-03-17
E01199,P001199,Mikayla,Beard,Mikayla Beard,mikayla.beard@samplehealth.org,Facilities,South Hospital,Facilities Manager,E00200,2026-07-24,Active,
E01200,P001200,Robert,Reyes,Robert Reyes,robert.reyes@samplehealth.org,Pharmacy,Cancer Center,Pharmacy Technician,E00162,2019-11-20,Active,
E01201,P001201,Ashley,Kennedy,Ashley Kennedy,ashley.kennedy@samplehealth.org,Information Technology,Central Medical Center,Systems Analyst,E00002,2014-07-22,Active,
E01202,P001202,Joshua,Thomas,Joshua Thomas,joshua.thomas@samplehealth.org,Laboratory,West Hospital,Laboratory Specialist,E00195,2021-12-24,Active,
E01203,P001203,Erin,Morales,Erin Morales,erin.morales@samplehealth.org,Information Technology,Outpatient Center B,Business Analyst,E00202,2018-05-11,Active,
E01204,P001204,Pamela,Rivera,Pamela Rivera,pamela.rivera@samplehealth.org,Pharmacy,Outpatient Center A,Pharmacist,E00163,2015-09-01,Active,
E01205,P001205,Brandon,Alvarez,Brandon Alvarez,brandon.alvarez@samplehealth.org,Radiology,Outpatient Center A,Imaging Specialist,E00248,2016-03-11,Active,
E01206,P001206,Penny,Smith,Penny Smith,penny.smith@samplehealth.org,Laboratory,Central Medical Center,Laboratory Specialist,E00010,2025-07-13,Active,
E01207,P001207,Laura,Collins,Laura Collins,laura.collins@samplehealth.org,Emergency Services,Cancer Center,Emergency Department Technician,E00244,2025-12-18,Active,
E01208,P001208,Travis,Horton,Travis Horton,travis.horton@samplehealth.org,Nursing,West Hospital,Nurse Manager,E00005,2013-04-18,Active,
E01209,P001209,Teresa,Perez,Teresa Perez,teresa.perez@samplehealth.org,Revenue Cycle,West Hospital,Revenue Cycle Analyst,E00058,2016-09-26,Active,
E01210,P001210,Terri,Ramos,Terri Ramos,terri.ramos@samplehealth.org,Clinical Operations,Children's Hospital,Clinical Analyst,E00034,2025-09-03,Terminated,2026-01-05
E01211,P001211,Joseph,Butler,Joseph Butler,joseph.butler@samplehealth.org,Pharmacy,Children's Hospital,Pharmacy Technician,E00043,2022-08-10,Active,
E01212,,Christopher,Alexander,Christopher Alexander,christopher.alexander@samplehealth.org,Pharmacy,Children's Hospital,Pharmacist,E00243,2025-08-22,Active,
E01213,P001213,Richard,Washington,Richard Washington,richard.washington@samplehealth.org,Finance,Cancer Center,Accountant,E00112,2020-05-30,Active,
E01214,P001214,Michelle,Nicholson,Michelle Nicholson,michelle.nicholson@samplehealth.org,Revenue Cycle,Cancer Center,Revenue Cycle Analyst,E00231,2020-05-22,Active,
E01215,P001215,Lacey,Jones,Lacey Jones,lacey.jones@samplehealth.org,Laboratory,West Hospital,Laboratory Specialist,E00043,2023-09-12,Active,
E01216,P001216,William,Taylor,William Taylor,william.taylor@samplehealth.org,Radiology,West Hospital,Radiology Technician,E00058,2026-02-08,Active,
E01217,P001217,Alice,Carroll,Alice Carroll,alice.carroll@samplehealth.org,Clinical Operations,West Hospital,Operations Coordinator,E00188,2014-07-31,Active,
E01218,P001218,James,Whitaker,James Whitaker,james.whitaker@samplehealth.org,Nursing,South Hospital,Clinical Coordinator,E00032,2025-11-11,Active,
E01219,P001219,Brian,Johnson,Brian Johnson,brian.johnson@samplehealth.org,Facilities,Central Medical Center,Facilities Manager,E00097,2012-06-26,Active,
E01220,P001220,Samantha,Bush,Samantha Bush,samantha.bush@samplehealth.org,Revenue Cycle,Central Medical Center,Billing Specialist,E00153,2016-04-14,Active,
E01221,P001221,Micheal,Marshall,Micheal Marshall,micheal.marshall@samplehealth.org,Nursing,North Hospital,Clinical Coordinator,E00168,2018-05-18,Terminated,2023-10-13
E01222,P001222,Sandra,Maldonado,Sandra Maldonado,sandra.maldonado@samplehealth.org,Nursing,North Hospital,Registered Nurse,E00107,2015-09-28,Active,
E01223,P001223,Nathan,Wheeler,Nathan Wheeler,nathan.wheeler@samplehealth.org,Laboratory,North Hospital,Laboratory Specialist,E00141,2014-08-24,Active,
E01224,P001224,Susan,Wells,Susan Wells,susan.wells@samplehealth.org,Finance,South Hospital,Accountant,E00053,2021-01-01,Leave,
E01225,P001225,Michael,Martin,Michael Martin,michael.martin@samplehealth.org,Clinical Operations,Central Medical Center,Operations Manager,E00078,2016-01-10,Active,
E01226,P001226,Kaitlyn,Barker,Kaitlyn Barker,kaitlyn.barker@samplehealth.org,Radiology,North Hospital,Radiology Coordinator,E00170,2016-06-22,Active,
E01227,P001227,Anthony,Williams,Anthony Williams,anthony.williams@samplehealth.org,Emergency Services,South Hospital,Emergency Services Coordinator,E00108,2026-02-24,Active,
E01228,P001228,Ashley,Hanna,Ashley Hanna,ashley.hanna@samplehealth.org,Pharmacy,North Hospital,Pharmacy Manager,E00073,2026-03-16,Active,
E01229,P001229,Jeffrey,Perez,Jeffrey Perez,jeffrey.perez@samplehealth.org,Pharmacy,Outpatient Center B,Pharmacist,E00051,2015-02-21,Terminated,2019-09-20
E01230,P001230,Denise,Palmer,Denise Palmer,denise.palmer@samplehealth.org,Patient Access,Children's Hospital,Patient Access Representative,E00213,2026-05-02,Active,
E01231,P001231,Kimberly,Saunders,Kimberly Saunders,kimberly.saunders@samplehealth.org,Emergency Services,Cancer Center,Emergency Department Technician,E00181,2011-10-11,Active,
E01232,P001232,Thomas,Anderson,Thomas Anderson,thomas.anderson@samplehealth.org,Radiology,South Hospital,Imaging Specialist,E00011,2014-07-28,Active,
E01233,P001233,Carolyn,Smith,Carolyn Smith,carolyn.smith@samplehealth.org,Emergency Services,West Hospital,Emergency Services Coordinator,E00177,2015-12-02,Active,
E01234,P001234,Charlene,Hahn,Charlene Hahn,charlene.hahn@samplehealth.org,Laboratory,West Hospital,Laboratory Specialist,E00001,2023-10-01,Active,
E01235,P001235,Tammy,Day,Tammy Day,tammy.day@samplehealth.org,Nursing,North Hospital,Clinical Coordinator,E00233,2018-11-01,Active,
E01236,P001236,Paula,York,Paula York,paula.york@samplehealth.org,Pharmacy,Outpatient Center B,Pharmacy Manager,E00039,2019-06-08,Active,
E01237,P001237,Johnathan,Owens,Johnathan Owens,johnathan.owens@samplehealth.org,Pharmacy,North Hospital,Pharmacy Manager,E00186,2023-02-22,Active,
E01238,P001238,Abigail,Hanson,Abigail Hanson,abigail.hanson@samplehealth.org,Clinical Operations,Children's Hospital,Operations Coordinator,E00165,2021-07-26,Active,
E01239,P001239,Curtis,Hunt,Curtis Hunt,curtis.hunt@samplehealth.org,Human Resources,Children's Hospital,HR Business Partner,E00068,2022-11-22,Terminated,2026-06-23
E01240,P001240,Mary,Hoffman,Mary Hoffman,mary.hoffman@samplehealth.org,Laboratory,North Hospital,Lab Technician,E00209,2021-09-22,Active,
E01241,P001241,Chelsea,Evans,Chelsea Evans,chelsea.evans@samplehealth.org,Information Technology,Children's Hospital,Data Analyst,E00093,2013-06-18,Active,
E01242,P001242,Timothy,Rogers,Timothy Rogers,timothy.rogers@samplehealth.org,Revenue Cycle,Outpatient Center A,Billing Specialist,E00190,2016-04-30,Active,
E01243,P001243,Danielle,Hensley,Danielle Hensley,danielle.hensley@samplehealth.org,Pharmacy,Central Medical Center,Pharmacist,E00003,2016-01-25,Active,
E01244,,Diana,Farley,Diana Farley,diana.farley@samplehealth.org,Information Technology,Cancer Center,Business Analyst,E00092,2022-09-16,Active,
E01245,P001245,Kent,Hernandez,Kent Hernandez,kent.hernandez@samplehealth.org,Laboratory,Children's Hospital,Lab Coordinator,E00225,2024-08-24,Active,
E01246,P001246,John,Brown,John Brown,john.brown@samplehealth.org,Clinical Operations,Cancer Center,Operations Coordinator,E00209,2026-03-18,Active,
E01247,P001247,Leah,Greene,Leah Greene,leah.greene@samplehealth.org,Facilities,North Hospital,Facilities Technician,E00103,2022-11-11,Active,
E01248,P001248,Luis,Taylor,Luis Taylor,luis.taylor@samplehealth.org,Radiology,Children's Hospital,Imaging Specialist,E00214,2012-01-22,Active,
E01249,P001249,Diana,Bright,Diana Bright,diana.bright@samplehealth.org,Radiology,Outpatient Center B,Radiology Coordinator,E00205,2016-01-15,Leave,
E01250,P001250,Rebecca,Sullivan,Rebecca Sullivan,rebecca.sullivan@samplehealth.org,Radiology,South Hospital,Radiology Coordinator,E00029,2024-02-27,Active,
E01251,P001251,Austin,Erickson,Austin Erickson,austin.erickson@samplehealth.org,Information Technology,South Hospital,Data Analyst,E00027,2021-05-10,Active,
E01252,P001252,Lisa,Cooper,Lisa Cooper,lisa.cooper@samplehealth.org,Radiology,Outpatient Center B,Radiology Coordinator,E00206,2023-10-05,Active,
E01253,P001253,Jeffrey,Nichols,Jeffrey Nichols,jeffrey.nichols@samplehealth.org,Patient Access,Outpatient Center B,Registration Coordinator,E00047,2024-12-23,Active,
E01254,P001254,Thomas,Shepard,Thomas Shepard,thomas.shepard@samplehealth.org,Patient Access,Cancer Center,Patient Access Specialist,E00157,2017-09-21,Active,
E01255,P001255,William,Bruce,William Bruce,william.bruce@samplehealth.org,Nursing,South Hospital,Clinical Coordinator,E00124,2025-12-04,Active,
E01256,P001256,Diane,Grant,Diane Grant,diane.grant@samplehealth.org,Laboratory,Outpatient Center A,Lab Technician,E00113,2016-08-15,Active,
E01257,P001257,Connor,Anderson,Connor Anderson,connor.anderson@samplehealth.org,Nursing,Children's Hospital,Registered Nurse,E00168,2016-01-10,Active,
E01258,P001258,Jessica,Hansen,Jessica Hansen,jessica.hansen@samplehealth.org,Facilities,West Hospital,Facilities Technician,E00245,2014-09-27,Active,
E01259,P001259,Stacey,Lam,Stacey Lam,stacey.lam@samplehealth.org,Revenue Cycle,North Hospital,Billing Specialist,E00111,2022-10-04,Active,
E01260,P001260,Christopher,Kelly,Christopher Kelly,christopher.kelly@samplehealth.org,Revenue Cycle,West Hospital,Claims Analyst,E00124,2024-04-14,Active,
E01261,P001261,Monica,Fisher,Monica Fisher,monica.fisher@samplehealth.org,Facilities,Outpatient Center A,Facilities Manager,E00039,2017-04-05,Active,
E01262,P001262,Nathan,Richards,Nathan Richards,nathan.richards@samplehealth.org,Emergency Services,Central Medical Center,Registered Nurse,E00003,2019-07-07,Active,
E01263,P001263,Melissa,Ruiz,Melissa Ruiz,melissa.ruiz@samplehealth.org,Revenue Cycle,Outpatient Center B,Revenue Cycle Analyst,E00219,2026-05-13,Active,
E01264,P001264,Cynthia,Carpenter,Cynthia Carpenter,cynthia.carpenter@samplehealth.org,Laboratory,North Hospital,Lab Technician,E00193,2022-03-08,Active,
E01265,P001265,Charles,Preston,Charles Preston,charles.preston@samplehealth.org,Laboratory,West Hospital,Laboratory Specialist,E00085,2020-02-20,Active,
E01266,P001266,David,Becker,David Becker,david.becker@samplehealth.org,Finance,West Hospital,Financial Analyst,E00141,2020-08-21,Active,
E01267,P001267,Kenneth,Brown,Kenneth Brown,kenneth.brown@samplehealth.org,Revenue Cycle,Outpatient Center A,Billing Specialist,E00210,2026-02-27,Active,
E01268,P001268,Edward,Gay,Edward Gay,edward.gay@samplehealth.org,Human Resources,Outpatient Center B,HR Specialist,E00114,2017-06-15,Active,
E01269,P001269,Robert,Hudson,Robert Hudson,robert.hudson@samplehealth.org,Patient Access,North Hospital,Patient Access Specialist,E00220,2019-05-30,Active,
E01270,P001270,Douglas,Huffman,Douglas Huffman,douglas.huffman@samplehealth.org,Laboratory,Cancer Center,Laboratory Specialist,E00031,2014-09-10,Active,
E01271,P001271,Kimberly,Freeman,Kimberly Freeman,kimberly.freeman@samplehealth.org,Laboratory,Central Medical Center,Lab Coordinator,E00027,2022-05-12,Active,
E01272,P001272,Valerie,Edwards,Valerie Edwards,valerie.edwards@samplehealth.org,Radiology,Central Medical Center,Imaging Specialist,E00143,2012-08-11,Active,
E01273,P001273,Adam,Hill,Adam Hill,adam.hill@samplehealth.org,Emergency Services,North Hospital,Emergency Department Technician,E00203,2024-07-28,Active,
E01274,P001274,Kim,Johnston,Kim Johnston,kim.johnston@samplehealth.org,Patient Access,Children's Hospital,Registration Coordinator,E00228,2014-04-27,Active,
E01275,P001275,Tracy,Gallagher,Tracy Gallagher,tracy.gallagher@samplehealth.org,Emergency Services,West Hospital,Registered Nurse,E00168,2013-02-14,Active,
E01276,P001276,David,Hamilton,David Hamilton,david.hamilton@samplehealth.org,Revenue Cycle,Cancer Center,Billing Specialist,E00094,2018-12-06,Active,
E01277,P001277,Richard,Sanford,Richard Sanford,richard.sanford@samplehealth.org,Nursing,Outpatient Center B,Registered Nurse,E00085,2018-02-22,Active,
E01278,P001278,Adam,Ferguson,Adam Ferguson,adam.ferguson@samplehealth.org,Emergency Services,Outpatient Center B,Registered Nurse,E00184,2024-01-21,Terminated,2025-08-22
E01279,P001279,Stephanie,Mcclain,Stephanie Mcclain,stephanie.mcclain@samplehealth.org,Revenue Cycle,Outpatient Center B,Billing Specialist,E00030,2024-07-01,Active,
E01280,P001280,Martha,Lee,Martha Lee,martha.lee@samplehealth.org,Pharmacy,West Hospital,Pharmacy Manager,E00001,2023-02-20,Active,
E01281,P001281,Adam,Gross,Adam Gross,adam.gross@samplehealth.org,Facilities,Children's Hospital,Maintenance Coordinator,E00141,2015-06-22,Active,
E01282,P001282,Heather,Cooper,Heather Cooper,heather.cooper@samplehealth.org,Emergency Services,North Hospital,Emergency Services Coordinator,E00012,2013-10-26,Active,
E01283,P001283,Curtis,Gordon,Curtis Gordon,curtis.gordon@samplehealth.org,Information Technology,South Hospital,Application Analyst,E00211,2016-10-31,Active,
E01284,P001284,Gary,Colon,Gary Colon,gary.colon@samplehealth.org,Clinical Operations,Outpatient Center A,Operations Manager,E00028,2016-09-11,Active,
E01285,P001285,Stacy,Bryant,Stacy Bryant,stacy.bryant@samplehealth.org,Finance,West Hospital,Revenue Analyst,E00049,2020-06-22,Active,
E01286,P001286,Caitlyn,Morgan,Caitlyn Morgan,caitlyn.morgan@samplehealth.org,Pharmacy,West Hospital,Pharmacy Technician,E00118,2023-04-23,Active,
E01287,P001287,Wendy,Cooper,Wendy Cooper,wendy.cooper@samplehealth.org,Human Resources,Cancer Center,Learning Specialist,E00028,2019-12-18,Active,
E01288,P001288,Michael,Lopez,Michael Lopez,michael.lopez@samplehealth.org,Radiology,North Hospital,Radiology Technician,E00198,2025-06-09,Active,
E01289,P001289,Richard,Perez,Richard Perez,richard.perez@samplehealth.org,Laboratory,South Hospital,Laboratory Specialist,E00247,2023-12-30,Active,
E01290,P001290,Traci,Clark,Traci Clark,traci.clark@samplehealth.org,Laboratory,Central Medical Center,Lab Technician,E00142,2011-12-31,Active,
E01291,P001291,Brittany,Jackson,Brittany Jackson,brittany.jackson@samplehealth.org,Radiology,Outpatient Center B,Radiology Coordinator,E00237,2017-11-10,Active,
E01292,P001292,Jennifer,Conner,Jennifer Conner,jennifer.conner@samplehealth.org,Emergency Services,South Hospital,Emergency Department Technician,E00188,2018-01-03,Active,
E01293,P001293,Nancy,Scott,Nancy Scott,nancy.scott@samplehealth.org,Information Technology,Outpatient Center A,Data Analyst,E00169,2020-09-20,Active,
E01294,P001294,Cindy,Wheeler,Cindy Wheeler,cindy.wheeler@samplehealth.org,Patient Access,Cancer Center,Registration Coordinator,E00130,2012-06-10,Active,
E01295,P001295,Ebony,Valdez,Ebony Valdez,ebony.valdez@samplehealth.org,Radiology,West Hospital,Imaging Specialist,E00071,2011-12-17,Active,
E01296,P001296,Brandon,Wilson,Brandon Wilson,brandon.wilson@samplehealth.org,Radiology,Children's Hospital,Imaging Specialist,E00116,2019-03-08,Active,
E01297,P001297,Omar,Kelley,Omar Kelley,omar.kelley@samplehealth.org,Information Technology,Outpatient Center A,Business Analyst,E00155,2019-09-11,Active,
E01298,P001298,Jacqueline,Harris,Jacqueline Harris,jacqueline.harris@samplehealth.org,Clinical Operations,Children's Hospital,Operations Manager,E00216,2023-04-17,Active,
E01299,P001299,Crystal,Turner,Crystal Turner,crystal.turner@samplehealth.org,Clinical Operations,Cancer Center,Operations Manager,E00183,2022-11-18,Active,
E01300,P001300,Craig,Meyer,Craig Meyer,craig.meyer@samplehealth.org,Clinical Operations,West Hospital,Operations Manager,E00052,2022-03-21,Active,
E01301,P001301,Catherine,Taylor,Catherine Taylor,catherine.taylor@samplehealth.org,Human Resources,Children's Hospital,Learning Specialist,E00176,2025-10-03,Active,
E01302,P001302,Rachel,Hunt,Rachel Hunt,rachel.hunt@samplehealth.org,Facilities,South Hospital,Facilities Manager,E00182,2022-02-18,Leave,
E01303,P001303,David,Wilson,David Wilson,david.wilson@samplehealth.org,Revenue Cycle,Cancer Center,Revenue Cycle Analyst,E00182,2013-06-07,Active,
E01304,P001304,Tyler,Lynch,Tyler Lynch,tyler.lynch@samplehealth.org,Pharmacy,Outpatient Center B,Pharmacy Technician,E00150,2024-11-10,Active,
E01305,P001305,Jose,Mills,Jose Mills,jose.mills@samplehealth.org,Patient Access,Outpatient Center A,Registration Coordinator,E00173,2015-01-21,Active,
E01306,P001306,Michael,Ortiz,Michael Ortiz,michael.ortiz@samplehealth.org,Clinical Operations,Children's Hospital,Operations Manager,E00225,2014-05-09,Active,
E01307,P001307,Benjamin,Crawford,Benjamin Crawford,benjamin.crawford@samplehealth.org,Radiology,North Hospital,Radiology Technician,E00007,2015-02-27,Active,
E01308,P001308,Haley,Castillo,Haley Castillo,haley.castillo@samplehealth.org,Radiology,Central Medical Center,Radiology Technician,E00172,2015-08-13,Active,
E01309,P001309,Aaron,Powers,Aaron Powers,aaron.powers@samplehealth.org,Nursing,Children's Hospital,Registered Nurse,E00193,2013-07-03,Active,
E01310,P001310,Mary,Caldwell,Mary Caldwell,mary.caldwell@samplehealth.org,Information Technology,Children's Hospital,Systems Analyst,E00038,2014-02-28,Active,
E01311,P001311,Stacy,Chan,Stacy Chan,stacy.chan@samplehealth.org,Nursing,Children's Hospital,Clinical Coordinator,E00053,2012-11-25,Active,
E01312,P001312,Jennifer,Garcia,Jennifer Garcia,jennifer.garcia@samplehealth.org,Emergency Services,Cancer Center,Emergency Department Technician,E00209,2015-12-24,Active,
E01313,P001313,Dawn,Bryant,Dawn Bryant,dawn.bryant@samplehealth.org,Laboratory,West Hospital,Lab Technician,E00191,2016-08-29,Active,
E01314,P001314,Joseph,Williams,Joseph Williams,joseph.williams@samplehealth.org,Revenue Cycle,Outpatient Center A,Claims Analyst,E00061,2025-06-16,Active,
E01315,P001315,Gregg,Williams,Gregg Williams,gregg.williams@samplehealth.org,Emergency Services,Children's Hospital,Registered Nurse,E00178,2016-07-26,Active,
E01316,P001316,Michael,Rhodes,Michael Rhodes,michael.rhodes@samplehealth.org,Revenue Cycle,Outpatient Center A,Revenue Cycle Analyst,E00100,2018-11-15,Active,
E01317,P001317,Joanna,Davis,Joanna Davis,joanna.davis@samplehealth.org,Radiology,Cancer Center,Radiology Coordinator,E00248,2024-07-10,Active,
E01318,P001318,Pamela,Smith,Pamela Smith,pamela.smith@samplehealth.org,Emergency Services,Central Medical Center,Emergency Department Technician,E00191,2013-12-23,Active,
E01319,P001319,Elizabeth,Jackson,Elizabeth Jackson,elizabeth.jackson@samplehealth.org,Finance,Outpatient Center B,Financial Analyst,E00213,2017-09-15,Active,
E01320,P001320,Patricia,Friedman,Patricia Friedman,patricia.friedman@samplehealth.org,Human Resources,Cancer Center,Learning Specialist,E00194,2016-03-10,Active,
E01321,P001321,Natalie,Davis,Natalie Davis,natalie.davis@samplehealth.org,Patient Access,West Hospital,Registration Coordinator,E00199,2025-06-28,Active,
E01322,P001322,Matthew,Wilson,Matthew Wilson,matthew.wilson@samplehealth.org,Clinical Operations,Children's Hospital,Operations Coordinator,E00115,2018-06-08,Active,
E01323,P001323,Suzanne,Nelson,Suzanne Nelson,suzanne.nelson@samplehealth.org,Information Technology,South Hospital,Data Analyst,E00247,2018-03-09,Active,
E01324,P001324,Hannah,Mendoza,Hannah Mendoza,hannah.mendoza@samplehealth.org,Information Technology,Outpatient Center A,Data Analyst,E00011,2018-10-19,Active,
E01325,P001325,Deborah,Robles,Deborah Robles,deborah.robles@samplehealth.org,Radiology,Children's Hospital,Imaging Specialist,E00034,2013-07-19,Terminated,2015-10-20
E01326,P001326,Heather,Brown,Heather Brown,heather.brown@samplehealth.org,Information Technology,Central Medical Center,Systems Analyst,E00085,2025-12-27,Active,
E01327,P001327,Erik,Perry,Erik Perry,erik.perry@samplehealth.org,Laboratory,South Hospital,Lab Coordinator,E00011,2021-09-03,Active,
E01328,P001328,Timothy,Carroll,Timothy Carroll,timothy.carroll@samplehealth.org,Information Technology,Central Medical Center,Systems Analyst,E00199,2019-01-29,Active,
E01329,P001329,Howard,James,Howard James,howard.james@samplehealth.org,Revenue Cycle,Children's Hospital,Claims Analyst,E00126,2017-09-22,Active,
E01330,P001330,Cheryl,Huffman,Cheryl Huffman,cheryl.huffman@samplehealth.org,Patient Access,Cancer Center,Registration Coordinator,E00019,2026-08-05,Active,
E01331,P001331,Mary,Mcpherson,Mary Mcpherson,mary.mcpherson@samplehealth.org,Clinical Operations,West Hospital,Clinical Analyst,E00245,2013-11-05,Active,
E01332,P001332,Timothy,Freeman,Timothy Freeman,timothy.freeman@samplehealth.org,Information Technology,South Hospital,Data Analyst,E00107,2018-08-15,Active,
E01333,P001333,Scott,Brown,Scott Brown,scott.brown@samplehealth.org,Emergency Services,Outpatient Center A,Registered Nurse,E00024,2022-10-07,Active,
E01334,P001334,Leon,Bush,Leon Bush,leon.bush@samplehealth.org,Facilities,West Hospital,Facilities Technician,E00170,2023-02-27,Terminated,2025-05-22
E01335,P001335,Katrina,Ray,Katrina Ray,katrina.ray@samplehealth.org,Facilities,Cancer Center,Maintenance Coordinator,E00076,2021-03-27,Terminated,2023-02-20
E01336,P001336,Tiffany,Santiago,Tiffany Santiago,tiffany.santiago@samplehealth.org,Human Resources,Outpatient Center B,Learning Specialist,E00144,2017-05-19,Active,
E01337,P001337,April,Watts,April Watts,april.watts@samplehealth.org,Revenue Cycle,North Hospital,Revenue Cycle Analyst,E00172,2022-02-21,Active,
E01338,P001338,Cody,Stanley,Cody Stanley,cody.stanley@samplehealth.org,Facilities,West Hospital,Maintenance Coordinator,E00232,2015-11-08,Active,
E01339,P001339,Timothy,Alvarado,Timothy Alvarado,timothy.alvarado@samplehealth.org,Revenue Cycle,West Hospital,Claims Analyst,E00246,2022-07-15,Active,
E01340,P001340,Paul,Combs,Paul Combs,paul.combs@samplehealth.org,Nursing,Cancer Center,Clinical Coordinator,E00098,2021-02-14,Active,
E01341,P001341,Patricia,Salazar,Patricia Salazar,patricia.salazar@samplehealth.org,Pharmacy,Children's Hospital,Pharmacy Technician,E00139,2011-10-28,Active,
E01342,P001342,Dawn,Moore,Dawn Moore,dawn.moore@samplehealth.org,Clinical Operations,Central Medical Center,Clinical Analyst,E00234,2026-01-24,Active,
E01343,P001343,Taylor,Simpson,Taylor Simpson,taylor.simpson@samplehealth.org,Emergency Services,Outpatient Center B,Emergency Services Coordinator,E00125,2014-06-09,Active,
E01344,P001344,Charles,Vasquez,Charles Vasquez,charles.vasquez@samplehealth.org,Nursing,West Hospital,Nurse Manager,E00083,2015-09-21,Active,
E01345,P001345,Mark,Ramirez,Mark Ramirez,mark.ramirez@samplehealth.org,Emergency Services,North Hospital,Emergency Department Technician,E00043,2020-03-31,Active,
E01346,P001346,Jeffrey,Schneider,Jeffrey Schneider,jeffrey.schneider@samplehealth.org,Emergency Services,Central Medical Center,Registered Nurse,E00161,2018-06-26,Active,
E01347,,Lisa,Miller,Lisa Miller,lisa.miller@samplehealth.org,Pharmacy,West Hospital,Pharmacist,E00222,2019-03-08,Active,
E01348,P001348,Laurie,West,Laurie West,laurie.west@samplehealth.org,Revenue Cycle,North Hospital,Billing Specialist,E00053,2026-03-13,Active,
E01349,P001349,Vernon,Stewart,Vernon Stewart,vernon.stewart@samplehealth.org,Emergency Services,Outpatient Center A,Registered Nurse,E00166,2020-02-01,Terminated,2026-06-04
E01350,P001350,Denise,Garcia,Denise Garcia,denise.garcia@samplehealth.org,Pharmacy,South Hospital,Pharmacy Manager,E00007,2018-08-22,Active,
E01351,P001351,Barry,Dunn,Barry Dunn,barry.dunn@samplehealth.org,Laboratory,Cancer Center,Lab Coordinator,E00010,2025-09-04,Active,
E01352,P001352,Christopher,Munoz,Christopher Munoz,christopher.munoz@samplehealth.org,Pharmacy,Central Medical Center,Pharmacist,E00046,2022-02-26,Active,
E01353,P001353,Dana,Wu,Dana Wu,dana.wu@samplehealth.org,Finance,North Hospital,Revenue Analyst,E00148,2021-03-11,Active,
E01354,P001354,Jamie,Powers,Jamie Powers,jamie.powers@samplehealth.org,Human Resources,Outpatient Center A,HR Business Partner,E00100,2017-06-03,Active,
E01355,P001355,Michael,Brown,Michael Brown,michael.brown@samplehealth.org,Laboratory,Outpatient Center A,Lab Coordinator,E00111,2015-06-02,Active,
E01356,P001356,Megan,Rivera,Megan Rivera,megan.rivera@samplehealth.org,Facilities,Outpatient Center A,Facilities Technician,E00173,2024-09-05,Active,
E01357,P001357,Christine,Kennedy,Christine Kennedy,christine.kennedy@samplehealth.org,Pharmacy,Central Medical Center,Pharmacy Manager,E00165,2022-10-21,Active,
E01358,P001358,Michael,Chavez,Michael Chavez,michael.chavez@samplehealth.org,Clinical Operations,North Hospital,Operations Manager,E00194,2013-04-13,Active,
E01359,P001359,Katherine,Walker,Katherine Walker,katherine.walker@samplehealth.org,Clinical Operations,Central Medical Center,Operations Manager,E00180,2017-06-07,Active,
E01360,P001360,Michael,Schultz,Michael Schultz,michael.schultz@samplehealth.org,Pharmacy,North Hospital,Pharmacy Technician,E00075,2025-03-26,Active,
E01361,P001361,Kelly,Boyd,Kelly Boyd,kelly.boyd@samplehealth.org,Revenue Cycle,North Hospital,Billing Specialist,E00073,2023-07-27,Active,
E01362,P001362,Daniel,Prince,Daniel Prince,daniel.prince@samplehealth.org,Laboratory,Outpatient Center A,Laboratory Specialist,E00211,2020-01-01,Active,
E01363,P001363,Donald,Love,Donald Love,donald.love@samplehealth.org,Revenue Cycle,Outpatient Center B,Revenue Cycle Analyst,E00041,2023-11-25,Active,
E01364,P001364,Robert,King,Robert King,robert.king@samplehealth.org,Emergency Services,South Hospital,Emergency Department Technician,E00192,2014-12-16,Active,
E01365,P001365,Jacob,Conrad,Jacob Conrad,jacob.conrad@samplehealth.org,Radiology,Children's Hospital,Radiology Coordinator,E00246,2018-04-23,Active,
E01366,P001366,Jason,Summers,Jason Summers,jason.summers@samplehealth.org,Revenue Cycle,Children's Hospital,Revenue Cycle Analyst,E00174,2014-11-13,Active,
E01367,P001367,Jennifer,Rodriguez,Jennifer Rodriguez,jennifer.rodriguez@samplehealth.org,Clinical Operations,Cancer Center,Operations Manager,E00246,2018-09-04,Active,
E01368,P001368,Brandon,Schultz,Brandon Schultz,brandon.schultz@samplehealth.org,Nursing,South Hospital,Clinical Coordinator,E00032,2023-01-22,Active,
E01369,P001369,Brianna,Barton,Brianna Barton,brianna.barton@samplehealth.org,Nursing,Outpatient Center A,Registered Nurse,E00138,2019-04-16,Active,
E01370,P001370,Stephen,Lawrence,Stephen Lawrence,stephen.lawrence@samplehealth.org,Emergency Services,Children's Hospital,Emergency Department Technician,E00054,2020-03-14,Active,
E01371,P001371,Dennis,Porter,Dennis Porter,dennis.porter@samplehealth.org,Clinical Operations,Cancer Center,Operations Manager,E00055,2020-08-24,Terminated,2021-01-21
E01372,P001372,Angela,Reynolds,Angela Reynolds,angela.reynolds@samplehealth.org,Radiology,South Hospital,Radiology Coordinator,E00042,2021-07-30,Active,
E01373,P001373,Timothy,Romero,Timothy Romero,timothy.romero@samplehealth.org,Information Technology,Children's Hospital,Business Analyst,E00050,2014-08-22,Active,
E01374,P001374,Heather,Thompson,Heather Thompson,heather.thompson@samplehealth.org,Pharmacy,Central Medical Center,Pharmacist,E00218,2025-06-29,Active,
E01375,P001375,David,Hughes,David Hughes,david.hughes@samplehealth.org,Emergency Services,North Hospital,Emergency Services Coordinator,E00075,2021-11-03,Active,
E01376,P001376,Catherine,Morris,Catherine Morris,catherine.morris@samplehealth.org,Revenue Cycle,Children's Hospital,Revenue Cycle Analyst,E00026,2018-03-03,Active,
E01377,P001377,Robert,Lynch,Robert Lynch,robert.lynch@samplehealth.org,Human Resources,Outpatient Center B,Learning Specialist,E00244,2023-05-29,Active,
E01378,P001378,Kathryn,Hill,Kathryn Hill,kathryn.hill@samplehealth.org,Facilities,South Hospital,Maintenance Coordinator,E00172,2017-06-16,Active,
E01379,P001379,Tara,Chavez,Tara Chavez,tara.chavez@samplehealth.org,Revenue Cycle,North Hospital,Revenue Cycle Analyst,E00073,2013-11-22,Active,
E01380,P001380,Devon,Morrison,Devon Morrison,devon.morrison@samplehealth.org,Patient Access,West Hospital,Patient Access Representative,E00082,2024-05-10,Active,
E01381,P001381,William,Cameron,William Cameron,william.cameron@samplehealth.org,Laboratory,Cancer Center,Laboratory Specialist,E00158,2020-12-10,Active,
E01382,P001382,Michelle,Joseph,Michelle Joseph,michelle.joseph@samplehealth.org,Revenue Cycle,South Hospital,Billing Specialist,E00145,2021-01-15,Active,
E01383,P001383,Cynthia,Harris,Cynthia Harris,cynthia.harris@samplehealth.org,Patient Access,Cancer Center,Patient Access Specialist,E00246,2022-03-30,Terminated,2024-09-17
E01384,P001384,Glenda,Morse,Glenda Morse,glenda.morse@samplehealth.org,Radiology,Central Medical Center,Radiology Technician,E00081,2013-11-18,Active,
E01385,P001385,Tina,Santos,Tina Santos,tina.santos@samplehealth.org,Human Resources,Outpatient Center A,HR Specialist,E00071,2014-08-25,Active,
E01386,P001386,William,Benson,William Benson,william.benson@samplehealth.org,Facilities,Cancer Center,Facilities Technician,E00225,2017-02-09,Active,
E01387,P001387,Jennifer,Hodges,Jennifer Hodges,jennifer.hodges@samplehealth.org,Laboratory,Outpatient Center B,Laboratory Specialist,E00092,2021-03-10,Active,
E01388,P001388,Timothy,Duncan,Timothy Duncan,timothy.duncan@samplehealth.org,Finance,North Hospital,Accountant,E00045,2022-12-22,Active,
E01389,P001389,Jennifer,Craig,Jennifer Craig,jennifer.craig@samplehealth.org,Revenue Cycle,North Hospital,Claims Analyst,E00216,2025-12-09,Terminated,2026-07-04
E01390,P001390,Justin,Boone,Justin Boone,justin.boone@samplehealth.org,Finance,West Hospital,Financial Analyst,E00068,2025-05-17,Active,
E01391,P001391,Alexander,Rodriguez,Alexander Rodriguez,alexander.rodriguez@samplehealth.org,Clinical Operations,North Hospital,Operations Manager,E00187,2018-02-07,Active,
E01392,P001392,Dustin,Santiago,Dustin Santiago,dustin.santiago@samplehealth.org,Pharmacy,Central Medical Center,Pharmacist,E00209,2015-01-10,Active,
E01393,P001393,Joseph,Floyd,Joseph Floyd,joseph.floyd@samplehealth.org,Patient Access,Outpatient Center A,Registration Coordinator,E00197,2016-07-01,Active,
E01394,P001394,Frances,Thomas,Frances Thomas,frances.thomas@samplehealth.org,Patient Access,Central Medical Center,Patient Access Representative,E00142,2012-09-05,Active,
E01395,P001395,Hannah,Phillips,Hannah Phillips,hannah.phillips@samplehealth.org,Finance,Outpatient Center B,Revenue Analyst,E00168,2024-06-11,Active,
E01396,P001396,Amber,Howard,Amber Howard,amber.howard@samplehealth.org,Information Technology,Outpatient Center A,Systems Analyst,E00058,2019-04-29,Active,
E01397,P001397,Curtis,Parrish,Curtis Parrish,curtis.parrish@samplehealth.org,Patient Access,Children's Hospital,Registration Coordinator,E00035,2024-03-16,Active,
E01398,P001398,Anna,Walker,Anna Walker,anna.walker@samplehealth.org,Laboratory,North Hospital,Lab Coordinator,E00102,2022-08-20,Active,
E01399,P001399,Anna,Young,Anna Young,anna.young@samplehealth.org,Facilities,Central Medical Center,Facilities Manager,E00170,2024-12-19,Active,
E01400,P001400,Laura,Horton,Laura Horton,laura.horton@samplehealth.org,Human Resources,South Hospital,Learning Specialist,E00194,2023-05-31,Active,
E01401,P001401,Elizabeth,House,Elizabeth House,elizabeth.house@samplehealth.org,Emergency Services,Outpatient Center B,Emergency Department Technician,E00041,2018-03-21,Active,
E01402,P001402,Robert,French,Robert French,robert.french@samplehealth.org,Information Technology,Outpatient Center B,Business Analyst,E00241,2023-04-13,Active,
E01403,P001403,Larry,Arnold,Larry Arnold,larry.arnold@samplehealth.org,Facilities,West Hospital,Facilities Technician,E00195,2011-11-05,Active,
E01404,P001404,Julia,Harris,Julia Harris,julia.harris@samplehealth.org,Laboratory,North Hospital,Lab Technician,E00068,2026-05-28,Active,
E01405,P001405,Kimberly,Berg,Kimberly Berg,kimberly.berg@samplehealth.org,Facilities,Central Medical Center,Facilities Technician,E00172,2025-09-29,Active,
E01406,P001406,Jeremiah,Schultz,Jeremiah Schultz,jeremiah.schultz@samplehealth.org,Human Resources,Cancer Center,Learning Specialist,E00100,2023-09-11,Active,
E01407,P001407,Deborah,Fischer,Deborah Fischer,deborah.fischer@samplehealth.org,Laboratory,Central Medical Center,Laboratory Specialist,E00011,2020-12-03,Active,
E01408,P001408,Joanna,Gonzalez,Joanna Gonzalez,joanna.gonzalez@samplehealth.org,Revenue Cycle,North Hospital,Billing Specialist,E00181,2023-12-16,Active,
E01409,P001409,Tamara,Phillips,Tamara Phillips,tamara.phillips@samplehealth.org,Emergency Services,Children's Hospital,Registered Nurse,E00214,2014-08-23,Active,
E01410,P001410,Tonya,Jones,Tonya Jones,tonya.jones@samplehealth.org,Clinical Operations,South Hospital,Clinical Analyst,E00097,2014-07-31,Active,
E01411,P001411,Jill,Wilson,Jill Wilson,jill.wilson@samplehealth.org,Revenue Cycle,Cancer Center,Billing Specialist,E00151,2012-04-25,Active,
E01412,P001412,Roy,Hawkins,Roy Hawkins,roy.hawkins@samplehealth.org,Revenue Cycle,Children's Hospital,Revenue Cycle Analyst,E00097,2013-11-02,Active,
E01413,P001413,Eugene,Singleton,Eugene Singleton,eugene.singleton@samplehealth.org,Human Resources,Outpatient Center A,Learning Specialist,E00091,2011-09-21,Active,
E01414,P001414,Mark,Mckinney,Mark Mckinney,mark.mckinney@samplehealth.org,Facilities,Outpatient Center B,Maintenance Coordinator,E00228,2014-04-04,Active,
E01415,P001415,Bill,Mcfarland,Bill Mcfarland,bill.mcfarland@samplehealth.org,Patient Access,South Hospital,Patient Access Representative,E00113,2021-10-11,Active,
E01416,P001416,Brent,Randolph,Brent Randolph,brent.randolph@samplehealth.org,Information Technology,North Hospital,Business Analyst,E00132,2022-02-05,Leave,
E01417,P001417,Megan,Turner,Megan Turner,megan.turner@samplehealth.org,Revenue Cycle,West Hospital,Billing Specialist,E00039,2025-01-23,Active,
E01418,P001418,Ashley,Howard,Ashley Howard,ashley.howard@samplehealth.org,Information Technology,Cancer Center,Business Analyst,E00155,2024-12-17,Active,
E01419,P001419,Jasmine,Fox,Jasmine Fox,jasmine.fox@samplehealth.org,Clinical Operations,West Hospital,Operations Coordinator,E00107,2014-10-02,Active,
E01420,P001420,Abigail,Hartman,Abigail Hartman,abigail.hartman@samplehealth.org,Facilities,North Hospital,Facilities Manager,E00124,2014-05-03,Leave,
E01421,P001421,Robert,Herrera,Robert Herrera,robert.herrera@samplehealth.org,Revenue Cycle,Outpatient Center B,Billing Specialist,E00054,2013-03-10,Active,
E01422,P001422,Michael,Ware,Michael Ware,michael.ware@samplehealth.org,Patient Access,Outpatient Center A,Patient Access Representative,E00006,2022-11-28,Active,
E01423,P001423,Martin,Ward,Martin Ward,martin.ward@samplehealth.org,Human Resources,South Hospital,HR Specialist,E00147,2015-05-05,Active,
E01424,P001424,Stephanie,Montgomery,Stephanie Montgomery,stephanie.montgomery@samplehealth.org,Patient Access,South Hospital,Patient Access Representative,E00162,2019-09-14,Active,
E01425,P001425,Wendy,Colon,Wendy Colon,wendy.colon@samplehealth.org,Emergency Services,South Hospital,Emergency Department Technician,E00015,2022-09-02,Terminated,2022-09-15
E01426,P001426,Danny,Reed,Danny Reed,danny.reed@samplehealth.org,Information Technology,South Hospital,Systems Analyst,E00133,2015-09-18,Terminated,2026-02-25
E01427,P001427,Samantha,Sanchez,Samantha Sanchez,samantha.sanchez@samplehealth.org,Radiology,Central Medical Center,Radiology Coordinator,E00225,2012-04-20,Active,
E01428,P001428,Felicia,Flores,Felicia Flores,felicia.flores@samplehealth.org,Clinical Operations,Children's Hospital,Operations Manager,E00243,2025-03-03,Terminated,2025-05-30
E01429,P001429,Paul,Fernandez,Paul Fernandez,paul.fernandez@samplehealth.org,Pharmacy,Outpatient Center B,Pharmacist,E00156,2016-06-08,Active,
E01430,P001430,Angel,Black,Angel Black,angel.black@samplehealth.org,Laboratory,South Hospital,Laboratory Specialist,E00057,2024-09-24,Active,
E01431,P001431,Nicholas,Lang,Nicholas Lang,nicholas.lang@samplehealth.org,Radiology,South Hospital,Radiology Coordinator,E00204,2019-03-16,Active,
E01432,P001432,Tommy,Phillips,Tommy Phillips,tommy.phillips@samplehealth.org,Patient Access,Children's Hospital,Patient Access Representative,E00043,2022-09-16,Active,
E01433,P001433,James,Palmer,James Palmer,james.palmer@samplehealth.org,Clinical Operations,Cancer Center,Operations Manager,E00237,2013-04-04,Active,
E01434,P001434,Gary,Huber,Gary Huber,gary.huber@samplehealth.org,Laboratory,North Hospital,Lab Coordinator,E00059,2020-10-10,Active,
E01435,P001435,Amanda,Sims,Amanda Sims,amanda.sims@samplehealth.org,Radiology,South Hospital,Imaging Specialist,E00028,2015-03-18,Active,
E01436,P001436,Ellen,Ayala,Ellen Ayala,ellen.ayala@samplehealth.org,Nursing,Outpatient Center A,Registered Nurse,E00212,2026-05-04,Active,
E01437,P001437,Gina,Houston,Gina Houston,gina.houston@samplehealth.org,Information Technology,South Hospital,Data Analyst,E00122,2015-02-14,Active,
E01438,P001438,Amanda,Park,Amanda Park,amanda.park@samplehealth.org,Patient Access,Central Medical Center,Registration Coordinator,E00225,2024-03-27,Active,
E01439,P001439,Kimberly,Lucas,Kimberly Lucas,kimberly.lucas@samplehealth.org,Emergency Services,North Hospital,Registered Nurse,E00024,2012-11-07,Active,
E01440,P001440,Julie,Hernandez,Julie Hernandez,julie.hernandez@samplehealth.org,Laboratory,South Hospital,Lab Coordinator,E00231,2019-06-09,Active,
E01441,P001441,Jennifer,Johnson,Jennifer Johnson,jennifer.johnson@samplehealth.org,Patient Access,Central Medical Center,Registration Coordinator,E00230,2012-11-14,Terminated,2013-10-17
E01442,P001442,Gregory,King,Gregory King,gregory.king@samplehealth.org,Revenue Cycle,Outpatient Center A,Claims Analyst,E00134,2012-10-27,Active,
E01443,P001443,Bailey,Perez,Bailey Perez,bailey.perez@samplehealth.org,Radiology,Central Medical Center,Imaging Specialist,E00179,2016-01-10,Active,
E01444,P001444,Rickey,Hayes,Rickey Hayes,rickey.hayes@samplehealth.org,Emergency Services,West Hospital,Emergency Services Coordinator,E00241,2018-07-04,Active,
E01445,P001445,Ryan,Smith,Ryan Smith,ryan.smith@samplehealth.org,Laboratory,Cancer Center,Laboratory Specialist,E00151,2023-01-29,Active,
E01446,P001446,David,Smith,David Smith,david.smith@samplehealth.org,Clinical Operations,North Hospital,Operations Manager,E00109,2023-11-17,Active,
E01447,P001447,Christine,Avila,Christine Avila,christine.avila@samplehealth.org,Information Technology,Outpatient Center B,Systems Analyst,E00197,2021-08-02,Active,
E01448,P001448,Brandon,Charles,Brandon Charles,brandon.charles@samplehealth.org,Human Resources,Children's Hospital,HR Specialist,E00154,2017-09-16,Active,
E01449,P001449,Sarah,Rodriguez,Sarah Rodriguez,sarah.rodriguez@samplehealth.org,Emergency Services,Children's Hospital,Emergency Services Coordinator,E00049,2025-01-04,Leave,
E01450,P001450,Gina,Obrien,Gina Obrien,gina.obrien@samplehealth.org,Nursing,Central Medical Center,Clinical Coordinator,E00148,2016-05-31,Active,
E01451,P001451,Kathy,Kim,Kathy Kim,kathy.kim@samplehealth.org,Emergency Services,Central Medical Center,Emergency Department Technician,E00097,2018-05-07,Active,
E01452,P001452,Lynn,Johnson,Lynn Johnson,lynn.johnson@samplehealth.org,Revenue Cycle,Cancer Center,Revenue Cycle Analyst,E00105,2014-04-14,Active,
E01453,P001453,Amanda,Taylor,Amanda Taylor,amanda.taylor@samplehealth.org,Facilities,South Hospital,Facilities Technician,E00110,2018-04-11,Active,
E01454,P001454,Laura,Atkinson,Laura Atkinson,laura.atkinson@samplehealth.org,Revenue Cycle,Children's Hospital,Claims Analyst,E00067,2016-08-22,Active,
E01455,P001455,Susan,Thomas,Susan Thomas,susan.thomas@samplehealth.org,Emergency Services,Cancer Center,Emergency Services Coordinator,E00157,2023-02-23,Active,
E01456,P001456,Olivia,Sanford,Olivia Sanford,olivia.sanford@samplehealth.org,Finance,Outpatient Center A,Revenue Analyst,E00194,2026-05-18,Leave,
E01457,P001457,Jessica,Brooks,Jessica Brooks,jessica.brooks@samplehealth.org,Human Resources,Outpatient Center B,HR Business Partner,E00046,2011-10-25,Active,
E01458,P001458,Angela,Peters,Angela Peters,angela.peters@samplehealth.org,Facilities,Outpatient Center B,Facilities Manager,E00065,2013-09-20,Active,
E01459,P001459,Bobby,Armstrong,Bobby Armstrong,bobby.armstrong@samplehealth.org,Finance,Cancer Center,Revenue Analyst,E00199,2018-04-30,Active,
E01460,P001460,Amanda,Arroyo,Amanda Arroyo,amanda.arroyo@samplehealth.org,Clinical Operations,South Hospital,Clinical Analyst,E00219,2016-10-22,Active,
E01461,P001461,Jason,Figueroa,Jason Figueroa,jason.figueroa@samplehealth.org,Revenue Cycle,West Hospital,Revenue Cycle Analyst,E00115,2023-12-22,Active,
E01462,P001462,Maurice,Gutierrez,Maurice Gutierrez,maurice.gutierrez@samplehealth.org,Clinical Operations,North Hospital,Operations Coordinator,E00055,2022-08-12,Active,
E01463,P001463,Melissa,Thomas,Melissa Thomas,melissa.thomas@samplehealth.org,Emergency Services,Cancer Center,Emergency Services Coordinator,E00206,2014-10-03,Active,
E01464,P001464,Jeffrey,Davenport,Jeffrey Davenport,jeffrey.davenport@samplehealth.org,Emergency Services,Central Medical Center,Registered Nurse,E00042,2014-12-06,Active,
E01465,P001465,Danny,Lambert,Danny Lambert,danny.lambert@samplehealth.org,Radiology,Central Medical Center,Radiology Coordinator,E00206,2021-04-11,Terminated,2021-09-26
E01466,P001466,Melissa,Randolph,Melissa Randolph,melissa.randolph@samplehealth.org,Pharmacy,Outpatient Center B,Pharmacist,E00238,2020-12-17,Active,
E01467,P001467,Steven,Dunn,Steven Dunn,steven.dunn@samplehealth.org,Patient Access,North Hospital,Patient Access Specialist,E00017,2016-07-27,Terminated,2017-09-18
E01468,P001468,John,Gonzalez,John Gonzalez,john.gonzalez@samplehealth.org,Finance,Cancer Center,Financial Analyst,E00021,2021-07-02,Active,
E01469,P001469,Tony,Rivera,Tony Rivera,tony.rivera@samplehealth.org,Patient Access,Outpatient Center A,Patient Access Representative,E00239,2013-10-21,Active,
E01470,P001470,Emily,Young,Emily Young,emily.young@samplehealth.org,Radiology,Children's Hospital,Radiology Coordinator,E00183,2016-06-22,Active,
E01471,P001471,Christine,Mccullough,Christine Mccullough,christine.mccullough@samplehealth.org,Patient Access,South Hospital,Patient Access Representative,E00164,2017-01-11,Active,
E01472,P001472,Todd,Murphy,Todd Murphy,todd.murphy@samplehealth.org,Laboratory,Central Medical Center,Laboratory Specialist,E00052,2022-11-04,Active,
E01473,P001473,Kevin,Silva,Kevin Silva,kevin.silva@samplehealth.org,Revenue Cycle,Children's Hospital,Claims Analyst,E00050,2021-03-31,Active,
E01474,P001474,Ashley,Aguirre,Ashley Aguirre,ashley.aguirre@samplehealth.org,Nursing,West Hospital,Clinical Coordinator,E00158,2018-11-29,Active,
E01475,P001475,Gary,Edwards,Gary Edwards,gary.edwards@samplehealth.org,Information Technology,Cancer Center,Data Analyst,E00062,2024-12-27,Active,
E01476,P001476,Jeffrey,Singh,Jeffrey Singh,jeffrey.singh@samplehealth.org,Revenue Cycle,South Hospital,Revenue Cycle Analyst,E00023,2019-01-16,Active,
E01477,P001477,Joshua,Ward,Joshua Ward,joshua.ward@samplehealth.org,Finance,Cancer Center,Accountant,E00172,2023-03-09,Active,
E01478,P001478,Jessica,Humphrey,Jessica Humphrey,jessica.humphrey@samplehealth.org,Radiology,West Hospital,Imaging Specialist,E00133,2019-07-02,Active,
E01479,P001479,Sean,Hampton,Sean Hampton,sean.hampton@samplehealth.org,Nursing,North Hospital,Clinical Coordinator,E00236,2019-11-28,Active,
E01480,P001480,Andrea,Thompson,Andrea Thompson,andrea.thompson@samplehealth.org,Pharmacy,Children's Hospital,Pharmacy Manager,E00186,2021-12-11,Active,
E01481,P001481,Christopher,Ramirez,Christopher Ramirez,christopher.ramirez@samplehealth.org,Emergency Services,Cancer Center,Registered Nurse,E00089,2025-09-07,Active,
E01482,P001482,Donald,Ryan,Donald Ryan,donald.ryan@samplehealth.org,Finance,West Hospital,Financial Analyst,E00117,2016-02-07,Active,
E01483,P001483,Jessica,Sims,Jessica Sims,jessica.sims@samplehealth.org,Radiology,Central Medical Center,Radiology Coordinator,E00067,2024-01-01,Active,
E01484,P001484,Charles,Smith,Charles Smith,charles.smith@samplehealth.org,Information Technology,North Hospital,Application Analyst,E00144,2020-04-02,Active,
E01485,P001485,Crystal,Hess,Crystal Hess,crystal.hess@samplehealth.org,Pharmacy,Children's Hospital,Pharmacy Manager,E00088,2021-06-22,Active,
E01486,P001486,Richard,Lawrence,Richard Lawrence,richard.lawrence@samplehealth.org,Pharmacy,Children's Hospital,Pharmacy Manager,E00225,2012-03-31,Active,
E01487,P001487,Andrea,Stephens,Andrea Stephens,andrea.stephens@samplehealth.org,Emergency Services,Children's Hospital,Registered Nurse,E00178,2020-10-21,Active,
E01488,P001488,Thomas,Rowe,Thomas Rowe,thomas.rowe@samplehealth.org,Laboratory,Outpatient Center B,Laboratory Specialist,E00198,2017-11-06,Active,
E01489,P001489,Philip,Vance,Philip Vance,philip.vance@samplehealth.org,Human Resources,Outpatient Center B,HR Business Partner,E00175,2021-08-27,Active,
E01490,P001490,Jessica,Carter,Jessica Carter,jessica.carter@samplehealth.org,Laboratory,Central Medical Center,Lab Coordinator,E00124,2019-07-13,Active,
E01491,P001491,Walter,Davis,Walter Davis,walter.davis@samplehealth.org,Pharmacy,North Hospital,Pharmacy Technician,E00098,2017-10-24,Active,
E01492,P001492,Wayne,Bates,Wayne Bates,wayne.bates@samplehealth.org,Revenue Cycle,West Hospital,Revenue Cycle Analyst,E00205,2026-01-19,Active,
E01493,P001493,Tamara,Holden,Tamara Holden,tamara.holden@samplehealth.org,Facilities,Cancer Center,Maintenance Coordinator,E00133,2023-04-07,Active,
E01494,P001494,Gabriel,Palmer,Gabriel Palmer,gabriel.palmer@samplehealth.org,Emergency Services,Children's Hospital,Emergency Department Technician,E00064,2019-03-20,Active,
E01495,P001495,Erik,Knight,Erik Knight,erik.knight@samplehealth.org,Finance,Outpatient Center A,Financial Analyst,E00173,2021-04-01,Active,
E01496,P001496,Donna,Faulkner,Donna Faulkner,donna.faulkner@samplehealth.org,Clinical Operations,North Hospital,Clinical Analyst,E00142,2024-02-22,Active,
E01497,P001497,Jessica,Crosby,Jessica Crosby,jessica.crosby@samplehealth.org,Information Technology,Cancer Center,Application Analyst,E00091,2012-04-24,Active,
E01498,P001498,Jeffery,Freeman,Jeffery Freeman,jeffery.freeman@samplehealth.org,Human Resources,Children's Hospital,Learning Specialist,E00047,2012-09-10,Active,
E01499,P001499,Joseph,Young,Joseph Young,joseph.young@samplehealth.org,Clinical Operations,West Hospital,Operations Manager,E00128,2022-12-31,Active,
E01500,P001500,Jamie,Velez,Jamie Velez,jamie.velez@samplehealth.org,Clinical Operations,West Hospital,Operations Coordinator,E00189,2017-10-08,Active,
E01501,P001501,Paul,Hardin,Paul Hardin,paul.hardin@samplehealth.org,Human Resources,West Hospital,HR Business Partner,E00059,2012-05-31,Active,
E01502,P001502,Bill,Wong,Bill Wong,bill.wong@samplehealth.org,Human Resources,Cancer Center,HR Specialist,E00040,2013-05-19,Active,
E01503,P001503,Jane,Boyd,Jane Boyd,jane.boyd@samplehealth.org,Pharmacy,North Hospital,Pharmacist,E00174,2025-09-27,Active,
E01504,P001504,Joshua,Harmon,Joshua Harmon,joshua.harmon@samplehealth.org,Revenue Cycle,Central Medical Center,Billing Specialist,E00196,2021-06-20,Active,
E01505,P001505,Amy,Thompson,Amy Thompson,amy.thompson@samplehealth.org,Emergency Services,Outpatient Center B,Emergency Department Technician,E00096,2022-09-29,Active,
E01506,P001506,Nicholas,Matthews,Nicholas Matthews,nicholas.matthews@samplehealth.org,Patient Access,Outpatient Center B,Patient Access Specialist,E00230,2025-11-02,Active,
E01507,P001507,Christian,King,Christian King,christian.king@samplehealth.org,Patient Access,Outpatient Center B,Patient Access Specialist,E00047,2015-06-02,Active,
E01508,P001508,Zachary,Gomez,Zachary Gomez,zachary.gomez@samplehealth.org,Emergency Services,Outpatient Center A,Emergency Services Coordinator,E00057,2026-05-21,Active,
E01509,P001509,Michael,Sparks,Michael Sparks,michael.sparks@samplehealth.org,Patient Access,Central Medical Center,Patient Access Representative,E00135,2021-11-26,Active,
E01510,P001510,Adam,Macias,Adam Macias,adam.macias@samplehealth.org,Radiology,Central Medical Center,Imaging Specialist,E00129,2019-02-09,Active,
E01511,P001511,Gabriel,Jones,Gabriel Jones,gabriel.jones@samplehealth.org,Facilities,South Hospital,Maintenance Coordinator,E00118,2022-07-28,Active,
E01512,P001512,Juan,Hernandez,Juan Hernandez,juan.hernandez@samplehealth.org,Pharmacy,Outpatient Center B,Pharmacy Manager,E00081,2014-04-20,Active,
E01513,P001513,Michael,Love,Michael Love,michael.love@samplehealth.org,Clinical Operations,Central Medical Center,Operations Coordinator,E00173,2013-08-21,Terminated,2024-11-18
E01514,P001514,Jerry,Shepherd,Jerry Shepherd,jerry.shepherd@samplehealth.org,Human Resources,North Hospital,HR Business Partner,E00084,2023-11-17,Active,
E01515,P001515,Daniel,Leonard,Daniel Leonard,daniel.leonard@samplehealth.org,Facilities,Children's Hospital,Facilities Manager,E00048,2019-10-10,Active,
E01516,P001516,Jason,Martin,Jason Martin,jason.martin@samplehealth.org,Emergency Services,West Hospital,Emergency Services Coordinator,E00069,2025-10-20,Active,
E01517,P001517,Robert,Sanchez,Robert Sanchez,robert.sanchez@samplehealth.org,Laboratory,Cancer Center,Lab Coordinator,E00094,2013-10-19,Active,
E01518,P001518,Ashley,Martin,Ashley Martin,ashley.martin@samplehealth.org,Information Technology,Outpatient Center A,Application Analyst,E00054,2022-05-02,Active,
E01519,P001519,William,Macdonald,William Macdonald,william.macdonald@samplehealth.org,Radiology,Cancer Center,Radiology Coordinator,E00094,2014-02-14,Active,
E01520,P001520,Brian,Scott,Brian Scott,brian.scott@samplehealth.org,Radiology,Outpatient Center B,Imaging Specialist,E00047,2014-09-08,Leave,
E01521,P001521,Zachary,Sullivan,Zachary Sullivan,zachary.sullivan@samplehealth.org,Patient Access,West Hospital,Patient Access Representative,E00209,2021-03-19,Active,
E01522,P001522,Dana,Johns,Dana Johns,dana.johns@samplehealth.org,Pharmacy,Children's Hospital,Pharmacy Manager,E00206,2024-01-04,Leave,
E01523,P001523,Dorothy,Campbell,Dorothy Campbell,dorothy.campbell@samplehealth.org,Human Resources,Outpatient Center A,Learning Specialist,E00220,2013-01-30,Active,
E01524,P001524,Jay,Obrien,Jay Obrien,jay.obrien@samplehealth.org,Radiology,South Hospital,Radiology Technician,E00205,2019-08-24,Active,
E01525,P001525,Michelle,Jackson,Michelle Jackson,michelle.jackson@samplehealth.org,Clinical Operations,Outpatient Center B,Operations Coordinator,E00207,2025-10-01,Active,
E01526,P001526,Robert,Thomas,Robert Thomas,robert.thomas@samplehealth.org,Nursing,Outpatient Center A,Registered Nurse,E00128,2021-07-15,Active,
E01527,P001527,Lori,White,Lori White,lori.white@samplehealth.org,Information Technology,Outpatient Center B,Systems Analyst,E00077,2022-11-05,Active,
E01528,P001528,William,Jackson,William Jackson,william.jackson@samplehealth.org,Finance,Central Medical Center,Revenue Analyst,E00102,2023-04-16,Active,
E01529,P001529,Matthew,Chavez,Matthew Chavez,matthew.chavez@samplehealth.org,Pharmacy,South Hospital,Pharmacy Manager,E00016,2021-09-02,Active,
E01530,P001530,Casey,Gray,Casey Gray,casey.gray@samplehealth.org,Human Resources,Outpatient Center B,HR Business Partner,E00215,2013-11-15,Active,
E01531,P001531,Daniel,Harris,Daniel Harris,daniel.harris@samplehealth.org,Revenue Cycle,Outpatient Center B,Revenue Cycle Analyst,E00191,2026-04-01,Active,
E01532,P001532,Regina,Cohen,Regina Cohen,regina.cohen@samplehealth.org,Facilities,Cancer Center,Maintenance Coordinator,E00093,2025-09-07,Active,
E01533,P001533,Edward,Davis,Edward Davis,edward.davis@samplehealth.org,Emergency Services,Children's Hospital,Registered Nurse,E00089,2019-09-20,Active,
E01534,P001534,Rachel,Greene,Rachel Greene,rachel.greene@samplehealth.org,Nursing,North Hospital,Nurse Manager,E00090,2026-07-23,Active,
E01535,P001535,Kristen,Gordon,Kristen Gordon,kristen.gordon@samplehealth.org,Revenue Cycle,West Hospital,Claims Analyst,E00148,2013-08-16,Active,
E01536,P001536,Christopher,Hopkins,Christopher Hopkins,christopher.hopkins@samplehealth.org,Patient Access,South Hospital,Registration Coordinator,E00200,2021-11-21,Active,
E01537,P001537,Amber,Smith,Amber Smith,amber.smith@samplehealth.org,Finance,Cancer Center,Accountant,E00173,2024-10-21,Active,
E01538,P001538,Erika,Reynolds,Erika Reynolds,erika.reynolds@samplehealth.org,Emergency Services,Outpatient Center B,Emergency Services Coordinator,E00228,2018-10-13,Active,
E01539,P001539,Mitchell,Williams,Mitchell Williams,mitchell.williams@samplehealth.org,Pharmacy,Children's Hospital,Pharmacy Technician,E00119,2020-08-21,Active,
E01540,P001540,Roy,Mays,Roy Mays,roy.mays@samplehealth.org,Revenue Cycle,South Hospital,Revenue Cycle Analyst,E00164,2019-10-29,Active,
E01541,P001541,Kristine,James,Kristine James,kristine.james@samplehealth.org,Facilities,Outpatient Center A,Maintenance Coordinator,E00218,2021-08-24,Active,
E01542,P001542,Linda,Velez,Linda Velez,linda.velez@samplehealth.org,Pharmacy,South Hospital,Pharmacist,E00088,2025-11-13,Active,
E01543,P001543,Heather,Davis,Heather Davis,heather.davis@samplehealth.org,Human Resources,Cancer Center,HR Business Partner,E00168,2013-11-25,Active,
E01544,P001544,Jonathan,Cannon,Jonathan Cannon,jonathan.cannon@samplehealth.org,Finance,Children's Hospital,Revenue Analyst,E00155,2026-03-28,Active,
E01545,P001545,Christopher,George,Christopher George,christopher.george@samplehealth.org,Revenue Cycle,Children's Hospital,Billing Specialist,E00228,2020-11-15,Terminated,2024-05-07
E01546,P001546,Jonathan,Smith,Jonathan Smith,jonathan.smith@samplehealth.org,Laboratory,Outpatient Center B,Laboratory Specialist,E00106,2024-04-10,Active,
E01547,P001547,Kristine,Lane,Kristine Lane,kristine.lane@samplehealth.org,Information Technology,Central Medical Center,Business Analyst,E00033,2013-08-18,Active,
E01548,P001548,April,Brooks,April Brooks,april.brooks@samplehealth.org,Clinical Operations,Children's Hospital,Operations Coordinator,E00241,2015-02-13,Active,
E01549,P001549,Gwendolyn,Stewart,Gwendolyn Stewart,gwendolyn.stewart@samplehealth.org,Clinical Operations,North Hospital,Operations Manager,E00054,2017-10-15,Active,
E01550,P001550,Daniel,Simmons,Daniel Simmons,daniel.simmons@samplehealth.org,Information Technology,North Hospital,Application Analyst,E00025,2021-08-01,Active,
E01551,P001551,Jon,Wyatt,Jon Wyatt,jon.wyatt@samplehealth.org,Pharmacy,Central Medical Center,Pharmacy Technician,E00007,2018-10-30,Terminated,2023-08-19
E01552,P001552,Michael,Hill,Michael Hill,michael.hill@samplehealth.org,Radiology,North Hospital,Radiology Coordinator,E00027,2023-03-16,Active,
E01553,P001553,Raymond,Harris,Raymond Harris,raymond.harris@samplehealth.org,Finance,South Hospital,Revenue Analyst,E00022,2021-01-06,Active,
E01554,P001554,Kristen,Olson,Kristen Olson,kristen.olson@samplehealth.org,Revenue Cycle,Children's Hospital,Billing Specialist,E00059,2017-12-03,Active,
E01555,P001555,Angie,Webb,Angie Webb,angie.webb@samplehealth.org,Human Resources,Children's Hospital,Learning Specialist,E00114,2016-11-03,Active,
E01556,P001556,Becky,Schroeder,Becky Schroeder,becky.schroeder@samplehealth.org,Revenue Cycle,South Hospital,Revenue Cycle Analyst,E00135,2018-05-25,Active,
E01557,P001557,Jill,Wyatt,Jill Wyatt,jill.wyatt@samplehealth.org,Information Technology,Central Medical Center,Data Analyst,E00170,2022-11-03,Active,
E01558,P001558,David,Hall,David Hall,david.hall@samplehealth.org,Facilities,Outpatient Center B,Maintenance Coordinator,E00120,2024-12-12,Active,
E01559,P001559,Holly,Martin,Holly Martin,holly.martin@samplehealth.org,Emergency Services,Outpatient Center B,Emergency Services Coordinator,E00035,2015-04-10,Active,
E01560,P001560,William,Hartman,William Hartman,william.hartman@samplehealth.org,Clinical Operations,South Hospital,Operations Manager,E00152,2025-04-01,Active,
E01561,P001561,Andrea,Terry,Andrea Terry,andrea.terry@samplehealth.org,Patient Access,Outpatient Center A,Patient Access Specialist,E00135,2023-08-25,Active,
E01562,P001562,Brett,Price,Brett Price,brett.price@samplehealth.org,Revenue Cycle,Children's Hospital,Claims Analyst,E00233,2022-06-11,Active,
E01563,P001563,Adam,Davis,Adam Davis,adam.davis@samplehealth.org,Facilities,West Hospital,Maintenance Coordinator,E00207,2014-02-05,Active,
E01564,P001564,Thomas,Burke,Thomas Burke,thomas.burke@samplehealth.org,Pharmacy,Children's Hospital,Pharmacy Technician,E00094,2013-02-14,Active,
E01565,P001565,Caleb,Walker,Caleb Walker,caleb.walker@samplehealth.org,Radiology,South Hospital,Imaging Specialist,E00078,2012-12-26,Active,
E01566,P001566,Chelsea,Ramsey,Chelsea Ramsey,chelsea.ramsey@samplehealth.org,Nursing,South Hospital,Registered Nurse,E00089,2018-06-10,Active,
E01567,P001567,Christina,Meyer,Christina Meyer,christina.meyer@samplehealth.org,Finance,Central Medical Center,Accountant,E00177,2023-09-24,Active,
E01568,P001568,Tabitha,Brown,Tabitha Brown,tabitha.brown@samplehealth.org,Laboratory,Children's Hospital,Laboratory Specialist,E00003,2024-10-14,Active,
E01569,P001569,Lori,Bowman,Lori Bowman,lori.bowman@samplehealth.org,Radiology,West Hospital,Imaging Specialist,E00204,2019-02-03,Active,
E01570,P001570,Alex,Jefferson,Alex Jefferson,alex.jefferson@samplehealth.org,Nursing,Cancer Center,Clinical Coordinator,E00049,2025-04-20,Active,
E01571,P001571,April,Lee,April Lee,april.lee@samplehealth.org,Radiology,Outpatient Center A,Radiology Coordinator,E00102,2024-12-17,Active,
E01572,P001572,Carol,Black,Carol Black,carol.black@samplehealth.org,Human Resources,Outpatient Center A,HR Specialist,E00213,2015-07-26,Active,
E01573,P001573,Christina,Craig,Christina Craig,christina.craig@samplehealth.org,Radiology,Children's Hospital,Radiology Technician,E00021,2017-09-29,Active,
E01574,P001574,John,Smith,John Smith,john.smith@samplehealth.org,Radiology,West Hospital,Radiology Coordinator,E00133,2014-04-21,Active,
E01575,P001575,Christopher,Hill,Christopher Hill,christopher.hill@samplehealth.org,Patient Access,Children's Hospital,Registration Coordinator,E00073,2018-06-02,Active,
E01576,P001576,Michael,Foster,Michael Foster,michael.foster@samplehealth.org,Revenue Cycle,Children's Hospital,Claims Analyst,E00106,2021-08-05,Active,
E01577,P001577,James,Smith,James Smith,james.smith@samplehealth.org,Human Resources,South Hospital,HR Specialist,E00035,2023-08-06,Active,
E01578,P001578,Casey,Davis,Casey Davis,casey.davis@samplehealth.org,Finance,Outpatient Center B,Financial Analyst,E00159,2016-06-18,Active,
E01579,P001579,Jessica,Hansen,Jessica Hansen,jessica.hansen@samplehealth.org,Laboratory,Outpatient Center B,Laboratory Specialist,E00049,2021-07-17,Active,
E01580,P001580,Michael,Richmond,Michael Richmond,michael.richmond@samplehealth.org,Facilities,South Hospital,Facilities Technician,E00013,2016-04-30,Active,
E01581,P001581,Jeremy,Mccarty,Jeremy Mccarty,jeremy.mccarty@samplehealth.org,Emergency Services,South Hospital,Emergency Department Technician,E00249,2019-05-12,Active,
E01582,P001582,Sarah,Andrews,Sarah Andrews,sarah.andrews@samplehealth.org,Pharmacy,Children's Hospital,Pharmacy Technician,E00033,2016-01-25,Active,
E01583,P001583,Gregory,Hunter,Gregory Hunter,gregory.hunter@samplehealth.org,Clinical Operations,Central Medical Center,Clinical Analyst,E00060,2021-02-16,Active,
E01584,P001584,Charles,Phillips,Charles Phillips,charles.phillips@samplehealth.org,Pharmacy,Central Medical Center,Pharmacist,E00127,2013-08-13,Active,
E01585,P001585,Leah,Frye,Leah Frye,leah.frye@samplehealth.org,Human Resources,Outpatient Center A,HR Business Partner,E00080,2026-07-12,Terminated,2026-08-07
E01586,P001586,Lisa,Andrews,Lisa Andrews,lisa.andrews@samplehealth.org,Laboratory,Outpatient Center B,Laboratory Specialist,E00179,2023-06-08,Active,
E01587,P001587,Scott,Bennett,Scott Bennett,scott.bennett@samplehealth.org,Nursing,North Hospital,Nurse Manager,E00216,2019-11-08,Active,
E01588,P001588,Kayla,Todd,Kayla Todd,kayla.todd@samplehealth.org,Information Technology,Children's Hospital,Data Analyst,E00199,2024-10-26,Active,
E01589,P001589,Stephen,Murray,Stephen Murray,stephen.murray@samplehealth.org,Radiology,Outpatient Center B,Radiology Technician,E00047,2021-08-10,Active,
E01590,P001590,Michelle,Olson,Michelle Olson,michelle.olson@samplehealth.org,Human Resources,Outpatient Center A,HR Business Partner,E00213,2016-01-05,Active,
E01591,P001591,Carlos,Schultz,Carlos Schultz,carlos.schultz@samplehealth.org,Nursing,West Hospital,Registered Nurse,E00099,2015-05-17,Active,
E01592,P001592,Erica,Hall,Erica Hall,erica.hall@samplehealth.org,Laboratory,Central Medical Center,Lab Technician,E00051,2016-12-29,Terminated,2024-01-04
E01593,P001593,Stephanie,Black,Stephanie Black,stephanie.black@samplehealth.org,Laboratory,North Hospital,Lab Coordinator,E00134,2011-10-16,Active,
E01594,P001594,Jaclyn,Baker,Jaclyn Baker,jaclyn.baker@samplehealth.org,Revenue Cycle,Outpatient Center B,Revenue Cycle Analyst,E00100,2016-07-06,Active,
E01595,P001595,Christopher,Nunez,Christopher Nunez,christopher.nunez@samplehealth.org,Revenue Cycle,Cancer Center,Billing Specialist,E00041,2025-08-04,Active,
E01596,P001596,Matthew,Spencer,Matthew Spencer,matthew.spencer@samplehealth.org,Revenue Cycle,Central Medical Center,Claims Analyst,E00191,2014-08-30,Active,
E01597,P001597,Thomas,Gomez,Thomas Gomez,thomas.gomez@samplehealth.org,Emergency Services,North Hospital,Registered Nurse,E00065,2021-05-20,Active,
E01598,P001598,Joseph,Valentine,Joseph Valentine,joseph.valentine@samplehealth.org,Laboratory,Children's Hospital,Lab Coordinator,E00051,2023-03-31,Active,
E01599,P001599,Sarah,Lee,Sarah Lee,sarah.lee@samplehealth.org,Facilities,West Hospital,Facilities Technician,E00250,2024-03-01,Active,
E01600,P001600,James,Moss,James Moss,james.moss@samplehealth.org,Pharmacy,Outpatient Center A,Pharmacist,E00084,2026-06-22,Active,
E01601,P001601,Joseph,Perez,Joseph Perez,joseph.perez@samplehealth.org,Nursing,Children's Hospital,Registered Nurse,E00150,2025-10-30,Active,
E01602,P001602,John,Montgomery,John Montgomery,john.montgomery@samplehealth.org,Pharmacy,West Hospital,Pharmacy Technician,E00003,2014-04-12,Active,
E01603,P001603,Kimberly,Wilson,Kimberly Wilson,kimberly.wilson@samplehealth.org,Nursing,Outpatient Center B,Clinical Coordinator,E00177,2012-12-16,Active,
E01604,P001604,Emma,Alvarado,Emma Alvarado,emma.alvarado@samplehealth.org,Patient Access,Cancer Center,Patient Access Representative,E00198,2022-01-25,Active,
E01605,P001605,Adam,Vincent,Adam Vincent,adam.vincent@samplehealth.org,Pharmacy,South Hospital,Pharmacist,E00128,2012-05-05,Active,
E01606,P001606,Melanie,Watson,Melanie Watson,melanie.watson@samplehealth.org,Pharmacy,Cancer Center,Pharmacy Manager,E00239,2016-12-27,Active,
E01607,P001607,Travis,Galloway,Travis Galloway,travis.galloway@samplehealth.org,Revenue Cycle,Central Medical Center,Revenue Cycle Analyst,E00092,2021-05-25,Active,
E01608,P001608,Misty,Henry,Misty Henry,misty.henry@samplehealth.org,Revenue Cycle,North Hospital,Revenue Cycle Analyst,E00033,2024-08-16,Active,
E01609,P001609,Sabrina,Ramirez,Sabrina Ramirez,sabrina.ramirez@samplehealth.org,Laboratory,Cancer Center,Lab Technician,E00143,2015-05-28,Active,
E01610,P001610,Karen,Anderson,Karen Anderson,karen.anderson@samplehealth.org,Revenue Cycle,Outpatient Center B,Billing Specialist,E00188,2020-07-26,Active,
E01611,P001611,Lauren,Mendoza,Lauren Mendoza,lauren.mendoza@samplehealth.org,Human Resources,Outpatient Center A,HR Specialist,E00092,2020-10-28,Active,
E01612,P001612,Antonio,Reed,Antonio Reed,antonio.reed@samplehealth.org,Clinical Operations,Children's Hospital,Operations Coordinator,E00231,2026-04-06,Active,
E01613,P001613,Gina,Thompson,Gina Thompson,gina.thompson@samplehealth.org,Nursing,Outpatient Center B,Nurse Manager,E00144,2013-09-02,Active,
E01614,P001614,Helen,Stevens,Helen Stevens,helen.stevens@samplehealth.org,Finance,Outpatient Center B,Revenue Analyst,E00049,2023-05-08,Active,
E01615,P001615,Alan,Craig,Alan Craig,alan.craig@samplehealth.org,Patient Access,Cancer Center,Patient Access Representative,E00083,2018-01-29,Active,
E01616,P001616,Bianca,Nguyen,Bianca Nguyen,bianca.nguyen@samplehealth.org,Clinical Operations,Children's Hospital,Clinical Analyst,E00223,2022-01-18,Active,
E01617,P001617,Michelle,Lopez,Michelle Lopez,michelle.lopez@samplehealth.org,Patient Access,South Hospital,Registration Coordinator,E00018,2016-02-05,Terminated,2020-02-17
E01618,P001618,Joseph,Mullen,Joseph Mullen,joseph.mullen@samplehealth.org,Emergency Services,Outpatient Center B,Emergency Department Technician,E00076,2017-06-17,Active,
E01619,P001619,Michael,Jimenez,Michael Jimenez,michael.jimenez@samplehealth.org,Finance,Cancer Center,Revenue Analyst,E00117,2015-03-17,Active,
E01620,P001620,Robert,Goodwin,Robert Goodwin,robert.goodwin@samplehealth.org,Nursing,Outpatient Center A,Clinical Coordinator,E00188,2017-11-01,Active,
E01621,P001621,Melissa,Ramirez,Melissa Ramirez,melissa.ramirez@samplehealth.org,Information Technology,Cancer Center,Data Analyst,E00199,2014-09-07,Active,
E01622,P001622,Ashley,Krause,Ashley Krause,ashley.krause@samplehealth.org,Patient Access,Cancer Center,Patient Access Representative,E00185,2023-04-18,Active,
E01623,P001623,Jeremy,Garcia,Jeremy Garcia,jeremy.garcia@samplehealth.org,Pharmacy,Outpatient Center A,Pharmacy Manager,E00049,2016-03-20,Active,
E01624,P001624,Linda,Peters,Linda Peters,linda.peters@samplehealth.org,Emergency Services,Outpatient Center B,Registered Nurse,E00197,2026-03-11,Terminated,2026-05-23
E01625,P001625,James,Marsh,James Marsh,james.marsh@samplehealth.org,Emergency Services,Children's Hospital,Emergency Department Technician,E00083,2024-03-10,Active,
E01626,P001626,Edward,Shaffer,Edward Shaffer,edward.shaffer@samplehealth.org,Radiology,Cancer Center,Radiology Coordinator,E00029,2014-08-18,Active,
E01627,P001627,Robert,Taylor,Robert Taylor,robert.taylor@samplehealth.org,Pharmacy,North Hospital,Pharmacy Manager,E00012,2026-01-27,Active,
E01628,P001628,Crystal,Ferguson,Crystal Ferguson,crystal.ferguson@samplehealth.org,Information Technology,Central Medical Center,Business Analyst,E00052,2016-12-29,Active,
E01629,P001629,Kristen,Evans,Kristen Evans,kristen.evans@samplehealth.org,Pharmacy,West Hospital,Pharmacy Technician,E00026,2021-03-10,Active,
E01630,P001630,Michele,Williams,Michele Williams,michele.williams@samplehealth.org,Nursing,Outpatient Center A,Clinical Coordinator,E00169,2013-04-23,Active,
E01631,P001631,Hannah,Brown,Hannah Brown,hannah.brown@samplehealth.org,Laboratory,Children's Hospital,Lab Coordinator,E00013,2025-06-20,Active,
E01632,P001632,Jonathan,Combs,Jonathan Combs,jonathan.combs@samplehealth.org,Facilities,North Hospital,Facilities Technician,E00004,2013-04-06,Active,
E01633,P001633,Shannon,Cook,Shannon Cook,shannon.cook@samplehealth.org,Human Resources,Outpatient Center B,Learning Specialist,E00238,2017-10-06,Active,
E01634,P001634,Michael,Grant,Michael Grant,michael.grant@samplehealth.org,Pharmacy,Central Medical Center,Pharmacy Technician,E00093,2025-05-28,Active,
E01635,P001635,Jonathan,Smith,Jonathan Smith,jonathan.smith@samplehealth.org,Emergency Services,Outpatient Center A,Registered Nurse,E00211,2013-09-08,Leave,
E01636,P001636,Michael,Frazier,Michael Frazier,michael.frazier@samplehealth.org,Facilities,Central Medical Center,Facilities Manager,E00211,2021-12-04,Active,
E01637,P001637,James,Johnston,James Johnston,james.johnston@samplehealth.org,Patient Access,Central Medical Center,Patient Access Specialist,E00188,2022-09-01,Active,
E01638,P001638,Amanda,Krause,Amanda Krause,amanda.krause@samplehealth.org,Pharmacy,North Hospital,Pharmacy Technician,E00242,2016-06-19,Active,
E01639,P001639,Michael,Nunez,Michael Nunez,michael.nunez@samplehealth.org,Human Resources,North Hospital,Learning Specialist,E00026,2019-12-02,Terminated,2026-07-05
E01640,P001640,Jill,Preston,Jill Preston,jill.preston@samplehealth.org,Clinical Operations,Outpatient Center A,Operations Coordinator,E00049,2018-02-08,Leave,
E01641,P001641,Christina,Ford,Christina Ford,christina.ford@samplehealth.org,Human Resources,West Hospital,Learning Specialist,E00146,2014-02-02,Active,
E01642,P001642,Miranda,Davidson,Miranda Davidson,miranda.davidson@samplehealth.org,Revenue Cycle,Outpatient Center A,Revenue Cycle Analyst,E00192,2017-05-13,Active,
E01643,P001643,Robert,Salazar,Robert Salazar,robert.salazar@samplehealth.org,Pharmacy,Cancer Center,Pharmacy Manager,E00173,2018-07-06,Active,
E01644,P001644,Melinda,Jones,Melinda Jones,melinda.jones@samplehealth.org,Laboratory,Outpatient Center A,Lab Coordinator,E00227,2014-05-19,Active,
E01645,P001645,Matthew,Edwards,Matthew Edwards,matthew.edwards@samplehealth.org,Pharmacy,South Hospital,Pharmacist,E00141,2022-09-25,Active,
E01646,P001646,Kelly,Adams,Kelly Adams,kelly.adams@samplehealth.org,Radiology,Cancer Center,Radiology Coordinator,E00169,2022-08-04,Active,
E01647,P001647,Randall,Barron,Randall Barron,randall.barron@samplehealth.org,Information Technology,Cancer Center,Application Analyst,E00232,2024-11-28,Active,
E01648,P001648,Michelle,Cox,Michelle Cox,michelle.cox@samplehealth.org,Facilities,Cancer Center,Facilities Manager,E00217,2021-08-10,Active,
E01649,P001649,Abigail,Cole,Abigail Cole,abigail.cole@samplehealth.org,Facilities,Outpatient Center A,Maintenance Coordinator,E00212,2014-06-21,Active,
E01650,P001650,Ivan,Johnson,Ivan Johnson,ivan.johnson@samplehealth.org,Clinical Operations,West Hospital,Clinical Analyst,E00145,2024-01-03,Active,
E01651,P001651,Jimmy,King,Jimmy King,jimmy.king@samplehealth.org,Emergency Services,Outpatient Center A,Emergency Department Technician,E00197,2024-04-12,Active,
E01652,P001652,Jackie,Miller,Jackie Miller,jackie.miller@samplehealth.org,Emergency Services,Children's Hospital,Registered Nurse,E00093,2014-06-19,Active,
E01653,P001653,Randy,Davis,Randy Davis,randy.davis@samplehealth.org,Laboratory,Outpatient Center A,Laboratory Specialist,E00001,2026-07-28,Active,
E01654,P001654,Thomas,Brown,Thomas Brown,thomas.brown@samplehealth.org,Clinical Operations,Children's Hospital,Operations Coordinator,E00153,2024-09-27,Active,
E01655,P001655,Randy,Hubbard,Randy Hubbard,randy.hubbard@samplehealth.org,Nursing,South Hospital,Clinical Coordinator,E00228,2013-01-15,Active,
E01656,P001656,Dalton,Montgomery,Dalton Montgomery,dalton.montgomery@samplehealth.org,Finance,Children's Hospital,Financial Analyst,E00057,2013-01-21,Leave,
E01657,P001657,Diana,Mcclure,Diana Mcclure,diana.mcclure@samplehealth.org,Human Resources,Central Medical Center,HR Business Partner,E00198,2016-11-20,Active,
E01658,P001658,Jerome,Rojas,Jerome Rojas,jerome.rojas@samplehealth.org,Clinical Operations,South Hospital,Clinical Analyst,E00025,2019-03-01,Active,
E01659,P001659,Courtney,Anderson,Courtney Anderson,courtney.anderson@samplehealth.org,Nursing,Cancer Center,Nurse Manager,E00040,2025-11-21,Active,
E01660,P001660,George,Johnson,George Johnson,george.johnson@samplehealth.org,Information Technology,Cancer Center,Systems Analyst,E00228,2017-09-11,Active,
E01661,P001661,Michelle,Nguyen,Michelle Nguyen,michelle.nguyen@samplehealth.org,,West Hospital,Patient Access Representative,E00066,2019-09-22,Active,
E01662,P001662,Tanner,Pitts,Tanner Pitts,tanner.pitts@samplehealth.org,Finance,Outpatient Center A,Financial Analyst,E00146,2016-04-04,Active,
E01663,P001663,Amy,Taylor,Amy Taylor,amy.taylor@samplehealth.org,Human Resources,North Hospital,Learning Specialist,E00186,2023-06-29,Active,
E01664,P001664,Amber,Garza,Amber Garza,amber.garza@samplehealth.org,Facilities,South Hospital,Maintenance Coordinator,E00125,2019-05-23,Active,
E01665,P001665,Crystal,Fields,Crystal Fields,crystal.fields@samplehealth.org,Clinical Operations,North Hospital,Operations Manager,E00153,2021-03-21,Terminated,2024-12-01
E01666,P001666,Alexandra,Fowler,Alexandra Fowler,alexandra.fowler@samplehealth.org,Revenue Cycle,Central Medical Center,Billing Specialist,E00188,2016-11-22,Active,
E01667,P001667,Regina,Olson,Regina Olson,regina.olson@samplehealth.org,Patient Access,North Hospital,Patient Access Specialist,E00200,2015-06-28,Active,
E01668,P001668,Linda,Ramos,Linda Ramos,linda.ramos@samplehealth.org,Nursing,Cancer Center,Nurse Manager,E00226,2017-11-05,Leave,
E01669,P001669,Robert,Moore,Robert Moore,robert.moore@samplehealth.org,Radiology,North Hospital,Imaging Specialist,E00223,2011-10-21,Active,
E01670,P001670,Aaron,Ochoa,Aaron Ochoa,aaron.ochoa@samplehealth.org,Human Resources,Central Medical Center,Learning Specialist,E00163,2026-01-18,Active,
E01671,P001671,Derek,Mitchell,Derek Mitchell,derek.mitchell@samplehealth.org,Revenue Cycle,Central Medical Center,Billing Specialist,E00079,2020-09-22,Active,
E01672,P001672,Alan,Weeks,Alan Weeks,alan.weeks@samplehealth.org,Emergency Services,Cancer Center,Emergency Department Technician,E00139,2024-06-23,Active,
E01673,P001673,Thomas,Smith,Thomas Smith,thomas.smith@samplehealth.org,Patient Access,Cancer Center,Patient Access Representative,E00129,2018-12-12,Active,
E01674,P001674,Lauren,Harper,Lauren Harper,lauren.harper@samplehealth.org,Clinical Operations,South Hospital,Operations Coordinator,E00013,2025-03-06,Active,
E01675,P001675,Adrian,Brooks,Adrian Brooks,adrian.brooks@samplehealth.org,Revenue Cycle,Outpatient Center A,Claims Analyst,E00249,2018-08-18,Active,
E01676,P001676,Nicole,Kim,Nicole Kim,nicole.kim@samplehealth.org,Laboratory,North Hospital,Lab Coordinator,E00057,2015-11-16,Active,
E01677,P001677,Frank,Mclaughlin,Frank Mclaughlin,frank.mclaughlin@samplehealth.org,Radiology,Outpatient Center A,Imaging Specialist,E00038,2018-04-03,Active,
E01678,P001678,Maria,Walker,Maria Walker,maria.walker@samplehealth.org,Information Technology,North Hospital,Systems Analyst,E00122,2012-12-21,Active,
E01679,P001679,Robert,Allen,Robert Allen,robert.allen@samplehealth.org,Patient Access,Central Medical Center,Registration Coordinator,E00141,2024-08-18,Active,
E01680,P001680,Lauren,Austin,Lauren Austin,lauren.austin@samplehealth.org,Radiology,North Hospital,Imaging Specialist,E00103,2023-06-06,Active,
E01681,P001681,Gail,Mitchell,Gail Mitchell,gail.mitchell@samplehealth.org,Emergency Services,South Hospital,Emergency Services Coordinator,E00196,2024-04-06,Active,
E01682,P001682,Amanda,Adams,Amanda Adams,amanda.adams@samplehealth.org,Information Technology,West Hospital,Application Analyst,E00125,2014-10-28,Terminated,2015-12-27
E01683,P001683,Ian,Roberts,Ian Roberts,ian.roberts@samplehealth.org,Radiology,West Hospital,Radiology Coordinator,E00144,2022-06-17,Active,
E01684,P001684,Stanley,Chavez,Stanley Chavez,stanley.chavez@samplehealth.org,Patient Access,West Hospital,Registration Coordinator,E00063,2023-07-17,Active,
E01685,P001685,Cindy,Lopez,Cindy Lopez,cindy.lopez@samplehealth.org,Pharmacy,Outpatient Center A,Pharmacy Technician,E00083,2011-12-15,Active,
E01686,P001686,Edwin,Booker,Edwin Booker,edwin.booker@samplehealth.org,Revenue Cycle,North Hospital,Claims Analyst,E00029,2012-01-01,Active,
E01687,P001687,Jacob,Garcia,Jacob Garcia,jacob.garcia@samplehealth.org,Revenue Cycle,Outpatient Center A,Billing Specialist,E00094,2016-03-15,Leave,
E01688,P001688,David,Gonzales,David Gonzales,david.gonzales@samplehealth.org,Facilities,Cancer Center,Facilities Technician,E00089,2011-10-06,Active,
E01689,P001689,Jesse,Hernandez,Jesse Hernandez,jesse.hernandez@samplehealth.org,Patient Access,Central Medical Center,Registration Coordinator,E00198,2020-01-08,Active,
E01690,P001690,Jeff,Fisher,Jeff Fisher,jeff.fisher@samplehealth.org,Finance,Cancer Center,Financial Analyst,E00158,2024-12-28,Active,
E01691,P001691,Lauren,Bolton,Lauren Bolton,lauren.bolton@samplehealth.org,Laboratory,South Hospital,Lab Coordinator,E00113,2019-07-07,Active,
E01692,P001692,Heidi,Johnson,Heidi Johnson,heidi.johnson@samplehealth.org,Nursing,West Hospital,Registered Nurse,E00176,2012-12-27,Active,
E01693,P001693,Megan,Lynn,Megan Lynn,megan.lynn@samplehealth.org,Facilities,North Hospital,Facilities Technician,E00029,2012-07-30,Active,
E01694,P001694,Joseph,Long,Joseph Long,joseph.long@samplehealth.org,Clinical Operations,West Hospital,Operations Coordinator,E00243,2020-11-12,Active,
E01695,P001695,Theodore,Lee,Theodore Lee,theodore.lee@samplehealth.org,Patient Access,Children's Hospital,Patient Access Representative,E00004,2025-12-10,Active,
E01696,P001696,John,James,John James,john.james@samplehealth.org,Facilities,North Hospital,Facilities Manager,E00079,2011-11-03,Active,
E01697,P001697,David,Tate,David Tate,david.tate@samplehealth.org,Laboratory,Central Medical Center,Laboratory Specialist,E00085,2015-11-10,Active,
E01698,P001698,Paul,Proctor,Paul Proctor,paul.proctor@samplehealth.org,Human Resources,West Hospital,Learning Specialist,E00053,2015-10-30,Active,
E01699,P001699,Joan,Johnson,Joan Johnson,joan.johnson@samplehealth.org,Emergency Services,Children's Hospital,Registered Nurse,E00141,2019-06-19,Terminated,2025-09-19
E01700,P001700,Kelli,Boyd,Kelli Boyd,kelli.boyd@samplehealth.org,Laboratory,South Hospital,Lab Coordinator,E00178,2015-03-04,Active,
E01701,P001701,Thomas,Maldonado,Thomas Maldonado,thomas.maldonado@samplehealth.org,Clinical Operations,Central Medical Center,Operations Manager,E00097,2016-12-07,Terminated,2022-06-06
E01702,P001702,Eric,Chandler,Eric Chandler,eric.chandler@samplehealth.org,Patient Access,Central Medical Center,Registration Coordinator,E00066,2024-04-17,Active,
E01703,P001703,Sharon,Meyer,Sharon Meyer,sharon.meyer@samplehealth.org,Information Technology,Children's Hospital,Data Analyst,E00052,2015-12-08,Active,
E01704,P001704,Timothy,Evans,Timothy Evans,timothy.evans@samplehealth.org,Clinical Operations,Children's Hospital,Operations Manager,E00014,2017-10-03,Active,
E01705,P001705,Paige,Boyer,Paige Boyer,paige.boyer@samplehealth.org,Laboratory,Central Medical Center,Lab Coordinator,E00018,2015-05-01,Active,
E01706,P001706,Teresa,Young,Teresa Young,teresa.young@samplehealth.org,Radiology,Children's Hospital,Radiology Coordinator,E00170,2019-01-04,Active,
E01707,P001707,Mark,Jackson,Mark Jackson,mark.jackson@samplehealth.org,Revenue Cycle,North Hospital,Billing Specialist,E00005,2016-04-27,Active,
E01708,P001708,Brenda,Foster,Brenda Foster,brenda.foster@samplehealth.org,Finance,Outpatient Center A,Revenue Analyst,E00060,2015-10-05,Active,
E01709,P001709,Albert,Williams,Albert Williams,albert.williams@samplehealth.org,Radiology,North Hospital,Radiology Coordinator,E00232,2024-12-14,Active,
E01710,P001710,Hannah,Barker,Hannah Barker,hannah.barker@samplehealth.org,Facilities,North Hospital,Maintenance Coordinator,E00048,2014-04-06,Active,
E01711,P001711,Nathan,Davis,Nathan Davis,nathan.davis@samplehealth.org,Human Resources,Outpatient Center B,Learning Specialist,E00144,2014-04-22,Active,
E01712,P001712,Vincent,Parks,Vincent Parks,vincent.parks@samplehealth.org,Clinical Operations,Central Medical Center,Operations Coordinator,E00064,2017-05-19,Active,
E01713,P001713,Sarah,Shea,Sarah Shea,sarah.shea@samplehealth.org,Emergency Services,Cancer Center,Emergency Services Coordinator,E00126,2022-04-05,Active,
E01714,P001714,Brian,Kelly,Brian Kelly,brian.kelly@samplehealth.org,Radiology,South Hospital,Radiology Coordinator,E00005,2014-03-30,Active,
E01715,P001715,Jacqueline,Moody,Jacqueline Moody,jacqueline.moody@samplehealth.org,Facilities,Cancer Center,Facilities Manager,E00091,2013-10-06,Active,
E01716,P001716,Tony,Stewart,Tony Stewart,tony.stewart@samplehealth.org,Revenue Cycle,West Hospital,Billing Specialist,E00129,2021-02-14,Terminated,2026-08-09
E01717,P001717,Katherine,Trujillo,Katherine Trujillo,katherine.trujillo@samplehealth.org,Finance,Children's Hospital,Financial Analyst,E00225,2019-02-02,Active,
E01718,P001718,Jessica,Smith,Jessica Smith,jessica.smith@samplehealth.org,Radiology,Children's Hospital,Radiology Technician,E00058,2018-01-19,Active,
E01719,P001719,Michael,Taylor,Michael Taylor,michael.taylor@samplehealth.org,Information Technology,Outpatient Center A,Systems Analyst,E00169,2012-04-18,Terminated,2020-07-20
E01720,P001720,Jasmine,Hansen,Jasmine Hansen,jasmine.hansen@samplehealth.org,Information Technology,Outpatient Center A,Data Analyst,E00134,2020-11-09,Active,
E01721,P001721,Heidi,Lopez,Heidi Lopez,heidi.lopez@samplehealth.org,Revenue Cycle,West Hospital,Claims Analyst,E00107,2014-10-19,Active,
E01722,P001722,Amy,Morris,Amy Morris,amy.morris@samplehealth.org,Human Resources,South Hospital,Learning Specialist,E00110,2019-08-05,Active,
E01723,P001723,Joshua,Guerra,Joshua Guerra,joshua.guerra@samplehealth.org,Finance,Cancer Center,Revenue Analyst,E00115,2026-04-07,Active,
E01724,P001724,Angela,Jones,Angela Jones,angela.jones@samplehealth.org,Emergency Services,West Hospital,Emergency Department Technician,E00168,2014-04-06,Active,
E01725,P001725,Shannon,Weiss,Shannon Weiss,shannon.weiss@samplehealth.org,Information Technology,South Hospital,Business Analyst,E00080,2020-11-02,Active,
E01726,P001726,Michael,Smith,Michael Smith,michael.smith@samplehealth.org,Clinical Operations,South Hospital,Operations Manager,E00111,2022-06-24,Active,
E01727,P001727,William,Gross,William Gross,william.gross@samplehealth.org,Information Technology,Cancer Center,Business Analyst,E00018,2011-12-11,Active,
E01728,P001728,Christine,Diaz,Christine Diaz,christine.diaz@samplehealth.org,Emergency Services,North Hospital,Registered Nurse,E00048,2022-03-05,Terminated,2024-03-15
E01729,P001729,Malik,Brown,Malik Brown,malik.brown@samplehealth.org,Facilities,Central Medical Center,Facilities Technician,E00196,2020-10-16,Active,
E01730,P001730,Lori,Lee,Lori Lee,lori.lee@samplehealth.org,Facilities,Outpatient Center A,Maintenance Coordinator,E00078,2023-04-01,Active,
E01731,P001731,Tyler,Arnold,Tyler Arnold,tyler.arnold@samplehealth.org,Laboratory,Children's Hospital,Lab Coordinator,E00039,2022-01-20,Active,
E01732,P001732,Justin,Ortiz,Justin Ortiz,justin.ortiz@samplehealth.org,Human Resources,South Hospital,HR Specialist,E00048,2017-02-06,Active,
E01733,P001733,Daniel,Mills,Daniel Mills,daniel.mills@samplehealth.org,Nursing,Children's Hospital,Clinical Coordinator,E00156,2012-10-04,Active,
E01734,P001734,Bradley,Pace,Bradley Pace,bradley.pace@samplehealth.org,Patient Access,West Hospital,Registration Coordinator,E00153,2014-08-31,Active,
E01735,P001735,Morgan,Harris,Morgan Harris,morgan.harris@samplehealth.org,Human Resources,Central Medical Center,HR Specialist,E00092,2019-11-18,Active,
E01736,P001736,James,Johnson,James Johnson,james.johnson@samplehealth.org,Pharmacy,Outpatient Center B,Pharmacy Manager,E00035,2022-07-17,Active,
E01737,P001737,Mary,Barrett,Mary Barrett,mary.barrett@samplehealth.org,,Outpatient Center B,Registered Nurse,E00183,2020-07-27,Active,
E01738,P001738,Claire,Garza,Claire Garza,claire.garza@samplehealth.org,Revenue Cycle,South Hospital,Billing Specialist,E00219,2012-06-17,Active,
E01739,P001739,Michael,Obrien,Michael Obrien,michael.obrien@samplehealth.org,Radiology,Outpatient Center B,Imaging Specialist,E00036,2012-10-30,Active,
E01740,P001740,Alexander,Mccall,Alexander Mccall,alexander.mccall@samplehealth.org,Information Technology,West Hospital,Business Analyst,E00009,2022-10-12,Active,
E01741,P001741,Travis,Preston,Travis Preston,travis.preston@samplehealth.org,,Children's Hospital,Radiology Technician,E00244,2012-12-25,Active,
E01742,P001742,Taylor,Fowler,Taylor Fowler,taylor.fowler@samplehealth.org,Radiology,West Hospital,Radiology Technician,E00194,2017-10-06,Active,
E01743,P001743,Angela,Hurley,Angela Hurley,angela.hurley@samplehealth.org,Human Resources,South Hospital,HR Specialist,E00238,2018-09-13,Active,
E01744,P001744,Lynn,Bauer,Lynn Bauer,lynn.bauer@samplehealth.org,Laboratory,Outpatient Center B,Lab Coordinator,E00177,2012-08-13,Active,
E01745,P001745,Madison,Baker,Madison Baker,madison.baker@samplehealth.org,Facilities,West Hospital,Maintenance Coordinator,E00110,2012-04-25,Active,
E01746,P001746,Jessica,Davenport,Jessica Davenport,jessica.davenport@samplehealth.org,Radiology,Outpatient Center A,Radiology Technician,E00185,2012-12-13,Active,
E01747,P001747,Shirley,Yu,Shirley Yu,shirley.yu@samplehealth.org,Facilities,Central Medical Center,Maintenance Coordinator,E00134,2013-04-11,Active,
E01748,P001748,Craig,Hall,Craig Hall,craig.hall@samplehealth.org,Pharmacy,Outpatient Center B,Pharmacy Technician,E00212,2018-03-07,Active,
E01749,P001749,Jake,Fox,Jake Fox,jake.fox@samplehealth.org,Nursing,Outpatient Center A,Registered Nurse,E00189,2015-11-09,Active,
E01750,P001750,Ashley,Meza,Ashley Meza,ashley.meza@samplehealth.org,Nursing,Outpatient Center A,Clinical Coordinator,E00133,2021-02-14,Active,
E01751,P001751,Kara,Perry,Kara Perry,kara.perry@samplehealth.org,Revenue Cycle,West Hospital,Revenue Cycle Analyst,E00075,2013-06-02,Active,
E01752,P001752,Katie,Ray,Katie Ray,katie.ray@samplehealth.org,Laboratory,Children's Hospital,Laboratory Specialist,E00199,2023-02-06,Active,
E01753,P001753,Stephen,Ortega,Stephen Ortega,stephen.ortega@samplehealth.org,Finance,South Hospital,Accountant,E00109,2013-05-24,Active,
E01754,P001754,Garrett,White,Garrett White,garrett.white@samplehealth.org,Finance,Central Medical Center,Revenue Analyst,E00177,2018-06-16,Active,
E01755,P001755,William,Sandoval,William Sandoval,william.sandoval@samplehealth.org,Emergency Services,Outpatient Center B,Emergency Department Technician,E00213,2020-09-15,Terminated,2025-10-22
E01756,P001756,Scott,Gomez,Scott Gomez,scott.gomez@samplehealth.org,Revenue Cycle,North Hospital,Billing Specialist,E00185,2016-12-26,Active,
E01757,P001757,Andrea,Shea,Andrea Shea,andrea.shea@samplehealth.org,Emergency Services,South Hospital,Emergency Department Technician,E00200,2025-12-30,Terminated,2026-05-23
E01758,P001758,Robert,Schultz,Robert Schultz,robert.schultz@samplehealth.org,Patient Access,South Hospital,Registration Coordinator,E00101,2025-09-05,Active,
E01759,P001759,Jessica,Franklin,Jessica Franklin,jessica.franklin@samplehealth.org,Radiology,Outpatient Center B,Imaging Specialist,E00007,2021-03-16,Active,
E01760,P001760,Amy,Brooks,Amy Brooks,amy.brooks@samplehealth.org,Information Technology,West Hospital,Application Analyst,E00226,2020-12-26,Active,
E01761,P001761,Sara,King,Sara King,sara.king@samplehealth.org,Laboratory,Children's Hospital,Lab Technician,E00083,2019-04-28,Active,
E01762,P001762,Seth,Sanders,Seth Sanders,seth.sanders@samplehealth.org,Clinical Operations,South Hospital,Operations Manager,E00184,2023-12-25,Active,
E01763,P001763,Austin,Mitchell,Austin Mitchell,austin.mitchell@samplehealth.org,Clinical Operations,North Hospital,Operations Coordinator,E00030,2011-11-26,Active,
E01764,P001764,Zachary,Holder,Zachary Holder,zachary.holder@samplehealth.org,Clinical Operations,Cancer Center,Clinical Analyst,E00022,2016-10-04,Active,
E01765,P001765,Adam,Joyce,Adam Joyce,adam.joyce@samplehealth.org,Emergency Services,Outpatient Center A,Registered Nurse,E00187,2015-04-12,Active,
E01766,P001766,Melissa,Smith,Melissa Smith,melissa.smith@samplehealth.org,Emergency Services,South Hospital,Registered Nurse,E00097,2025-08-10,Active,
E01767,P001767,Sherry,Short,Sherry Short,sherry.short@samplehealth.org,Emergency Services,Central Medical Center,Emergency Services Coordinator,E00197,2021-01-16,Active,
E01768,P001768,William,Duncan,William Duncan,william.duncan@samplehealth.org,Information Technology,South Hospital,Systems Analyst,E00042,2021-05-07,Active,
E01769,P001769,Eric,Johnson,Eric Johnson,eric.johnson@samplehealth.org,Information Technology,Central Medical Center,Business Analyst,E00108,2017-09-03,Active,
E01770,P001770,Eric,Baker,Eric Baker,eric.baker@samplehealth.org,Finance,Outpatient Center B,Accountant,E00074,2021-07-12,Active,
E01771,P001771,John,Scott,John Scott,john.scott@samplehealth.org,Revenue Cycle,North Hospital,Revenue Cycle Analyst,E00231,2016-09-25,Active,
E01772,P001772,Christopher,Ross,Christopher Ross,christopher.ross@samplehealth.org,Information Technology,Central Medical Center,Business Analyst,E00160,2015-04-29,Active,
E01773,P001773,Jessica,Cummings,Jessica Cummings,jessica.cummings@samplehealth.org,Finance,Outpatient Center B,Financial Analyst,E00128,2025-02-10,Active,
E01774,P001774,Timothy,Freeman,Timothy Freeman,timothy.freeman@samplehealth.org,Laboratory,Central Medical Center,Lab Coordinator,E00156,2023-05-10,Terminated,2026-05-05
E01775,P001775,Barbara,Velez,Barbara Velez,barbara.velez@samplehealth.org,Laboratory,West Hospital,Lab Technician,E00151,2021-10-01,Active,
E01776,P001776,Dawn,Johnson,Dawn Johnson,dawn.johnson@samplehealth.org,Revenue Cycle,Outpatient Center B,Billing Specialist,E00105,2025-05-17,Active,
E01777,P001777,Barbara,Miller,Barbara Miller,barbara.miller@samplehealth.org,Laboratory,Central Medical Center,Lab Technician,E00063,2012-07-29,Active,
E01778,P001778,Sandra,Cook,Sandra Cook,sandra.cook@samplehealth.org,Emergency Services,West Hospital,Emergency Services Coordinator,E00013,2026-08-04,Active,
E01779,P001779,Lisa,Butler,Lisa Butler,lisa.butler@samplehealth.org,Information Technology,Central Medical Center,Business Analyst,E00168,2026-05-22,Active,
E01780,P001780,David,Townsend,David Townsend,david.townsend@samplehealth.org,Facilities,South Hospital,Facilities Technician,E00219,2024-05-05,Active,
E01781,P001781,Denise,Guzman,Denise Guzman,denise.guzman@samplehealth.org,Nursing,Children's Hospital,Clinical Coordinator,E00085,2011-10-27,Active,
E01782,P001782,Cynthia,Chen,Cynthia Chen,cynthia.chen@samplehealth.org,Pharmacy,North Hospital,Pharmacist,E00107,2012-07-18,Active,
E01783,P001783,Kevin,Williams,Kevin Williams,kevin.williams@samplehealth.org,Information Technology,Children's Hospital,Business Analyst,E00157,2020-10-23,Active,
E01784,P001784,Annette,Murphy,Annette Murphy,annette.murphy@samplehealth.org,Revenue Cycle,South Hospital,Claims Analyst,E00248,2023-06-30,Active,
E01785,P001785,Jeffrey,Williams,Jeffrey Williams,jeffrey.williams@samplehealth.org,Laboratory,Cancer Center,Lab Coordinator,E00239,2024-01-26,Active,
E01786,P001786,Wendy,Maddox,Wendy Maddox,wendy.maddox@samplehealth.org,Nursing,Children's Hospital,Registered Nurse,E00083,2024-06-06,Active,
E01787,P001787,Brooke,Wagner,Brooke Wagner,brooke.wagner@samplehealth.org,Facilities,North Hospital,Maintenance Coordinator,E00195,2015-05-27,Active,
E01788,P001788,Ryan,Hartman,Ryan Hartman,ryan.hartman@samplehealth.org,Radiology,North Hospital,Radiology Coordinator,E00075,2014-02-21,Active,
E01789,P001789,David,Miller,David Miller,david.miller@samplehealth.org,Laboratory,North Hospital,Lab Technician,E00178,2021-05-06,Active,
E01790,P001790,Julie,Kelley,Julie Kelley,julie.kelley@samplehealth.org,Finance,Outpatient Center A,Accountant,E00135,2016-02-03,Active,
E01791,P001791,Christopher,Shaw,Christopher Shaw,christopher.shaw@samplehealth.org,Human Resources,West Hospital,Learning Specialist,E00157,2024-10-15,Active,
E01792,P001792,Heidi,Gill,Heidi Gill,heidi.gill@samplehealth.org,Nursing,North Hospital,Registered Nurse,E00124,2019-10-22,Active,
E01793,P001793,Anita,Freeman,Anita Freeman,anita.freeman@samplehealth.org,Clinical Operations,Children's Hospital,Operations Manager,E00110,2022-09-20,Active,
E01794,P001794,Ashley,Hoffman,Ashley Hoffman,ashley.hoffman@samplehealth.org,Patient Access,Children's Hospital,Patient Access Specialist,E00135,2024-02-21,Active,
E01795,P001795,Alexandria,Allen,Alexandria Allen,alexandria.allen@samplehealth.org,Patient Access,Cancer Center,Registration Coordinator,E00238,2016-02-26,Active,
E01796,P001796,Kimberly,Morris,Kimberly Morris,kimberly.morris@samplehealth.org,Information Technology,Outpatient Center B,Application Analyst,E00127,2021-06-04,Active,
E01797,P001797,Christopher,Powers,Christopher Powers,christopher.powers@samplehealth.org,Information Technology,Children's Hospital,Business Analyst,E00050,2018-10-30,Active,
E01798,P001798,Michael,Lee,Michael Lee,michael.lee@samplehealth.org,Nursing,Central Medical Center,Registered Nurse,E00120,2017-06-26,Active,
E01799,P001799,Brittney,Johnson,Brittney Johnson,brittney.johnson@samplehealth.org,Revenue Cycle,West Hospital,Revenue Cycle Analyst,E00205,2016-10-23,Active,
E01800,P001800,Gary,Bailey,Gary Bailey,gary.bailey@samplehealth.org,Patient Access,Outpatient Center A,Patient Access Specialist,E00012,2025-08-08,Active,
E01801,P001801,Veronica,Ramos,Veronica Ramos,veronica.ramos@samplehealth.org,Facilities,West Hospital,Maintenance Coordinator,E00003,2014-02-08,Terminated,2021-08-06
E01802,P001802,Brady,Meyers,Brady Meyers,brady.meyers@samplehealth.org,Revenue Cycle,Children's Hospital,Revenue Cycle Analyst,E00066,2015-01-08,Active,
E01803,P001803,Gina,Moore,Gina Moore,gina.moore@samplehealth.org,Pharmacy,Children's Hospital,Pharmacy Technician,E00130,2024-01-07,Active,
E01804,P001804,Melissa,Rodriguez,Melissa Rodriguez,melissa.rodriguez@samplehealth.org,Emergency Services,Central Medical Center,Emergency Services Coordinator,E00030,2012-07-20,Active,
E01805,P001805,John,Oliver,John Oliver,john.oliver@samplehealth.org,Revenue Cycle,Cancer Center,Billing Specialist,E00102,2014-02-19,Active,
E01806,P001806,Misty,Wilkins,Misty Wilkins,misty.wilkins@samplehealth.org,Clinical Operations,Central Medical Center,Operations Manager,E00214,2011-11-10,Active,
E01807,P001807,Matthew,Brock,Matthew Brock,matthew.brock@samplehealth.org,Information Technology,Cancer Center,Business Analyst,E00214,2016-10-24,Active,
E01808,P001808,Shannon,Johnson,Shannon Johnson,shannon.johnson@samplehealth.org,Facilities,Outpatient Center B,Facilities Manager,E00235,2015-03-07,Active,
E01809,P001809,Jody,Lewis,Jody Lewis,jody.lewis@samplehealth.org,Laboratory,South Hospital,Lab Technician,E00124,2020-12-02,Active,
E01810,P001810,Alexandra,Green,Alexandra Green,alexandra.green@samplehealth.org,Information Technology,Cancer Center,Application Analyst,E00119,2019-11-04,Active,
E01811,P001811,Cindy,Gay,Cindy Gay,cindy.gay@samplehealth.org,Radiology,Central Medical Center,Radiology Coordinator,E00214,2023-06-14,Active,
E01812,P001812,Holly,Smith,Holly Smith,holly.smith@samplehealth.org,Emergency Services,Cancer Center,Emergency Services Coordinator,E00143,2021-07-17,Active,
E01813,P001813,Rebecca,Rose,Rebecca Rose,rebecca.rose@samplehealth.org,Emergency Services,West Hospital,Emergency Department Technician,E00148,2015-12-21,Active,
E01814,P001814,George,Campbell,George Campbell,george.campbell@samplehealth.org,Revenue Cycle,Cancer Center,Billing Specialist,E00017,2025-01-18,Active,
E01815,P001815,Heather,Nelson,Heather Nelson,heather.nelson@samplehealth.org,Information Technology,Central Medical Center,Systems Analyst,E00087,2019-07-15,Active,
E01816,P001816,Diana,Smith,Diana Smith,diana.smith@samplehealth.org,Radiology,South Hospital,Radiology Coordinator,E00147,2018-03-27,Terminated,2023-11-07
E01817,P001817,Joseph,Christian,Joseph Christian,joseph.christian@samplehealth.org,Patient Access,South Hospital,Patient Access Specialist,E00153,2022-11-08,Active,
E01818,P001818,Michael,Rodriguez,Michael Rodriguez,michael.rodriguez@samplehealth.org,Pharmacy,Cancer Center,Pharmacy Technician,E00182,2016-08-07,Active,
E01819,P001819,Michelle,Banks,Michelle Banks,michelle.banks@samplehealth.org,Nursing,Outpatient Center A,Nurse Manager,E00023,2015-07-23,Active,
E01820,P001820,Tina,Romero,Tina Romero,tina.romero@samplehealth.org,Laboratory,Cancer Center,Lab Technician,E00116,2023-09-12,Active,
E01821,P001821,Cory,Stewart,Cory Stewart,cory.stewart@samplehealth.org,Finance,Children's Hospital,Financial Analyst,E00045,2026-05-15,Active,
E01822,P001822,Carla,Miller,Carla Miller,carla.miller@samplehealth.org,Pharmacy,Central Medical Center,Pharmacy Technician,E00200,2015-01-03,Active,
E01823,P001823,Vincent,Ellis,Vincent Ellis,vincent.ellis@samplehealth.org,Human Resources,Outpatient Center B,HR Specialist,E00130,2023-09-30,Active,
E01824,P001824,Andrew,Wright,Andrew Wright,andrew.wright@samplehealth.org,Nursing,South Hospital,Nurse Manager,E00049,2020-08-18,Active,
E01825,P001825,Kevin,Burns,Kevin Burns,kevin.burns@samplehealth.org,Facilities,Children's Hospital,Maintenance Coordinator,E00199,2024-04-15,Active,
E01826,P001826,Eric,Reed,Eric Reed,eric.reed@samplehealth.org,Facilities,North Hospital,Facilities Technician,E00211,2017-08-11,Active,
E01827,P001827,Michael,Turner,Michael Turner,michael.turner@samplehealth.org,Emergency Services,South Hospital,Registered Nurse,E00053,2020-02-25,Active,
E01828,P001828,Joshua,Brown,Joshua Brown,joshua.brown@samplehealth.org,Clinical Operations,Outpatient Center B,Operations Coordinator,E00100,2016-01-04,Terminated,2022-08-05
E01829,P001829,Pamela,Briggs,Pamela Briggs,pamela.briggs@samplehealth.org,Clinical Operations,North Hospital,Operations Manager,E00002,2012-02-16,Active,
E01830,P001830,Sherry,Avery,Sherry Avery,sherry.avery@samplehealth.org,Finance,North Hospital,Financial Analyst,E00086,2015-06-18,Active,
E01831,P001831,Edward,Prince,Edward Prince,edward.prince@samplehealth.org,Laboratory,North Hospital,Lab Technician,E00134,2022-10-20,Terminated,2023-05-21
E01832,P001832,Christopher,Reyes,Christopher Reyes,christopher.reyes@samplehealth.org,Revenue Cycle,Children's Hospital,Claims Analyst,E00006,2023-02-27,Active,
E01833,P001833,Cheyenne,Garrett,Cheyenne Garrett,cheyenne.garrett@samplehealth.org,Patient Access,West Hospital,Patient Access Specialist,E00083,2015-06-30,Active,
E01834,P001834,Robert,Berry,Robert Berry,robert.berry@samplehealth.org,Human Resources,Children's Hospital,HR Specialist,E00071,2018-11-17,Active,
E01835,P001835,Tara,Browning,Tara Browning,tara.browning@samplehealth.org,Emergency Services,Outpatient Center B,Emergency Services Coordinator,E00172,2017-03-24,Active,
E01836,P001836,Shane,Anderson,Shane Anderson,shane.anderson@samplehealth.org,Pharmacy,South Hospital,Pharmacy Technician,E00041,2022-09-22,Active,
E01837,P001837,Dillon,Weaver,Dillon Weaver,dillon.weaver@samplehealth.org,Finance,Central Medical Center,Financial Analyst,E00246,2025-03-27,Active,
E01838,P001838,James,Taylor,James Taylor,james.taylor@samplehealth.org,Patient Access,North Hospital,Registration Coordinator,E00053,2023-05-04,Active,
E01839,P001839,Janet,Mills,Janet Mills,janet.mills@samplehealth.org,Emergency Services,Cancer Center,Emergency Services Coordinator,E00070,2013-12-04,Leave,
E01840,P001840,Russell,Stout,Russell Stout,russell.stout@samplehealth.org,Information Technology,West Hospital,Systems Analyst,E00044,2024-09-21,Active,
E01841,P001841,Dustin,Fitzpatrick,Dustin Fitzpatrick,dustin.fitzpatrick@samplehealth.org,Pharmacy,Cancer Center,Pharmacy Technician,E00139,2014-04-25,Active,
E01842,P001842,Lonnie,Grant,Lonnie Grant,lonnie.grant@samplehealth.org,Laboratory,South Hospital,Lab Technician,E00008,2023-11-12,Active,
E01843,P001843,David,Stewart,David Stewart,david.stewart@samplehealth.org,Laboratory,Central Medical Center,Lab Coordinator,E00028,2026-08-03,Active,
E01844,P001844,Dustin,Johnson,Dustin Johnson,dustin.johnson@samplehealth.org,Radiology,North Hospital,Radiology Technician,E00110,2017-01-17,Active,
E01845,P001845,Nicole,Gutierrez,Nicole Gutierrez,nicole.gutierrez@samplehealth.org,Radiology,Outpatient Center B,Radiology Technician,E00158,2018-08-15,Leave,
E01846,P001846,Kevin,Reese,Kevin Reese,kevin.reese@samplehealth.org,Facilities,Cancer Center,Maintenance Coordinator,E00210,2025-08-08,Active,
E01847,P001847,Patricia,Mahoney,Patricia Mahoney,patricia.mahoney@samplehealth.org,Human Resources,North Hospital,Learning Specialist,E00250,2016-04-13,Active,
E01848,P001848,Edwin,Lopez,Edwin Lopez,edwin.lopez@samplehealth.org,Laboratory,South Hospital,Lab Coordinator,E00024,2013-11-11,Active,
E01849,P001849,Jack,Farmer,Jack Farmer,jack.farmer@samplehealth.org,Clinical Operations,North Hospital,Clinical Analyst,E00117,2022-01-13,Active,
E01850,P001850,Christina,Obrien,Christina Obrien,christina.obrien@samplehealth.org,Finance,Outpatient Center B,Revenue Analyst,E00121,2022-01-16,Active,
E01851,P001851,Jerry,Hall,Jerry Hall,jerry.hall@samplehealth.org,Human Resources,South Hospital,HR Specialist,E00221,2023-04-27,Active,
E01852,P001852,Anthony,Miller,Anthony Miller,anthony.miller@samplehealth.org,Patient Access,Cancer Center,Patient Access Specialist,E00101,2024-11-21,Active,
E01853,P001853,Thomas,Shaw,Thomas Shaw,thomas.shaw@samplehealth.org,Information Technology,Cancer Center,Systems Analyst,E00117,2021-11-29,Active,
E01854,P001854,Taylor,Banks,Taylor Banks,taylor.banks@samplehealth.org,Laboratory,North Hospital,Lab Technician,E00122,2014-10-03,Active,
E01855,P001855,Melissa,Henry,Melissa Henry,melissa.henry@samplehealth.org,Pharmacy,Outpatient Center B,Pharmacy Technician,E00119,2013-12-18,Active,
E01856,P001856,Frank,Perez,Frank Perez,frank.perez@samplehealth.org,Information Technology,Cancer Center,Systems Analyst,E00155,2018-07-29,Active,
E01857,P001857,Kathy,Smith,Kathy Smith,kathy.smith@samplehealth.org,Patient Access,North Hospital,Patient Access Representative,E00104,2016-03-19,Active,
E01858,P001858,Stephanie,Walker,Stephanie Walker,stephanie.walker@samplehealth.org,Clinical Operations,Cancer Center,Operations Coordinator,E00143,2023-01-17,Active,
E01859,P001859,Vanessa,Todd,Vanessa Todd,vanessa.todd@samplehealth.org,Revenue Cycle,Children's Hospital,Revenue Cycle Analyst,E00137,2012-09-30,Active,
E01860,P001860,Gregory,Blevins,Gregory Blevins,gregory.blevins@samplehealth.org,Laboratory,Outpatient Center A,Laboratory Specialist,E00062,2019-02-05,Active,
E01861,P001861,Michelle,Burns,Michelle Burns,michelle.burns@samplehealth.org,Patient Access,South Hospital,Patient Access Representative,E00250,2017-02-24,Active,
E01862,P001862,Michelle,Clay,Michelle Clay,michelle.clay@samplehealth.org,Laboratory,North Hospital,Laboratory Specialist,E00088,2018-11-24,Active,
E01863,P001863,Richard,Williams,Richard Williams,richard.williams@samplehealth.org,Human Resources,Outpatient Center A,Learning Specialist,E00201,2024-02-19,Active,
E01864,P001864,Madison,Cortez,Madison Cortez,madison.cortez@samplehealth.org,Radiology,Cancer Center,Radiology Coordinator,E00140,2018-05-01,Active,
E01865,P001865,Cheryl,Newton,Cheryl Newton,cheryl.newton@samplehealth.org,Clinical Operations,South Hospital,Operations Coordinator,E00170,2021-09-22,Terminated,2026-04-14
E01866,P001866,Alicia,Liu,Alicia Liu,alicia.liu@samplehealth.org,Revenue Cycle,Outpatient Center B,Revenue Cycle Analyst,E00030,2025-01-04,Leave,
E01867,P001867,Benjamin,Rodriguez,Benjamin Rodriguez,benjamin.rodriguez@samplehealth.org,Patient Access,Outpatient Center B,Registration Coordinator,E00084,2019-05-26,Active,
E01868,P001868,Margaret,Williams,Margaret Williams,margaret.williams@samplehealth.org,Emergency Services,Outpatient Center B,Emergency Department Technician,E00046,2015-10-21,Active,
E01869,P001869,April,Foster,April Foster,april.foster@samplehealth.org,Finance,North Hospital,Accountant,E00154,2024-02-18,Active,
E01870,P001870,Benjamin,Hughes,Benjamin Hughes,benjamin.hughes@samplehealth.org,Pharmacy,Outpatient Center A,Pharmacy Manager,E00084,2024-08-22,Active,
E01871,P001871,Crystal,Williams,Crystal Williams,crystal.williams@samplehealth.org,Laboratory,Central Medical Center,Lab Coordinator,E00024,2016-07-30,Active,
E01872,P001872,Scott,Wilkerson,Scott Wilkerson,scott.wilkerson@samplehealth.org,Human Resources,Central Medical Center,HR Specialist,E00194,2024-10-14,Active,
E01873,P001873,Maria,Murray,Maria Murray,maria.murray@samplehealth.org,Information Technology,Outpatient Center B,Business Analyst,E00137,2018-10-24,Active,
E01874,P001874,Kelly,Ellison,Kelly Ellison,kelly.ellison@samplehealth.org,Finance,Outpatient Center B,Accountant,E00051,2023-05-13,Active,
E01875,P001875,Zachary,Thomas,Zachary Thomas,zachary.thomas@samplehealth.org,Human Resources,Cancer Center,Learning Specialist,E00077,2025-09-28,Active,
E01876,P001876,Debbie,Davis,Debbie Davis,debbie.davis@samplehealth.org,Patient Access,Children's Hospital,Registration Coordinator,E00236,2020-02-21,Active,
E01877,P001877,Daniel,Osborne,Daniel Osborne,daniel.osborne@samplehealth.org,Radiology,Cancer Center,Radiology Coordinator,E00023,2023-06-20,Active,
E01878,P001878,Amy,Long,Amy Long,amy.long@samplehealth.org,Patient Access,Outpatient Center A,Patient Access Representative,E00217,2017-02-15,Active,
E01879,P001879,Shannon,White,Shannon White,shannon.white@samplehealth.org,Information Technology,Central Medical Center,Systems Analyst,E00095,2021-09-01,Active,
E01880,P001880,Peggy,Huang,Peggy Huang,peggy.huang@samplehealth.org,Emergency Services,Central Medical Center,Emergency Department Technician,E00181,2019-05-12,Active,
E01881,P001881,Christopher,Nguyen,Christopher Nguyen,christopher.nguyen@samplehealth.org,Emergency Services,North Hospital,Emergency Services Coordinator,E00221,2022-08-29,Active,
E01882,P001882,Rebecca,Hogan,Rebecca Hogan,rebecca.hogan@samplehealth.org,Finance,West Hospital,Financial Analyst,E00111,2023-11-05,Active,
E01883,P001883,Jessica,Davis,Jessica Davis,jessica.davis@samplehealth.org,Clinical Operations,Outpatient Center A,Operations Manager,E00161,2023-08-22,Active,
E01884,P001884,Shannon,Cox,Shannon Cox,shannon.cox@samplehealth.org,Facilities,Outpatient Center A,Facilities Manager,E00104,2020-07-14,Active,
E01885,P001885,Jasmine,Acosta,Jasmine Acosta,jasmine.acosta@samplehealth.org,Radiology,West Hospital,Imaging Specialist,E00170,2020-04-30,Active,
E01886,P001886,Cheryl,Moore,Cheryl Moore,cheryl.moore@samplehealth.org,Information Technology,South Hospital,Application Analyst,E00049,2020-12-26,Active,
E01887,P001887,Oscar,Tate,Oscar Tate,oscar.tate@samplehealth.org,Emergency Services,Cancer Center,Emergency Services Coordinator,E00216,2017-04-29,Active,
E01888,P001888,Ariana,Keller,Ariana Keller,ariana.keller@samplehealth.org,Radiology,Children's Hospital,Radiology Technician,E00224,2014-03-06,Active,
E01889,P001889,Fernando,Thomas,Fernando Thomas,fernando.thomas@samplehealth.org,Revenue Cycle,South Hospital,Revenue Cycle Analyst,E00003,2024-09-16,Active,
E01890,P001890,Jennifer,Barnes,Jennifer Barnes,jennifer.barnes@samplehealth.org,Pharmacy,Central Medical Center,Pharmacy Manager,E00037,2016-11-21,Terminated,2024-06-24
E01891,P001891,Keith,White,Keith White,keith.white@samplehealth.org,Clinical Operations,Outpatient Center A,Clinical Analyst,E00250,2013-11-11,Active,
E01892,P001892,Susan,Smith,Susan Smith,susan.smith@samplehealth.org,Information Technology,South Hospital,Data Analyst,E00165,2024-08-24,Active,
E01893,P001893,Johnny,Ellis,Johnny Ellis,johnny.ellis@samplehealth.org,Radiology,Outpatient Center A,Imaging Specialist,E00160,2026-03-06,Active,
E01894,P001894,Victor,Aguirre,Victor Aguirre,victor.aguirre@samplehealth.org,Information Technology,Outpatient Center A,Application Analyst,E00142,2021-12-19,Active,
E01895,P001895,Nicole,Young,Nicole Young,nicole.young@samplehealth.org,Laboratory,Cancer Center,Laboratory Specialist,E00058,2021-08-23,Active,
E01896,P001896,Donna,Chavez,Donna Chavez,donna.chavez@samplehealth.org,Information Technology,Central Medical Center,Application Analyst,E00148,2019-02-21,Active,
E01897,P001897,Christopher,Greene,Christopher Greene,christopher.greene@samplehealth.org,Laboratory,West Hospital,Lab Coordinator,E00183,2015-10-15,Active,
E01898,P001898,Nicole,Ramirez,Nicole Ramirez,nicole.ramirez@samplehealth.org,Emergency Services,Outpatient Center A,Emergency Services Coordinator,E00238,2022-04-27,Active,
E01899,P001899,Angela,Bryan,Angela Bryan,angela.bryan@samplehealth.org,Emergency Services,Cancer Center,Registered Nurse,E00009,2012-06-15,Active,
E01900,P001900,Jack,Brown,Jack Brown,jack.brown@samplehealth.org,Nursing,Outpatient Center B,Clinical Coordinator,E00181,2017-07-24,Active,
E01901,P001901,Benjamin,Nash,Benjamin Nash,benjamin.nash@samplehealth.org,Facilities,Outpatient Center B,Facilities Technician,E00247,2022-12-21,Active,
E01902,P001902,Belinda,Morrison,Belinda Morrison,belinda.morrison@samplehealth.org,Clinical Operations,South Hospital,Operations Coordinator,E00187,2017-04-04,Active,
E01903,P001903,Samantha,Williams,Samantha Williams,samantha.williams@samplehealth.org,Clinical Operations,Children's Hospital,Operations Manager,E00120,2018-09-19,Active,
E01904,P001904,Victoria,Martin,Victoria Martin,victoria.martin@samplehealth.org,Emergency Services,North Hospital,Emergency Department Technician,E00063,2016-06-18,Active,
E01905,P001905,Cheryl,Holt,Cheryl Holt,cheryl.holt@samplehealth.org,Laboratory,North Hospital,Lab Coordinator,E00176,2021-09-30,Active,
E01906,P001906,Ashley,Hart,Ashley Hart,ashley.hart@samplehealth.org,Revenue Cycle,Children's Hospital,Claims Analyst,E00157,2019-05-16,Active,
E01907,P001907,Kara,Ward,Kara Ward,kara.ward@samplehealth.org,Nursing,Central Medical Center,Nurse Manager,E00121,2012-03-26,Terminated,2013-10-25
E01908,P001908,Kayla,Morris,Kayla Morris,kayla.morris@samplehealth.org,Laboratory,Outpatient Center B,Lab Coordinator,E00147,2018-01-26,Active,
E01909,P001909,Lori,Chang,Lori Chang,lori.chang@samplehealth.org,Clinical Operations,Outpatient Center A,Clinical Analyst,E00091,2025-12-21,Active,
E01910,P001910,Andrea,Carter,Andrea Carter,andrea.carter@samplehealth.org,Finance,South Hospital,Accountant,E00010,2013-11-30,Active,
E01911,P001911,David,Villarreal,David Villarreal,david.villarreal@samplehealth.org,Clinical Operations,Children's Hospital,Operations Manager,E00187,2017-03-23,Active,
E01912,P001912,Alison,Warren,Alison Warren,alison.warren@samplehealth.org,Patient Access,Central Medical Center,Patient Access Specialist,E00162,2023-06-18,Active,
E01913,P001913,Jason,Brown,Jason Brown,jason.brown@samplehealth.org,Laboratory,South Hospital,Lab Coordinator,E00147,2021-05-06,Terminated,2025-11-04
E01914,P001914,Vanessa,Webb,Vanessa Webb,vanessa.webb@samplehealth.org,Nursing,Children's Hospital,Clinical Coordinator,E00208,2023-05-05,Active,
E01915,P001915,Cassandra,French,Cassandra French,cassandra.french@samplehealth.org,Clinical Operations,Central Medical Center,Operations Manager,E00074,2023-08-25,Active,
E01916,P001916,Justin,Lynch,Justin Lynch,justin.lynch@samplehealth.org,Laboratory,South Hospital,Lab Technician,E00130,2017-01-03,Active,
E01917,P001917,Jordan,Andrews,Jordan Andrews,jordan.andrews@samplehealth.org,Pharmacy,Children's Hospital,Pharmacy Technician,E00034,2022-03-24,Active,
E01918,P001918,Michael,Anderson,Michael Anderson,michael.anderson@samplehealth.org,Patient Access,Children's Hospital,Patient Access Specialist,E00220,2021-03-13,Active,
E01919,P001919,Tyler,Daniel,Tyler Daniel,tyler.daniel@samplehealth.org,Finance,North Hospital,Financial Analyst,E00155,2020-02-03,Active,
E01920,P001920,Travis,White,Travis White,travis.white@samplehealth.org,Information Technology,Outpatient Center B,Business Analyst,E00095,2021-12-28,Active,
E01921,P001921,Jesse,Roberts,Jesse Roberts,jesse.roberts@samplehealth.org,Information Technology,West Hospital,Systems Analyst,E00125,2014-12-01,Active,
E01922,P001922,Aaron,Johnson,Aaron Johnson,aaron.johnson@samplehealth.org,Information Technology,Cancer Center,Data Analyst,E00022,2022-04-07,Active,
E01923,P001923,Laura,Mclaughlin,Laura Mclaughlin,laura.mclaughlin@samplehealth.org,Information Technology,Outpatient Center B,Business Analyst,E00193,2015-02-25,Active,
E01924,P001924,Lauren,Duarte,Lauren Duarte,lauren.duarte@samplehealth.org,Radiology,West Hospital,Imaging Specialist,E00170,2018-09-01,Active,
E01925,P001925,Brandon,Bailey,Brandon Bailey,brandon.bailey@samplehealth.org,Laboratory,South Hospital,Lab Coordinator,E00054,2025-05-03,Active,
E01926,P001926,Dana,Smith,Dana Smith,dana.smith@samplehealth.org,Patient Access,Cancer Center,Registration Coordinator,E00014,2015-01-18,Active,
E01927,P001927,Hannah,King,Hannah King,hannah.king@samplehealth.org,Revenue Cycle,North Hospital,Billing Specialist,E00014,2012-10-11,Active,
E01928,P001928,Kyle,Hunter,Kyle Hunter,kyle.hunter@samplehealth.org,Information Technology,Outpatient Center A,Application Analyst,E00122,2017-02-18,Active,
E01929,P001929,Katie,Wilson,Katie Wilson,katie.wilson@samplehealth.org,Finance,West Hospital,Accountant,E00098,2017-04-17,Active,
E01930,P001930,Matthew,Ramsey,Matthew Ramsey,matthew.ramsey@samplehealth.org,Revenue Cycle,Outpatient Center A,Claims Analyst,E00122,2022-02-07,Active,
E01931,P001931,Susan,Collier,Susan Collier,susan.collier@samplehealth.org,Finance,Outpatient Center A,Financial Analyst,E00004,2014-12-04,Active,
E01932,P001932,Mark,Morgan,Mark Morgan,mark.morgan@samplehealth.org,Finance,Outpatient Center A,Accountant,E00174,2023-01-24,Active,
E01933,P001933,Timothy,Wells,Timothy Wells,timothy.wells@samplehealth.org,Facilities,Central Medical Center,Facilities Manager,E00025,2012-03-24,Active,
E01934,P001934,Debbie,Olson,Debbie Olson,debbie.olson@samplehealth.org,Emergency Services,Cancer Center,Registered Nurse,E00245,2022-04-18,Active,
E01935,P001935,Steven,Grimes,Steven Grimes,steven.grimes@samplehealth.org,Radiology,Children's Hospital,Radiology Coordinator,E00086,2017-04-29,Active,
E01936,P001936,Steven,Olsen,Steven Olsen,steven.olsen@samplehealth.org,Finance,North Hospital,Accountant,E00066,2024-04-04,Active,
E01937,P001937,Brian,Meyer,Brian Meyer,brian.meyer@samplehealth.org,Revenue Cycle,Outpatient Center A,Claims Analyst,E00119,2021-03-27,Active,
E01938,P001938,Jessica,Stewart,Jessica Stewart,jessica.stewart@samplehealth.org,Revenue Cycle,West Hospital,Claims Analyst,E00188,2020-09-27,Active,
E01939,P001939,Andrew,Ray,Andrew Ray,andrew.ray@samplehealth.org,Revenue Cycle,West Hospital,Claims Analyst,E00134,2017-04-08,Active,
E01940,P001940,Lauren,Barron,Lauren Barron,lauren.barron@samplehealth.org,Facilities,South Hospital,Facilities Manager,E00081,2017-08-22,Active,
E01941,P001941,Carl,Hernandez,Carl Hernandez,carl.hernandez@samplehealth.org,Emergency Services,Central Medical Center,Emergency Department Technician,E00213,2025-12-05,Active,
E01942,P001942,Anthony,Terrell,Anthony Terrell,anthony.terrell@samplehealth.org,Pharmacy,Outpatient Center A,Pharmacist,E00026,2022-04-14,Active,
E01943,P001943,Amanda,Martin,Amanda Martin,amanda.martin@samplehealth.org,Emergency Services,Outpatient Center B,Emergency Department Technician,E00090,2021-12-05,Active,
E01944,P001944,Perry,Larson,Perry Larson,perry.larson@samplehealth.org,Human Resources,Children's Hospital,Learning Specialist,E00065,2026-05-02,Active,
E01945,P001945,Kimberly,Parker,Kimberly Parker,kimberly.parker@samplehealth.org,Human Resources,Central Medical Center,HR Specialist,E00159,2026-03-21,Active,
E01946,P001946,Leonard,Johnson,Leonard Johnson,leonard.johnson@samplehealth.org,Pharmacy,West Hospital,Pharmacist,E00244,2018-08-31,Active,
E01947,P001947,Christopher,Wiley,Christopher Wiley,christopher.wiley@samplehealth.org,Patient Access,North Hospital,Registration Coordinator,E00182,2017-12-11,Active,
E01948,P001948,Shannon,Sampson,Shannon Sampson,shannon.sampson@samplehealth.org,Pharmacy,South Hospital,Pharmacist,E00097,2015-04-21,Active,
E01949,P001949,Alicia,Thompson,Alicia Thompson,alicia.thompson@samplehealth.org,Revenue Cycle,South Hospital,Claims Analyst,E00230,2017-12-28,Active,
E01950,P001950,Kristen,Strickland,Kristen Strickland,kristen.strickland@samplehealth.org,Pharmacy,South Hospital,Pharmacy Manager,E00065,2013-03-14,Active,
E01951,P001951,Scott,Johnson,Scott Johnson,scott.johnson@samplehealth.org,Finance,North Hospital,Accountant,E00164,2019-11-02,Active,
E01952,P001952,Rebecca,Moore,Rebecca Moore,rebecca.moore@samplehealth.org,Laboratory,Outpatient Center A,Laboratory Specialist,E00178,2017-05-30,Active,
E01953,P001953,Sandra,Oconnor,Sandra Oconnor,sandra.oconnor@samplehealth.org,Revenue Cycle,Children's Hospital,Billing Specialist,E00042,2020-07-13,Active,
E01954,P001954,Lance,Murphy,Lance Murphy,lance.murphy@samplehealth.org,Pharmacy,Central Medical Center,Pharmacy Technician,E00098,2024-09-18,Active,
E01955,P001955,Monica,Short,Monica Short,monica.short@samplehealth.org,Radiology,Central Medical Center,Imaging Specialist,E00067,2020-05-28,Terminated,2026-02-28
E01956,P001956,Victoria,Harris,Victoria Harris,victoria.harris@samplehealth.org,Finance,Outpatient Center B,Financial Analyst,E00018,2012-03-31,Leave,
E01957,P001957,Stephen,Reeves,Stephen Reeves,stephen.reeves@samplehealth.org,Laboratory,Outpatient Center A,Lab Technician,E00046,2020-07-05,Active,
E01958,P001958,Darrell,Collins,Darrell Collins,darrell.collins@samplehealth.org,Revenue Cycle,North Hospital,Billing Specialist,E00037,2012-05-16,Active,
E01959,P001959,Gloria,Wheeler,Gloria Wheeler,gloria.wheeler@samplehealth.org,Emergency Services,West Hospital,Emergency Services Coordinator,E00158,2013-02-08,Active,
E01960,P001960,Mathew,Small,Mathew Small,mathew.small@samplehealth.org,Revenue Cycle,Outpatient Center B,Revenue Cycle Analyst,E00184,2013-05-18,Active,
E01961,P001961,Abigail,Hopkins,Abigail Hopkins,abigail.hopkins@samplehealth.org,Finance,Central Medical Center,Financial Analyst,E00019,2016-12-09,Active,
E01962,P001962,Andrew,Blake,Andrew Blake,andrew.blake@samplehealth.org,Pharmacy,Children's Hospital,Pharmacy Manager,E00199,2022-06-29,Active,
E01963,P001963,Patricia,Flores,Patricia Flores,patricia.flores@samplehealth.org,Laboratory,Outpatient Center B,Lab Technician,E00039,2014-11-25,Active,
E01964,P001964,Justin,Patel,Justin Patel,justin.patel@samplehealth.org,Revenue Cycle,Central Medical Center,Claims Analyst,E00239,2024-10-08,Active,
E01965,P001965,Scott,Wilson,Scott Wilson,scott.wilson@samplehealth.org,,Outpatient Center A,Clinical Coordinator,E00069,2014-03-01,Active,
E01966,P001966,Eric,Wilson,Eric Wilson,eric.wilson@samplehealth.org,Information Technology,Outpatient Center A,Systems Analyst,E00148,2022-03-22,Active,
E01967,P001967,Anita,Garcia,Anita Garcia,anita.garcia@samplehealth.org,Nursing,Outpatient Center B,Clinical Coordinator,E00123,2020-11-08,Active,
E01968,P001968,Michael,Flores,Michael Flores,michael.flores@samplehealth.org,Radiology,North Hospital,Imaging Specialist,E00139,2014-01-12,Active,
E01969,P001969,Sherry,Brock,Sherry Brock,sherry.brock@samplehealth.org,Human Resources,Outpatient Center A,HR Specialist,E00245,2021-05-23,Active,
E01970,P001970,John,Jones,John Jones,john.jones@samplehealth.org,Clinical Operations,North Hospital,Clinical Analyst,E00146,2022-01-21,Active,
E01971,P001971,Patricia,Fernandez,Patricia Fernandez,patricia.fernandez@samplehealth.org,Emergency Services,Cancer Center,Emergency Services Coordinator,E00175,2012-06-27,Active,
E01972,P001972,David,Ruiz,David Ruiz,david.ruiz@samplehealth.org,Finance,Central Medical Center,Accountant,E00162,2023-02-12,Active,
E01973,P001973,Brent,Reyes,Brent Reyes,brent.reyes@samplehealth.org,Revenue Cycle,Cancer Center,Revenue Cycle Analyst,E00137,2013-02-02,Active,
E01974,P001974,Ronald,White,Ronald White,ronald.white@samplehealth.org,Facilities,Outpatient Center B,Facilities Technician,E00195,2021-10-07,Active,
E01975,P001975,Patricia,Soto,Patricia Soto,patricia.soto@samplehealth.org,Finance,West Hospital,Revenue Analyst,E00046,2023-05-14,Active,
E01976,P001976,Holly,Jensen,Holly Jensen,holly.jensen@samplehealth.org,Emergency Services,Outpatient Center A,Emergency Department Technician,E00170,2016-12-09,Leave,
E01977,P001977,Martin,Gonzalez,Martin Gonzalez,martin.gonzalez@samplehealth.org,Human Resources,Outpatient Center A,HR Business Partner,E00230,2024-07-11,Active,
E01978,P001978,Emily,Ferguson,Emily Ferguson,emily.ferguson@samplehealth.org,Pharmacy,Cancer Center,Pharmacy Manager,E00125,2024-06-25,Active,
E01979,P001979,Kathy,Bradley,Kathy Bradley,kathy.bradley@samplehealth.org,Pharmacy,Outpatient Center B,Pharmacy Manager,E00189,2013-03-16,Active,
E01980,P001980,Lisa,Gillespie,Lisa Gillespie,lisa.gillespie@samplehealth.org,Human Resources,Central Medical Center,HR Specialist,E00050,2019-08-04,Active,
E01981,P001981,Colton,Collins,Colton Collins,colton.collins@samplehealth.org,Nursing,West Hospital,Clinical Coordinator,E00126,2022-08-03,Active,
E01982,P001982,Jennifer,Marshall,Jennifer Marshall,jennifer.marshall@samplehealth.org,Radiology,Children's Hospital,Radiology Technician,E00128,2015-07-26,Active,
E01983,P001983,Stacey,Thomas,Stacey Thomas,stacey.thomas@samplehealth.org,Emergency Services,Central Medical Center,Emergency Services Coordinator,E00010,2022-02-13,Active,
E01984,P001984,Jonathan,Cox,Jonathan Cox,jonathan.cox@samplehealth.org,Facilities,Cancer Center,Facilities Technician,E00202,2014-09-29,Active,
E01985,P001985,Holly,Ortega,Holly Ortega,holly.ortega@samplehealth.org,Clinical Operations,Outpatient Center A,Operations Coordinator,E00031,2025-01-16,Active,
E01986,P001986,Michelle,Nguyen,Michelle Nguyen,michelle.nguyen@samplehealth.org,Human Resources,Outpatient Center B,Learning Specialist,E00241,2019-12-02,Active,
E01987,P001987,Anthony,Alvarez,Anthony Alvarez,anthony.alvarez@samplehealth.org,Revenue Cycle,South Hospital,Claims Analyst,E00190,2017-08-08,Active,
E01988,P001988,Timothy,Singleton,Timothy Singleton,timothy.singleton@samplehealth.org,Patient Access,North Hospital,Patient Access Representative,E00010,2016-06-04,Active,
E01989,P001989,Katrina,Munoz,Katrina Munoz,katrina.munoz@samplehealth.org,Clinical Operations,Outpatient Center B,Operations Coordinator,E00168,2013-10-16,Active,
E01990,P001990,William,Sullivan,William Sullivan,william.sullivan@samplehealth.org,Nursing,Central Medical Center,Nurse Manager,E00063,2023-10-11,Active,
E01991,P001991,Laura,Nguyen,Laura Nguyen,laura.nguyen@samplehealth.org,Clinical Operations,South Hospital,Operations Manager,E00004,2022-09-03,Active,
E01992,P001992,Chad,Turner,Chad Turner,chad.turner@samplehealth.org,Information Technology,Children's Hospital,Data Analyst,E00211,2019-06-20,Active,
E01993,P001993,Richard,Gutierrez,Richard Gutierrez,richard.gutierrez@samplehealth.org,Pharmacy,South Hospital,Pharmacy Technician,E00214,2022-03-09,Active,
E01994,P001994,John,Moore,John Moore,john.moore@samplehealth.org,Patient Access,North Hospital,Patient Access Representative,E00030,2019-10-31,Active,
E01995,P001995,Patrick,Peterson,Patrick Peterson,patrick.peterson@samplehealth.org,Laboratory,West Hospital,Lab Coordinator,E00017,2025-06-21,Active,
E01996,P001996,Heather,Reynolds,Heather Reynolds,heather.reynolds@samplehealth.org,Human Resources,Cancer Center,HR Business Partner,E00208,2019-01-12,Active,
E01997,P001997,Ashley,Peterson,Ashley Peterson,ashley.peterson@samplehealth.org,Clinical Operations,Outpatient Center A,Operations Manager,E00084,2023-06-08,Terminated,2024-06-08
E01998,P001998,Gilbert,Caldwell,Gilbert Caldwell,gilbert.caldwell@samplehealth.org,Pharmacy,South Hospital,Pharmacy Manager,E00083,2024-03-15,Active,
E01999,P001999,Sarah,Andrews,Sarah Andrews,sarah.andrews@samplehealth.org,Human Resources,South Hospital,HR Specialist,E00086,2019-11-26,Active,
E02000,P002000,Danny,Carlson,Danny Carlson,danny.carlson@samplehealth.org,Pharmacy,Children's Hospital,Pharmacist,E00037,2017-02-27,Active,
E02001,P002001,Angela,Short,Angela Short,angela.short@samplehealth.org,Radiology,Cancer Center,Radiology Technician,E00142,2014-08-15,Active,
E02002,P002002,Kyle,Sullivan,Kyle Sullivan,kyle.sullivan@samplehealth.org,Information Technology,West Hospital,Application Analyst,E00237,2021-10-20,Active,
E02003,P002003,Daniel,Cervantes,Daniel Cervantes,daniel.cervantes@samplehealth.org,Patient Access,South Hospital,Patient Access Representative,E00026,2024-09-29,Active,
E02004,P002004,Lori,Murphy,Lori Murphy,lori.murphy@samplehealth.org,Revenue Cycle,Outpatient Center A,Claims Analyst,E00200,2022-08-06,Active,
E02005,P002005,Donna,Davis,Donna Davis,donna.davis@samplehealth.org,Information Technology,Outpatient Center B,Data Analyst,E00021,2025-07-10,Active,
E02006,P002006,Dominic,Carpenter,Dominic Carpenter,dominic.carpenter@samplehealth.org,Nursing,South Hospital,Registered Nurse,E00238,2024-06-20,Active,
E02007,P002007,Daisy,Smith,Daisy Smith,daisy.smith@samplehealth.org,Pharmacy,Children's Hospital,Pharmacy Manager,E00107,2014-02-13,Active,
E02008,P002008,Donna,Chavez,Donna Chavez,donna.chavez@samplehealth.org,Clinical Operations,South Hospital,Clinical Analyst,E00053,2016-08-01,Active,
E02009,P002009,Peter,Lane,Peter Lane,peter.lane@samplehealth.org,Information Technology,Outpatient Center B,Systems Analyst,E00106,2014-12-14,Active,
E02010,P002010,Jamie,Rich,Jamie Rich,jamie.rich@samplehealth.org,Human Resources,Central Medical Center,HR Specialist,E00153,2016-09-21,Active,
E02011,P002011,Ashley,Gentry,Ashley Gentry,ashley.gentry@samplehealth.org,Information Technology,North Hospital,Application Analyst,E00161,2016-10-21,Active,
E02012,,Samantha,Zuniga,Samantha Zuniga,samantha.zuniga@samplehealth.org,Finance,Outpatient Center A,Accountant,E00002,2023-11-02,Active,
E02013,P002013,Toni,Cooper,Toni Cooper,toni.cooper@samplehealth.org,Emergency Services,West Hospital,Emergency Department Technician,E00031,2013-02-21,Active,
E02014,P002014,Brandi,Carr,Brandi Carr,brandi.carr@samplehealth.org,Emergency Services,Cancer Center,Emergency Department Technician,E00221,2020-04-22,Active,
E02015,P002015,Richard,Anderson,Richard Anderson,richard.anderson@samplehealth.org,Emergency Services,West Hospital,Registered Nurse,E00119,2016-08-17,Active,
E02016,P002016,Bryan,Santana,Bryan Santana,bryan.santana@samplehealth.org,Revenue Cycle,West Hospital,Claims Analyst,E00071,2012-07-12,Active,
E02017,P002017,Aaron,Castro,Aaron Castro,aaron.castro@samplehealth.org,Nursing,North Hospital,Registered Nurse,E00204,2017-09-26,Active,
E02018,P002018,Daniel,Campbell,Daniel Campbell,daniel.campbell@samplehealth.org,Information Technology,Outpatient Center B,Application Analyst,E00046,2012-02-26,Active,
E02019,P002019,Joe,Park,Joe Park,joe.park@samplehealth.org,,Central Medical Center,Data Analyst,E00166,2018-05-01,Active,
E02020,P002020,Colleen,Joseph,Colleen Joseph,colleen.joseph@samplehealth.org,Facilities,West Hospital,Maintenance Coordinator,E00112,2018-07-13,Active,
E02021,P002021,Patrick,Gardner,Patrick Gardner,patrick.gardner@samplehealth.org,Finance,Outpatient Center B,Accountant,E00012,2022-11-23,Terminated,2023-08-19
E02022,P002022,Thomas,Lopez,Thomas Lopez,thomas.lopez@samplehealth.org,Pharmacy,Central Medical Center,Pharmacy Manager,E00237,2018-03-02,Active,
E02023,P002023,Megan,Ward,Megan Ward,megan.ward@samplehealth.org,Emergency Services,South Hospital,Emergency Department Technician,E00202,2018-09-21,Leave,
E02024,P002024,Eric,Bright,Eric Bright,eric.bright@samplehealth.org,Nursing,North Hospital,Nurse Manager,E00019,2023-01-09,Active,
E02025,P002025,David,Smith,David Smith,david.smith@samplehealth.org,Human Resources,Outpatient Center B,Learning Specialist,E00152,2022-08-27,Active,
E02026,P002026,Alfred,Griffith,Alfred Griffith,alfred.griffith@samplehealth.org,Patient Access,Outpatient Center A,Patient Access Specialist,E00051,2019-11-27,Active,
E02027,P002027,Diane,Proctor,Diane Proctor,diane.proctor@samplehealth.org,Clinical Operations,Cancer Center,Operations Manager,E00059,2013-12-07,Active,
E02028,P002028,Christopher,May,Christopher May,christopher.may@samplehealth.org,Pharmacy,West Hospital,Pharmacy Technician,E00026,2018-09-13,Terminated,2026-01-06
E02029,P002029,Stephen,Mccormick,Stephen Mccormick,stephen.mccormick@samplehealth.org,Human Resources,Outpatient Center A,Learning Specialist,E00223,2021-11-27,Active,
E02030,P002030,Sarah,Hanson,Sarah Hanson,sarah.hanson@samplehealth.org,Human Resources,West Hospital,HR Business Partner,E00019,2019-05-10,Active,
E02031,P002031,William,Arnold,William Arnold,william.arnold@samplehealth.org,Laboratory,Outpatient Center B,Lab Coordinator,E00014,2019-04-13,Active,
E02032,P002032,Paul,Perez,Paul Perez,paul.perez@samplehealth.org,Radiology,West Hospital,Radiology Technician,E00238,2018-11-07,Active,
E02033,P002033,Cassandra,Lane,Cassandra Lane,cassandra.lane@samplehealth.org,Patient Access,South Hospital,Patient Access Specialist,E00100,2026-01-11,Active,
E02034,P002034,Jessica,Joseph,Jessica Joseph,jessica.joseph@samplehealth.org,Facilities,Outpatient Center B,Facilities Technician,E00185,2016-03-16,Terminated,2023-03-12
E02035,P002035,Sara,Johnston,Sara Johnston,sara.johnston@samplehealth.org,Human Resources,Cancer Center,Learning Specialist,E00250,2012-03-11,Active,
E02036,P002036,Tiffany,Carroll,Tiffany Carroll,tiffany.carroll@samplehealth.org,Finance,Cancer Center,Financial Analyst,E00033,2023-08-13,Active,
E02037,P002037,Miguel,Carpenter,Miguel Carpenter,miguel.carpenter@samplehealth.org,Nursing,Central Medical Center,Clinical Coordinator,E00072,2023-05-16,Active,
E02038,P002038,Christopher,Cross,Christopher Cross,christopher.cross@samplehealth.org,Information Technology,Outpatient Center B,Data Analyst,E00118,2020-07-30,Active,
E02039,P002039,Tonya,Terrell,Tonya Terrell,tonya.terrell@samplehealth.org,Radiology,Cancer Center,Radiology Technician,E00057,2024-11-15,Active,
E02040,P002040,Joshua,Black,Joshua Black,joshua.black@samplehealth.org,,South Hospital,Revenue Analyst,E00203,2020-07-12,Active,
E02041,P002041,Pamela,Davis,Pamela Davis,pamela.davis@samplehealth.org,Revenue Cycle,South Hospital,Claims Analyst,E00148,2019-08-30,Active,
E02042,P002042,Crystal,Alvarado,Crystal Alvarado,crystal.alvarado@samplehealth.org,Emergency Services,North Hospital,Emergency Department Technician,E00106,2023-01-01,Active,
E02043,P002043,Christian,Schultz,Christian Schultz,christian.schultz@samplehealth.org,Emergency Services,West Hospital,Emergency Services Coordinator,E00152,2025-03-15,Active,
E02044,P002044,Bethany,Austin,Bethany Austin,bethany.austin@samplehealth.org,Laboratory,Children's Hospital,Laboratory Specialist,E00004,2017-06-20,Active,
E02045,P002045,Amanda,Smith,Amanda Smith,amanda.smith@samplehealth.org,Clinical Operations,West Hospital,Clinical Analyst,E00064,2019-05-08,Active,
E02046,P002046,William,Harrison,William Harrison,william.harrison@samplehealth.org,Facilities,West Hospital,Maintenance Coordinator,E00229,2024-02-09,Active,
E02047,P002047,Martin,Gomez,Martin Gomez,martin.gomez@samplehealth.org,Patient Access,Central Medical Center,Patient Access Representative,E00107,2025-03-15,Active,
E02048,P002048,Kenneth,Jackson,Kenneth Jackson,kenneth.jackson@samplehealth.org,Nursing,Outpatient Center B,Registered Nurse,E00188,2023-06-13,Active,
E02049,P002049,Sandra,Curry,Sandra Curry,sandra.curry@samplehealth.org,Emergency Services,Outpatient Center A,Emergency Department Technician,E00136,2023-12-29,Active,
E02050,P002050,Kristen,Green,Kristen Green,kristen.green@samplehealth.org,Radiology,North Hospital,Imaging Specialist,E00116,2022-05-01,Active,
E02051,P002051,Thomas,Jackson,Thomas Jackson,thomas.jackson@samplehealth.org,Laboratory,North Hospital,Lab Technician,E00143,2012-07-02,Active,
E02052,P002052,Diana,Carter,Diana Carter,diana.carter@samplehealth.org,Nursing,Outpatient Center A,Clinical Coordinator,E00244,2024-03-02,Active,
E02053,P002053,Claudia,Mitchell,Claudia Mitchell,claudia.mitchell@samplehealth.org,Human Resources,Cancer Center,HR Specialist,E00076,2013-01-10,Active,
E02054,P002054,David,Jones,David Jones,david.jones@samplehealth.org,Human Resources,North Hospital,Learning Specialist,E00005,2024-12-16,Leave,
E02055,P002055,Joshua,Anderson,Joshua Anderson,joshua.anderson@samplehealth.org,Laboratory,Children's Hospital,Lab Coordinator,E00042,2016-05-27,Active,
E02056,P002056,Joshua,Scott,Joshua Scott,joshua.scott@samplehealth.org,Clinical Operations,Central Medical Center,Clinical Analyst,E00250,2024-03-28,Active,
E02057,P002057,Daniel,Thompson,Daniel Thompson,daniel.thompson@samplehealth.org,Laboratory,South Hospital,Laboratory Specialist,E00224,2021-09-10,Active,
E02058,P002058,Joanne,Hopkins,Joanne Hopkins,joanne.hopkins@samplehealth.org,Clinical Operations,South Hospital,Clinical Analyst,E00203,2017-11-30,Active,
E02059,P002059,Lindsey,Green,Lindsey Green,lindsey.green@samplehealth.org,Facilities,Outpatient Center B,Facilities Manager,E00181,2023-07-19,Active,
E02060,P002060,Joel,White,Joel White,joel.white@samplehealth.org,Revenue Cycle,North Hospital,Revenue Cycle Analyst,E00099,2020-08-06,Active,
E02061,P002061,Michelle,Cooper,Michelle Cooper,michelle.cooper@samplehealth.org,Clinical Operations,Central Medical Center,Clinical Analyst,E00076,2013-01-22,Active,
E02062,P002062,Tammy,Larson,Tammy Larson,tammy.larson@samplehealth.org,Radiology,West Hospital,Imaging Specialist,E00202,2025-08-09,Active,
E02063,P002063,Eric,Crawford,Eric Crawford,eric.crawford@samplehealth.org,Revenue Cycle,Cancer Center,Revenue Cycle Analyst,E00189,2018-08-25,Active,
E02064,P002064,Kaylee,Young,Kaylee Young,kaylee.young@samplehealth.org,Nursing,Cancer Center,Clinical Coordinator,E00228,2019-02-11,Active,
E02065,P002065,Jessica,Jackson,Jessica Jackson,jessica.jackson@samplehealth.org,Nursing,Outpatient Center A,Registered Nurse,E00094,2021-06-15,Active,
E02066,P002066,Jessica,Reed,Jessica Reed,jessica.reed@samplehealth.org,Laboratory,Central Medical Center,Lab Coordinator,E00094,2022-07-20,Active,
E02067,P002067,Joseph,Weiss,Joseph Weiss,joseph.weiss@samplehealth.org,Facilities,North Hospital,Facilities Technician,E00144,2012-07-08,Active,
E02068,P002068,Gary,Ross,Gary Ross,gary.ross@samplehealth.org,Clinical Operations,South Hospital,Operations Coordinator,E00086,2016-10-01,Active,
E02069,P002069,Thomas,Vaughan,Thomas Vaughan,thomas.vaughan@samplehealth.org,Human Resources,North Hospital,Learning Specialist,E00167,2020-09-06,Active,
E02070,P002070,Jesus,Vega,Jesus Vega,jesus.vega@samplehealth.org,Laboratory,West Hospital,Lab Coordinator,E00193,2018-04-05,Active,
E02071,P002071,Thomas,Thomas,Thomas Thomas,thomas.thomas@samplehealth.org,Clinical Operations,Cancer Center,Operations Coordinator,E00091,2026-06-06,Active,
E02072,P002072,Ryan,Roberts,Ryan Roberts,ryan.roberts@samplehealth.org,Finance,Outpatient Center A,Revenue Analyst,E00071,2025-03-10,Active,
E02073,P002073,Shane,Gregory,Shane Gregory,shane.gregory@samplehealth.org,Nursing,Cancer Center,Registered Nurse,E00089,2020-08-23,Active,
E02074,P002074,Felicia,Williams,Felicia Williams,felicia.williams@samplehealth.org,Laboratory,North Hospital,Laboratory Specialist,E00121,2020-08-30,Active,
E02075,P002075,Dana,Blanchard,Dana Blanchard,dana.blanchard@samplehealth.org,Clinical Operations,Children's Hospital,Operations Manager,E00116,2018-12-21,Active,
E02076,P002076,Cheryl,Pearson,Cheryl Pearson,cheryl.pearson@samplehealth.org,Patient Access,North Hospital,Patient Access Specialist,E00049,2016-04-05,Active,
E02077,P002077,Matthew,Adams,Matthew Adams,matthew.adams@samplehealth.org,Laboratory,North Hospital,Lab Technician,E00101,2013-04-18,Active,
E02078,P002078,Jonathan,Silva,Jonathan Silva,jonathan.silva@samplehealth.org,Information Technology,North Hospital,Systems Analyst,E00028,2019-06-21,Active,
E02079,P002079,Kendra,Curry,Kendra Curry,kendra.curry@samplehealth.org,Information Technology,North Hospital,Systems Analyst,E00179,2024-02-12,Terminated,2024-12-10
E02080,P002080,April,Byrd,April Byrd,april.byrd@samplehealth.org,Information Technology,South Hospital,Application Analyst,E00224,2014-09-07,Active,
E02081,P002081,Lawrence,Smith,Lawrence Smith,lawrence.smith@samplehealth.org,Human Resources,Central Medical Center,Learning Specialist,E00076,2011-10-08,Active,
E02082,P002082,Marie,Smith,Marie Smith,marie.smith@samplehealth.org,Radiology,South Hospital,Radiology Coordinator,E00122,2013-04-15,Active,
E02083,P002083,Alicia,Jennings,Alicia Jennings,alicia.jennings@samplehealth.org,Facilities,Outpatient Center B,Maintenance Coordinator,E00189,2017-08-09,Active,
E02084,P002084,Jeffrey,Campbell,Jeffrey Campbell,jeffrey.campbell@samplehealth.org,,Children's Hospital,Revenue Cycle Analyst,E00049,2014-11-28,Active,
E02085,P002085,Austin,Harvey,Austin Harvey,austin.harvey@samplehealth.org,Pharmacy,West Hospital,Pharmacist,E00214,2012-08-04,Active,
E02086,P002086,Sheena,Douglas,Sheena Douglas,sheena.douglas@samplehealth.org,Emergency Services,Cancer Center,Registered Nurse,E00106,2025-11-02,Active,
E02087,P002087,Jay,Greene,Jay Greene,jay.greene@samplehealth.org,Patient Access,Cancer Center,Patient Access Specialist,E00125,2013-09-11,Active,
E02088,P002088,Jean,Wilson,Jean Wilson,jean.wilson@samplehealth.org,Patient Access,Outpatient Center B,Registration Coordinator,E00118,2026-03-12,Active,
E02089,P002089,Cassandra,Bennett,Cassandra Bennett,cassandra.bennett@samplehealth.org,Finance,South Hospital,Revenue Analyst,E00230,2024-08-14,Active,
E02090,P002090,Rachel,Knight,Rachel Knight,rachel.knight@samplehealth.org,Finance,Children's Hospital,Financial Analyst,E00059,2014-10-08,Active,
E02091,P002091,Paula,Dominguez,Paula Dominguez,paula.dominguez@samplehealth.org,Laboratory,Children's Hospital,Laboratory Specialist,E00198,2015-12-08,Active,
E02092,P002092,Kenneth,Guerrero,Kenneth Guerrero,kenneth.guerrero@samplehealth.org,Nursing,Cancer Center,Registered Nurse,E00073,2012-11-29,Terminated,2023-10-12
E02093,P002093,Shawn,Carney,Shawn Carney,shawn.carney@samplehealth.org,Laboratory,South Hospital,Lab Technician,E00183,2024-09-17,Active,
E02094,P002094,Ronald,Berger,Ronald Berger,ronald.berger@samplehealth.org,Emergency Services,South Hospital,Emergency Services Coordinator,E00250,2024-09-20,Active,
E02095,P002095,Kayla,Scott,Kayla Scott,kayla.scott@samplehealth.org,Information Technology,South Hospital,Business Analyst,E00061,2024-11-27,Active,
E02096,P002096,Charles,Waters,Charles Waters,charles.waters@samplehealth.org,Pharmacy,Cancer Center,Pharmacist,E00148,2018-02-19,Active,
E02097,P002097,Paul,Ferrell,Paul Ferrell,paul.ferrell@samplehealth.org,Information Technology,Children's Hospital,Application Analyst,E00095,2016-01-07,Active,
E02098,P002098,Stephanie,Baker,Stephanie Baker,stephanie.baker@samplehealth.org,Information Technology,Central Medical Center,Business Analyst,E00171,2019-02-13,Active,
E02099,P002099,Chad,Krause,Chad Krause,chad.krause@samplehealth.org,Facilities,South Hospital,Maintenance Coordinator,E00096,2015-01-14,Active,
E02100,P002100,Chelsey,White,Chelsey White,chelsey.white@samplehealth.org,Laboratory,South Hospital,Lab Coordinator,E00137,2019-12-30,Active,
E02101,P002101,Daniel,Fernandez,Daniel Fernandez,daniel.fernandez@samplehealth.org,Finance,Central Medical Center,Financial Analyst,E00104,2018-12-17,Active,
E02102,P002102,Jeffery,Schneider,Jeffery Schneider,jeffery.schneider@samplehealth.org,Laboratory,Outpatient Center B,Lab Technician,E00238,2019-02-19,Active,
E02103,P002103,Jennifer,Garcia,Jennifer Garcia,jennifer.garcia@samplehealth.org,Facilities,Central Medical Center,Facilities Technician,E00249,2012-11-12,Active,
E02104,P002104,Chad,Luna,Chad Luna,chad.luna@samplehealth.org,Clinical Operations,Cancer Center,Operations Manager,E00166,2024-11-05,Active,
E02105,P002105,Sean,Mosley,Sean Mosley,sean.mosley@samplehealth.org,Clinical Operations,Outpatient Center B,Clinical Analyst,E00230,2014-02-26,Active,
E02106,P002106,Denise,Smith,Denise Smith,denise.smith@samplehealth.org,Finance,South Hospital,Revenue Analyst,E00205,2012-04-08,Active,
E02107,P002107,Elizabeth,Adams,Elizabeth Adams,elizabeth.adams@samplehealth.org,Patient Access,Outpatient Center B,Registration Coordinator,E00087,2023-07-14,Active,
E02108,P002108,Mark,Myers,Mark Myers,mark.myers@samplehealth.org,Clinical Operations,Outpatient Center B,Operations Coordinator,E00231,2011-09-09,Active,
E02109,P002109,Zachary,Case,Zachary Case,zachary.case@samplehealth.org,Nursing,North Hospital,Registered Nurse,E00079,2019-12-21,Active,
E02110,P002110,Timothy,Powell,Timothy Powell,timothy.powell@samplehealth.org,,West Hospital,Nurse Manager,E00115,2024-01-03,Terminated,2024-04-20
E02111,P002111,Amber,Smith,Amber Smith,amber.smith@samplehealth.org,Facilities,Cancer Center,Facilities Technician,E00015,2023-05-08,Active,
E02112,P002112,Lisa,Olson,Lisa Olson,lisa.olson@samplehealth.org,Patient Access,West Hospital,Registration Coordinator,E00150,2021-04-10,Active,
E02113,P002113,Amanda,Frey,Amanda Frey,amanda.frey@samplehealth.org,Emergency Services,Children's Hospital,Emergency Department Technician,E00051,2017-04-18,Active,
E02114,P002114,Evelyn,Morales,Evelyn Morales,evelyn.morales@samplehealth.org,Nursing,Outpatient Center B,Registered Nurse,E00174,2022-05-19,Active,
E02115,P002115,Wendy,Holland,Wendy Holland,wendy.holland@samplehealth.org,Revenue Cycle,Outpatient Center A,Revenue Cycle Analyst,E00050,2017-11-03,Active,
E02116,P002116,Amanda,Woodward,Amanda Woodward,amanda.woodward@samplehealth.org,Laboratory,Central Medical Center,Laboratory Specialist,E00233,2012-12-28,Active,
E02117,P002117,Maureen,Hodges,Maureen Hodges,maureen.hodges@samplehealth.org,Revenue Cycle,Outpatient Center A,Billing Specialist,E00038,2016-07-22,Active,
E02118,P002118,Deborah,Thompson,Deborah Thompson,deborah.thompson@samplehealth.org,Clinical Operations,Cancer Center,Clinical Analyst,E00099,2012-04-17,Active,
E02119,P002119,Tammy,Guerrero,Tammy Guerrero,tammy.guerrero@samplehealth.org,Facilities,Children's Hospital,Facilities Technician,E00089,2016-09-16,Active,
E02120,P002120,Heather,Mosley,Heather Mosley,heather.mosley@samplehealth.org,Facilities,Outpatient Center B,Maintenance Coordinator,E00224,2022-05-09,Active,
E02121,P002121,Haley,Tucker,Haley Tucker,haley.tucker@samplehealth.org,Emergency Services,West Hospital,Emergency Department Technician,E00187,2022-05-23,Active,
E02122,P002122,Samuel,Lopez,Samuel Lopez,samuel.lopez@samplehealth.org,Laboratory,Outpatient Center A,Lab Coordinator,E00206,2012-03-25,Active,
E02123,P002123,James,Cortez,James Cortez,james.cortez@samplehealth.org,Laboratory,South Hospital,Laboratory Specialist,E00207,2021-09-17,Terminated,2023-09-27
E02124,P002124,Tracy,Brown,Tracy Brown,tracy.brown@samplehealth.org,Clinical Operations,Outpatient Center A,Clinical Analyst,E00036,2020-10-26,Active,
E02125,P002125,Dawn,Porter,Dawn Porter,dawn.porter@samplehealth.org,Patient Access,North Hospital,Registration Coordinator,E00037,2025-10-25,Terminated,2026-04-17
E02126,P002126,Tammy,Smith,Tammy Smith,tammy.smith@samplehealth.org,Human Resources,Outpatient Center B,HR Business Partner,E00223,2017-05-25,Active,
E02127,P002127,Brian,French,Brian French,brian.french@samplehealth.org,Emergency Services,North Hospital,Emergency Services Coordinator,E00239,2012-05-09,Active,
E02128,P002128,Richard,Lewis,Richard Lewis,richard.lewis@samplehealth.org,Patient Access,North Hospital,Patient Access Specialist,E00002,2022-09-30,Active,
E02129,P002129,Elizabeth,Ellis,Elizabeth Ellis,elizabeth.ellis@samplehealth.org,Radiology,Children's Hospital,Radiology Coordinator,E00107,2023-02-28,Active,
E02130,P002130,Molly,Herrera,Molly Herrera,molly.herrera@samplehealth.org,Information Technology,South Hospital,Application Analyst,E00052,2024-03-25,Active,
E02131,P002131,Beth,Buckley,Beth Buckley,beth.buckley@samplehealth.org,Information Technology,Children's Hospital,Application Analyst,E00142,2012-04-02,Active,
E02132,P002132,Jill,Burns,Jill Burns,jill.burns@samplehealth.org,Laboratory,Children's Hospital,Lab Technician,E00214,2011-12-13,Active,
E02133,P002133,Thomas,Hardin,Thomas Hardin,thomas.hardin@samplehealth.org,Patient Access,Outpatient Center B,Patient Access Specialist,E00144,2012-05-27,Active,
E02134,P002134,John,Banks,John Banks,john.banks@samplehealth.org,Clinical Operations,West Hospital,Clinical Analyst,E00007,2011-11-14,Active,
E02135,P002135,Gerald,Williams,Gerald Williams,gerald.williams@samplehealth.org,Nursing,Children's Hospital,Registered Nurse,E00077,2016-11-07,Active,
E02136,P002136,Lori,Davis,Lori Davis,lori.davis@samplehealth.org,Revenue Cycle,Outpatient Center B,Claims Analyst,E00032,2022-01-09,Active,
E02137,P002137,George,Garza,George Garza,george.garza@samplehealth.org,Revenue Cycle,Children's Hospital,Claims Analyst,E00107,2025-07-15,Active,
E02138,P002138,Lisa,Wilson,Lisa Wilson,lisa.wilson@samplehealth.org,Information Technology,West Hospital,Application Analyst,E00008,2021-09-30,Active,
E02139,P002139,Lauren,Walker,Lauren Walker,lauren.walker@samplehealth.org,Pharmacy,Outpatient Center B,Pharmacy Technician,E00249,2025-04-23,Active,
E02140,P002140,James,Rogers,James Rogers,james.rogers@samplehealth.org,Pharmacy,Cancer Center,Pharmacy Manager,E00149,2025-11-05,Active,
E02141,P002141,Tina,Gregory,Tina Gregory,tina.gregory@samplehealth.org,Laboratory,Outpatient Center A,Lab Coordinator,E00223,2017-02-20,Active,
E02142,P002142,David,Sutton,David Sutton,david.sutton@samplehealth.org,Finance,Outpatient Center B,Revenue Analyst,E00250,2020-11-29,Active,
E02143,P002143,Derrick,Copeland,Derrick Copeland,derrick.copeland@samplehealth.org,Clinical Operations,Cancer Center,Operations Coordinator,E00132,2025-02-12,Active,
E02144,P002144,Jason,Williams,Jason Williams,jason.williams@samplehealth.org,Clinical Operations,Central Medical Center,Operations Manager,E00217,2014-07-29,Active,
E02145,P002145,Matthew,Martinez,Matthew Martinez,matthew.martinez@samplehealth.org,Finance,Central Medical Center,Financial Analyst,E00038,2014-01-10,Active,
E02146,P002146,Katherine,Jackson,Katherine Jackson,katherine.jackson@samplehealth.org,Facilities,South Hospital,Maintenance Coordinator,E00092,2017-12-01,Active,
E02147,P002147,Angela,Gonzales,Angela Gonzales,angela.gonzales@samplehealth.org,Information Technology,Children's Hospital,Data Analyst,E00093,2021-07-11,Active,
E02148,P002148,Billy,Garcia,Billy Garcia,billy.garcia@samplehealth.org,Radiology,Cancer Center,Radiology Coordinator,E00013,2026-01-15,Active,
E02149,P002149,Crystal,Bennett,Crystal Bennett,crystal.bennett@samplehealth.org,Finance,North Hospital,Accountant,E00132,2014-04-23,Active,
E02150,P002150,Alexis,Tucker,Alexis Tucker,alexis.tucker@samplehealth.org,Human Resources,South Hospital,Learning Specialist,E00196,2011-09-25,Active,
E02151,P002151,Adrian,Howe,Adrian Howe,adrian.howe@samplehealth.org,Pharmacy,South Hospital,Pharmacy Manager,E00140,2023-08-25,Active,
E02152,P002152,Denise,Eaton,Denise Eaton,denise.eaton@samplehealth.org,Facilities,Children's Hospital,Maintenance Coordinator,E00070,2018-09-15,Active,
E02153,P002153,Heather,Sparks,Heather Sparks,heather.sparks@samplehealth.org,Revenue Cycle,Cancer Center,Claims Analyst,E00025,2019-09-21,Active,
E02154,P002154,Heather,Harris,Heather Harris,heather.harris@samplehealth.org,Emergency Services,Cancer Center,Registered Nurse,E00211,2022-07-05,Active,
E02155,P002155,Joseph,Cole,Joseph Cole,joseph.cole@samplehealth.org,Information Technology,South Hospital,Data Analyst,E00133,2015-09-11,Active,
E02156,P002156,Sharon,Bishop,Sharon Bishop,sharon.bishop@samplehealth.org,Finance,Outpatient Center B,Accountant,E00106,2012-04-06,Active,
E02157,P002157,Caitlyn,Love,Caitlyn Love,caitlyn.love@samplehealth.org,Facilities,North Hospital,Facilities Technician,E00056,2022-01-14,Active,
E02158,P002158,Stephanie,Burton,Stephanie Burton,stephanie.burton@samplehealth.org,Information Technology,West Hospital,Business Analyst,E00204,2024-12-08,Active,
E02159,P002159,Kevin,Barnes,Kevin Barnes,kevin.barnes@samplehealth.org,Emergency Services,North Hospital,Registered Nurse,E00107,2021-02-10,Active,
E02160,P002160,Joe,Wilson,Joe Wilson,joe.wilson@samplehealth.org,Laboratory,North Hospital,Lab Technician,E00210,2020-08-23,Active,
E02161,P002161,Tiffany,Montgomery,Tiffany Montgomery,tiffany.montgomery@samplehealth.org,Information Technology,Outpatient Center B,Data Analyst,E00090,2026-04-20,Active,
E02162,P002162,Kathleen,Fernandez,Kathleen Fernandez,kathleen.fernandez@samplehealth.org,Finance,Cancer Center,Revenue Analyst,E00036,2015-05-10,Active,
E02163,P002163,Steven,Sims,Steven Sims,steven.sims@samplehealth.org,Laboratory,Cancer Center,Lab Coordinator,E00045,2015-03-02,Active,
E02164,P002164,Joshua,Lee,Joshua Lee,joshua.lee@samplehealth.org,Clinical Operations,Central Medical Center,Clinical Analyst,E00191,2025-03-05,Active,
E02165,P002165,Edward,Anthony,Edward Anthony,edward.anthony@samplehealth.org,Pharmacy,South Hospital,Pharmacist,E00220,2019-09-11,Active,
E02166,P002166,Tyler,Moore,Tyler Moore,tyler.moore@samplehealth.org,Clinical Operations,West Hospital,Operations Coordinator,E00079,2012-05-10,Terminated,2013-04-10
E02167,P002167,Deanna,Mitchell,Deanna Mitchell,deanna.mitchell@samplehealth.org,Information Technology,South Hospital,Business Analyst,E00021,2019-01-07,Active,
E02168,P002168,John,Jensen,John Jensen,john.jensen@samplehealth.org,Radiology,North Hospital,Radiology Coordinator,E00020,2024-07-11,Active,
E02169,P002169,Shawn,Garcia,Shawn Garcia,shawn.garcia@samplehealth.org,Nursing,Outpatient Center A,Nurse Manager,E00011,2012-07-07,Active,
E02170,P002170,Sara,Thompson,Sara Thompson,sara.thompson@samplehealth.org,Human Resources,Central Medical Center,HR Specialist,E00204,2024-12-26,Active,
E02171,P002171,Anthony,Robertson,Anthony Robertson,anthony.robertson@samplehealth.org,Revenue Cycle,Central Medical Center,Claims Analyst,E00121,2012-10-30,Active,
E02172,P002172,Patty,Griffith,Patty Griffith,patty.griffith@samplehealth.org,Pharmacy,Central Medical Center,Pharmacy Technician,E00017,2021-09-15,Active,
E02173,P002173,Bethany,Barnes,Bethany Barnes,bethany.barnes@samplehealth.org,Finance,Central Medical Center,Revenue Analyst,E00194,2024-05-02,Active,
E02174,P002174,Erica,Nguyen,Erica Nguyen,erica.nguyen@samplehealth.org,Pharmacy,West Hospital,Pharmacist,E00151,2024-11-16,Active,
E02175,P002175,Daniel,Perez,Daniel Perez,daniel.perez@samplehealth.org,Human Resources,Cancer Center,HR Specialist,E00008,2015-08-29,Active,
E02176,P002176,Joan,Kane,Joan Kane,joan.kane@samplehealth.org,Pharmacy,Children's Hospital,Pharmacist,E00243,2018-01-05,Active,
E02177,P002177,Patricia,Jones,Patricia Jones,patricia.jones@samplehealth.org,Patient Access,Cancer Center,Patient Access Specialist,E00042,2021-07-30,Active,
E02178,P002178,Todd,Zamora,Todd Zamora,todd.zamora@samplehealth.org,Emergency Services,West Hospital,Registered Nurse,E00130,2014-02-02,Active,
E02179,P002179,Javier,Lynch,Javier Lynch,javier.lynch@samplehealth.org,Patient Access,North Hospital,Patient Access Representative,E00210,2014-08-27,Active,
E02180,P002180,Paul,Taylor,Paul Taylor,paul.taylor@samplehealth.org,Patient Access,West Hospital,Patient Access Representative,E00184,2023-11-14,Active,
E02181,P002181,James,Howard,James Howard,james.howard@samplehealth.org,,South Hospital,HR Business Partner,E00231,2016-03-18,Active,
E02182,P002182,James,Martinez,James Martinez,james.martinez@samplehealth.org,Emergency Services,North Hospital,Emergency Department Technician,E00237,2023-05-27,Active,
E02183,P002183,Ashley,Ramirez,Ashley Ramirez,ashley.ramirez@samplehealth.org,Human Resources,Outpatient Center B,Learning Specialist,E00094,2013-07-07,Active,
E02184,P002184,Melissa,Ellis,Melissa Ellis,melissa.ellis@samplehealth.org,Clinical Operations,South Hospital,Operations Manager,E00113,2014-07-15,Active,
E02185,P002185,Kathleen,Robinson,Kathleen Robinson,kathleen.robinson@samplehealth.org,Revenue Cycle,South Hospital,Revenue Cycle Analyst,E00214,2016-08-24,Active,
E02186,P002186,Cassandra,Clarke,Cassandra Clarke,cassandra.clarke@samplehealth.org,Facilities,Outpatient Center A,Maintenance Coordinator,E00055,2022-06-24,Leave,
E02187,P002187,Stephanie,Whitehead,Stephanie Whitehead,stephanie.whitehead@samplehealth.org,Emergency Services,Outpatient Center A,Emergency Department Technician,E00029,2021-06-17,Active,
E02188,P002188,Tara,Wyatt,Tara Wyatt,tara.wyatt@samplehealth.org,Facilities,Outpatient Center B,Facilities Technician,E00029,2013-02-04,Active,
E02189,P002189,Robert,Boyd,Robert Boyd,robert.boyd@samplehealth.org,Emergency Services,Outpatient Center B,Emergency Department Technician,E00196,2026-04-17,Active,
E02190,P002190,Wendy,Vargas,Wendy Vargas,wendy.vargas@samplehealth.org,Facilities,Children's Hospital,Facilities Manager,E00143,2025-11-11,Active,
E02191,P002191,Steven,Smith,Steven Smith,steven.smith@samplehealth.org,Clinical Operations,North Hospital,Operations Coordinator,E00084,2018-11-28,Active,
E02192,P002192,Jill,Wright,Jill Wright,jill.wright@samplehealth.org,Laboratory,Outpatient Center A,Lab Technician,E00073,2017-03-11,Active,
E02193,P002193,Ryan,Walker,Ryan Walker,ryan.walker@samplehealth.org,Laboratory,Children's Hospital,Lab Coordinator,E00176,2021-09-10,Active,
E02194,P002194,Sophia,Mcintyre,Sophia Mcintyre,sophia.mcintyre@samplehealth.org,Laboratory,Outpatient Center A,Lab Technician,E00075,2011-09-17,Active,
E02195,P002195,Robert,Williams,Robert Williams,robert.williams@samplehealth.org,Radiology,North Hospital,Radiology Technician,E00230,2019-08-19,Active,
E02196,P002196,Jessica,Gordon,Jessica Gordon,jessica.gordon@samplehealth.org,Laboratory,Cancer Center,Lab Coordinator,E00046,2018-11-13,Active,
E02197,P002197,Amanda,Mendoza,Amanda Mendoza,amanda.mendoza@samplehealth.org,Nursing,Outpatient Center B,Clinical Coordinator,E00173,2025-03-14,Active,
E02198,P002198,Heather,Garcia,Heather Garcia,heather.garcia@samplehealth.org,Pharmacy,Outpatient Center B,Pharmacy Technician,E00134,2020-01-19,Active,
E02199,P002199,John,Hansen,John Hansen,john.hansen@samplehealth.org,Revenue Cycle,North Hospital,Claims Analyst,E00031,2011-11-02,Active,
E02200,P002200,Heather,Russell,Heather Russell,heather.russell@samplehealth.org,Information Technology,Outpatient Center A,Application Analyst,E00178,2015-05-02,Active,
E02201,P002201,David,Phillips,David Phillips,david.phillips@samplehealth.org,Patient Access,South Hospital,Patient Access Representative,E00017,2022-08-23,Terminated,2023-01-10
E02202,P002202,Allen,Caldwell,Allen Caldwell,allen.caldwell@samplehealth.org,Facilities,Cancer Center,Facilities Technician,E00052,2014-05-18,Active,
E02203,P002203,Jacqueline,Hodge,Jacqueline Hodge,jacqueline.hodge@samplehealth.org,Patient Access,North Hospital,Patient Access Specialist,E00060,2024-05-03,Active,
E02204,P002204,Brandy,Bray,Brandy Bray,brandy.bray@samplehealth.org,Radiology,Outpatient Center B,Radiology Coordinator,E00072,2019-07-07,Active,
E02205,P002205,Kelsey,Sawyer,Kelsey Sawyer,kelsey.sawyer@samplehealth.org,Clinical Operations,Children's Hospital,Operations Manager,E00194,2018-07-09,Active,
E02206,P002206,Jackson,Savage,Jackson Savage,jackson.savage@samplehealth.org,Revenue Cycle,Cancer Center,Billing Specialist,E00122,2022-04-15,Active,
E02207,P002207,Steven,Schultz,Steven Schultz,steven.schultz@samplehealth.org,Revenue Cycle,Outpatient Center A,Claims Analyst,E00125,2026-04-06,Active,
E02208,P002208,Courtney,Cruz,Courtney Cruz,courtney.cruz@samplehealth.org,Emergency Services,South Hospital,Emergency Services Coordinator,E00197,2023-05-18,Active,
E02209,P002209,Mason,Johnson,Mason Johnson,mason.johnson@samplehealth.org,Laboratory,North Hospital,Lab Technician,E00065,2018-11-14,Active,
E02210,P002210,Karen,Wolfe,Karen Wolfe,karen.wolfe@samplehealth.org,Laboratory,West Hospital,Laboratory Specialist,E00161,2022-01-16,Active,
E02211,P002211,Amy,Norton,Amy Norton,amy.norton@samplehealth.org,Information Technology,North Hospital,Data Analyst,E00189,2025-01-09,Active,
E02212,P002212,Gail,Oliver,Gail Oliver,gail.oliver@samplehealth.org,Nursing,Outpatient Center B,Registered Nurse,E00174,2017-05-02,Active,
E02213,P002213,Jill,Brown,Jill Brown,jill.brown@samplehealth.org,Nursing,Outpatient Center A,Registered Nurse,E00155,2023-02-07,Active,
E02214,P002214,Michael,Williams,Michael Williams,michael.williams@samplehealth.org,Revenue Cycle,South Hospital,Billing Specialist,E00078,2018-02-20,Terminated,2021-03-31
E02215,P002215,Steven,Williams,Steven Williams,steven.williams@samplehealth.org,Patient Access,North Hospital,Registration Coordinator,E00195,2017-11-09,Active,
E02216,P002216,Gregory,Hansen,Gregory Hansen,gregory.hansen@samplehealth.org,Pharmacy,Outpatient Center B,Pharmacy Manager,E00203,2012-10-06,Active,
E02217,P002217,Ann,Ayala,Ann Ayala,ann.ayala@samplehealth.org,Laboratory,Children's Hospital,Lab Technician,E00170,2013-12-24,Active,
E02218,P002218,Tina,Allen,Tina Allen,tina.allen@samplehealth.org,Laboratory,Children's Hospital,Laboratory Specialist,E00139,2013-07-22,Active,
E02219,P002219,Deborah,Mclaughlin,Deborah Mclaughlin,deborah.mclaughlin@samplehealth.org,Facilities,Central Medical Center,Facilities Manager,E00244,2024-06-03,Active,
E02220,P002220,Betty,Haley,Betty Haley,betty.haley@samplehealth.org,Nursing,North Hospital,Nurse Manager,E00099,2015-03-12,Active,
E02221,P002221,Karen,Hodges,Karen Hodges,karen.hodges@samplehealth.org,Laboratory,Outpatient Center A,Laboratory Specialist,E00114,2017-01-28,Active,
E02222,P002222,Michael,Adams,Michael Adams,michael.adams@samplehealth.org,Laboratory,Central Medical Center,Lab Technician,E00046,2023-03-13,Active,
E02223,P002223,Rodney,Brown,Rodney Brown,rodney.brown@samplehealth.org,Emergency Services,Children's Hospital,Registered Nurse,E00227,2017-12-19,Active,
E02224,P002224,Michael,Tucker,Michael Tucker,michael.tucker@samplehealth.org,Clinical Operations,Outpatient Center B,Operations Coordinator,E00111,2020-08-01,Active,
E02225,P002225,Maria,Harrison,Maria Harrison,maria.harrison@samplehealth.org,Information Technology,Outpatient Center A,Systems Analyst,E00125,2020-09-03,Active,
E02226,P002226,Erika,Patel,Erika Patel,erika.patel@samplehealth.org,Pharmacy,Outpatient Center B,Pharmacy Manager,E00169,2016-08-06,Active,
E02227,P002227,Shannon,Richardson,Shannon Richardson,shannon.richardson@samplehealth.org,Emergency Services,Outpatient Center B,Registered Nurse,E00122,2023-01-29,Active,
E02228,P002228,Sierra,Lamb,Sierra Lamb,sierra.lamb@samplehealth.org,Emergency Services,Central Medical Center,Emergency Department Technician,E00101,2012-09-27,Active,
E02229,P002229,Jacob,Henson,Jacob Henson,jacob.henson@samplehealth.org,Finance,Outpatient Center A,Accountant,E00158,2013-02-09,Active,
E02230,P002230,Christopher,Hurst,Christopher Hurst,christopher.hurst@samplehealth.org,Revenue Cycle,Children's Hospital,Billing Specialist,E00083,2016-07-12,Active,
E02231,P002231,Susan,Jones,Susan Jones,susan.jones@samplehealth.org,Nursing,Central Medical Center,Registered Nurse,E00033,2014-06-05,Active,
E02232,P002232,Joshua,Terry,Joshua Terry,joshua.terry@samplehealth.org,Facilities,Central Medical Center,Maintenance Coordinator,E00196,2020-01-26,Active,
E02233,P002233,Edward,Harris,Edward Harris,edward.harris@samplehealth.org,Revenue Cycle,Outpatient Center A,Billing Specialist,E00025,2022-04-18,Active,
E02234,P002234,Andrew,Butler,Andrew Butler,andrew.butler@samplehealth.org,Radiology,Cancer Center,Imaging Specialist,E00106,2023-03-27,Active,
E02235,P002235,Amber,Anderson,Amber Anderson,amber.anderson@samplehealth.org,Facilities,West Hospital,Facilities Technician,E00064,2017-07-10,Active,
E02236,P002236,Robert,Rojas,Robert Rojas,robert.rojas@samplehealth.org,Human Resources,Children's Hospital,Learning Specialist,E00152,2011-12-28,Active,
E02237,P002237,Kelly,Brown,Kelly Brown,kelly.brown@samplehealth.org,Pharmacy,North Hospital,Pharmacy Manager,E00223,2026-06-16,Active,
E02238,P002238,Laurie,Conley,Laurie Conley,laurie.conley@samplehealth.org,Finance,Cancer Center,Financial Analyst,E00044,2020-06-18,Active,
E02239,P002239,Deanna,Jenkins,Deanna Jenkins,deanna.jenkins@samplehealth.org,Nursing,Cancer Center,Clinical Coordinator,E00010,2017-06-16,Active,
E02240,P002240,Diana,Buchanan,Diana Buchanan,diana.buchanan@samplehealth.org,Laboratory,Outpatient Center A,Lab Coordinator,E00146,2019-11-23,Active,
E02241,P002241,Brittney,Terry,Brittney Terry,brittney.terry@samplehealth.org,Emergency Services,Children's Hospital,Emergency Services Coordinator,E00006,2025-12-12,Active,
E02242,P002242,Amy,Ellis,Amy Ellis,amy.ellis@samplehealth.org,Clinical Operations,Central Medical Center,Clinical Analyst,E00082,2021-04-10,Active,
E02243,P002243,David,Clarke,David Clarke,david.clarke@samplehealth.org,Radiology,Outpatient Center A,Radiology Coordinator,E00083,2014-07-19,Active,
E02244,P002244,Kristina,Perez,Kristina Perez,kristina.perez@samplehealth.org,Patient Access,Outpatient Center B,Patient Access Representative,E00026,2017-12-13,Terminated,2022-11-07
E02245,P002245,Kayla,Williams,Kayla Williams,kayla.williams@samplehealth.org,Clinical Operations,West Hospital,Operations Manager,E00087,2017-08-19,Active,
E02246,P002246,Justin,Huber,Justin Huber,justin.huber@samplehealth.org,Laboratory,Cancer Center,Lab Coordinator,E00043,2022-02-24,Active,
E02247,P002247,Sandra,Joseph,Sandra Joseph,sandra.joseph@samplehealth.org,Patient Access,Cancer Center,Patient Access Specialist,E00249,2016-06-23,Active,
E02248,P002248,Ian,Thompson,Ian Thompson,ian.thompson@samplehealth.org,Radiology,Outpatient Center B,Radiology Technician,E00163,2023-09-03,Active,
E02249,P002249,Heather,Estrada,Heather Estrada,heather.estrada@samplehealth.org,Pharmacy,West Hospital,Pharmacy Manager,E00074,2014-03-27,Active,
E02250,P002250,Evan,Wilson,Evan Wilson,evan.wilson@samplehealth.org,Finance,Children's Hospital,Financial Analyst,E00147,2017-01-04,Active,
E02251,P002251,Autumn,Alexander,Autumn Alexander,autumn.alexander@samplehealth.org,Radiology,North Hospital,Radiology Technician,E00184,2017-11-30,Active,
E02252,P002252,Jack,Hart,Jack Hart,jack.hart@samplehealth.org,Patient Access,Cancer Center,Patient Access Representative,E00070,2012-03-19,Active,
E02253,P002253,Elizabeth,Spence,Elizabeth Spence,elizabeth.spence@samplehealth.org,Pharmacy,Outpatient Center B,Pharmacy Manager,E00110,2014-02-21,Active,
E02254,P002254,Nathan,Fernandez,Nathan Fernandez,nathan.fernandez@samplehealth.org,Human Resources,North Hospital,HR Business Partner,E00167,2014-05-23,Active,
E02255,P002255,Amanda,Martinez,Amanda Martinez,amanda.martinez@samplehealth.org,Finance,Children's Hospital,Revenue Analyst,E00111,2012-01-18,Active,
E02256,P002256,Richard,Porter,Richard Porter,richard.porter@samplehealth.org,Revenue Cycle,Cancer Center,Claims Analyst,E00052,2014-02-05,Active,
E02257,P002257,Stacie,Reilly,Stacie Reilly,stacie.reilly@samplehealth.org,Radiology,Children's Hospital,Imaging Specialist,E00160,2014-04-12,Active,
E02258,P002258,Adam,Rodgers,Adam Rodgers,adam.rodgers@samplehealth.org,Emergency Services,South Hospital,Emergency Services Coordinator,E00226,2020-04-03,Active,
E02259,P002259,Mark,Thornton,Mark Thornton,mark.thornton@samplehealth.org,Nursing,South Hospital,Clinical Coordinator,E00148,2019-09-08,Active,
E02260,P002260,Paula,Montes,Paula Montes,paula.montes@samplehealth.org,Laboratory,Outpatient Center B,Lab Technician,E00069,2024-06-15,Active,
E02261,P002261,Tina,Berry,Tina Berry,tina.berry@samplehealth.org,Revenue Cycle,Outpatient Center A,Claims Analyst,E00240,2014-02-15,Active,
E02262,P002262,Lauren,Chandler,Lauren Chandler,lauren.chandler@samplehealth.org,Patient Access,Central Medical Center,Registration Coordinator,E00134,2019-02-23,Active,
E02263,P002263,Matthew,Rodriguez,Matthew Rodriguez,matthew.rodriguez@samplehealth.org,Human Resources,Outpatient Center B,HR Business Partner,E00038,2019-10-10,Active,
E02264,P002264,Rachel,Taylor,Rachel Taylor,rachel.taylor@samplehealth.org,Human Resources,Children's Hospital,HR Specialist,E00217,2020-12-30,Active,
E02265,P002265,Darryl,Johnson,Darryl Johnson,darryl.johnson@samplehealth.org,Radiology,Cancer Center,Imaging Specialist,E00221,2022-02-17,Active,
E02266,P002266,Mary,Griffin,Mary Griffin,mary.griffin@samplehealth.org,Pharmacy,West Hospital,Pharmacy Manager,E00217,2013-03-13,Active,
E02267,P002267,Mark,Franklin,Mark Franklin,mark.franklin@samplehealth.org,Radiology,Children's Hospital,Imaging Specialist,E00166,2014-12-11,Active,
E02268,P002268,Brandy,Walker,Brandy Walker,brandy.walker@samplehealth.org,Information Technology,West Hospital,Systems Analyst,E00104,2024-09-03,Active,
E02269,,Joshua,Johnson,Joshua Johnson,joshua.johnson@samplehealth.org,Human Resources,South Hospital,HR Specialist,E00050,2020-10-13,Active,
E02270,P002270,Melissa,Rhodes,Melissa Rhodes,melissa.rhodes@samplehealth.org,,Children's Hospital,Registered Nurse,E00119,2013-02-09,Active,
E02271,P002271,Theresa,Foster,Theresa Foster,theresa.foster@samplehealth.org,Laboratory,Outpatient Center A,Lab Coordinator,E00109,2019-12-20,Active,
E02272,P002272,Louis,Jacobs,Louis Jacobs,louis.jacobs@samplehealth.org,Revenue Cycle,West Hospital,Revenue Cycle Analyst,E00041,2012-07-30,Active,
E02273,P002273,Rebekah,Ward,Rebekah Ward,rebekah.ward@samplehealth.org,Finance,Central Medical Center,Financial Analyst,E00067,2014-02-21,Active,
E02274,P002274,Jennifer,Patterson,Jennifer Patterson,jennifer.patterson@samplehealth.org,Finance,South Hospital,Revenue Analyst,E00165,2018-03-12,Active,
E02275,P002275,Nathan,Mitchell,Nathan Mitchell,nathan.mitchell@samplehealth.org,Nursing,Outpatient Center B,Clinical Coordinator,E00201,2017-08-08,Terminated,2022-11-04
E02276,P002276,Tiffany,Sawyer,Tiffany Sawyer,tiffany.sawyer@samplehealth.org,Nursing,North Hospital,Registered Nurse,E00081,2013-02-11,Active,
E02277,P002277,Jason,Barron,Jason Barron,jason.barron@samplehealth.org,Patient Access,North Hospital,Patient Access Specialist,E00231,2024-03-28,Active,
E02278,P002278,Victoria,Lara,Victoria Lara,victoria.lara@samplehealth.org,Radiology,North Hospital,Imaging Specialist,E00102,2016-07-14,Active,
E02279,P002279,Frank,Luna,Frank Luna,frank.luna@samplehealth.org,Clinical Operations,West Hospital,Operations Coordinator,E00029,2018-11-01,Active,
E02280,P002280,Jessica,Perry,Jessica Perry,jessica.perry@samplehealth.org,Patient Access,North Hospital,Registration Coordinator,E00134,2025-11-02,Active,
E02281,P002281,Brenda,Miller,Brenda Miller,brenda.miller@samplehealth.org,Revenue Cycle,Children's Hospital,Claims Analyst,E00128,2015-02-28,Active,
E02282,P002282,Kevin,Mcneil,Kevin Mcneil,kevin.mcneil@samplehealth.org,Pharmacy,North Hospital,Pharmacist,E00198,2020-07-24,Active,
E02283,P002283,Valerie,Jones,Valerie Jones,valerie.jones@samplehealth.org,Facilities,Outpatient Center A,Maintenance Coordinator,E00207,2021-09-03,Active,
E02284,P002284,Katelyn,Davis,Katelyn Davis,katelyn.davis@samplehealth.org,Clinical Operations,West Hospital,Operations Manager,E00240,2018-08-04,Active,
E02285,P002285,Danielle,Nelson,Danielle Nelson,danielle.nelson@samplehealth.org,Radiology,South Hospital,Radiology Technician,E00028,2014-08-07,Active,
E02286,P002286,Angela,Page,Angela Page,angela.page@samplehealth.org,Information Technology,Children's Hospital,Business Analyst,E00113,2024-06-21,Active,
E02287,P002287,Robin,Gonzalez,Robin Gonzalez,robin.gonzalez@samplehealth.org,Radiology,Central Medical Center,Imaging Specialist,E00126,2025-10-13,Terminated,2026-03-10
E02288,P002288,Keith,Henry,Keith Henry,keith.henry@samplehealth.org,Emergency Services,North Hospital,Emergency Services Coordinator,E00082,2025-08-15,Active,
E02289,P002289,Margaret,Davenport,Margaret Davenport,margaret.davenport@samplehealth.org,Emergency Services,Outpatient Center B,Emergency Services Coordinator,E00175,2016-10-17,Active,
E02290,P002290,Troy,Singh,Troy Singh,troy.singh@samplehealth.org,Human Resources,South Hospital,HR Business Partner,E00093,2015-06-12,Active,
E02291,P002291,Anthony,Smith,Anthony Smith,anthony.smith@samplehealth.org,Laboratory,Cancer Center,Lab Coordinator,E00211,2016-02-04,Active,
E02292,P002292,Kevin,Davidson,Kevin Davidson,kevin.davidson@samplehealth.org,Finance,Central Medical Center,Financial Analyst,E00216,2022-06-15,Active,
E02293,P002293,Thomas,Valdez,Thomas Valdez,thomas.valdez@samplehealth.org,Clinical Operations,Central Medical Center,Operations Manager,E00177,2016-07-08,Active,
E02294,P002294,Robert,Vasquez,Robert Vasquez,robert.vasquez@samplehealth.org,Revenue Cycle,Children's Hospital,Revenue Cycle Analyst,E00142,2023-04-30,Active,
E02295,P002295,Deanna,Johnson,Deanna Johnson,deanna.johnson@samplehealth.org,Radiology,Cancer Center,Imaging Specialist,E00232,2024-08-19,Active,
E02296,P002296,Joshua,Gamble,Joshua Gamble,joshua.gamble@samplehealth.org,Revenue Cycle,West Hospital,Revenue Cycle Analyst,E00220,2012-10-04,Active,
E02297,P002297,Carol,Cox,Carol Cox,carol.cox@samplehealth.org,Laboratory,Central Medical Center,Laboratory Specialist,E00233,2019-10-19,Active,
E02298,P002298,Ariana,Oneill,Ariana Oneill,ariana.oneill@samplehealth.org,Radiology,Children's Hospital,Imaging Specialist,E00024,2022-04-23,Active,
E02299,P002299,Gina,Mccann,Gina Mccann,gina.mccann@samplehealth.org,Human Resources,West Hospital,HR Business Partner,E00221,2025-07-18,Active,
E02300,P002300,David,Hunt,David Hunt,david.hunt@samplehealth.org,Information Technology,Cancer Center,Application Analyst,E00226,2021-05-30,Active,
E02301,P002301,Andres,Green,Andres Green,andres.green@samplehealth.org,Revenue Cycle,Central Medical Center,Billing Specialist,E00071,2021-07-09,Active,
E02302,P002302,Brian,Flores,Brian Flores,brian.flores@samplehealth.org,Pharmacy,Outpatient Center B,Pharmacy Technician,E00189,2026-07-26,Active,
E02303,P002303,Heather,Howard,Heather Howard,heather.howard@samplehealth.org,Radiology,Outpatient Center A,Imaging Specialist,E00225,2012-07-10,Active,
E02304,P002304,Joseph,Barnes,Joseph Barnes,joseph.barnes@samplehealth.org,Pharmacy,Children's Hospital,Pharmacist,E00130,2017-09-06,Active,
E02305,P002305,Brandon,Carter,Brandon Carter,brandon.carter@samplehealth.org,Pharmacy,Outpatient Center A,Pharmacy Technician,E00155,2022-06-30,Leave,
E02306,P002306,Sharon,Palmer,Sharon Palmer,sharon.palmer@samplehealth.org,Clinical Operations,Cancer Center,Operations Manager,E00117,2024-08-30,Active,
E02307,P002307,Courtney,Duran,Courtney Duran,courtney.duran@samplehealth.org,Clinical Operations,Central Medical Center,Operations Coordinator,E00165,2021-10-23,Active,
E02308,P002308,Karen,Stephens,Karen Stephens,karen.stephens@samplehealth.org,Revenue Cycle,Outpatient Center B,Revenue Cycle Analyst,E00203,2026-06-20,Active,
E02309,P002309,Leslie,Kirk,Leslie Kirk,leslie.kirk@samplehealth.org,Revenue Cycle,Central Medical Center,Revenue Cycle Analyst,E00103,2025-03-26,Active,
E02310,P002310,Kevin,Jennings,Kevin Jennings,kevin.jennings@samplehealth.org,Human Resources,Children's Hospital,Learning Specialist,E00081,2023-05-03,Active,
E02311,P002311,Michael,Ferguson,Michael Ferguson,michael.ferguson@samplehealth.org,Patient Access,North Hospital,Patient Access Representative,E00041,2017-08-09,Active,
E02312,P002312,Madeline,Smith,Madeline Smith,madeline.smith@samplehealth.org,Human Resources,South Hospital,Learning Specialist,E00217,2020-06-09,Active,
E02313,P002313,Juan,Maxwell,Juan Maxwell,juan.maxwell@samplehealth.org,Patient Access,Outpatient Center A,Registration Coordinator,E00203,2018-08-20,Active,
E02314,P002314,Matthew,Bartlett,Matthew Bartlett,matthew.bartlett@samplehealth.org,Facilities,Outpatient Center B,Maintenance Coordinator,E00224,2013-05-14,Active,
E02315,P002315,Jeffery,Gordon,Jeffery Gordon,jeffery.gordon@samplehealth.org,Clinical Operations,Children's Hospital,Operations Coordinator,E00045,2025-10-09,Terminated,2025-12-21
E02316,P002316,Laura,Hansen,Laura Hansen,laura.hansen@samplehealth.org,Revenue Cycle,Cancer Center,Claims Analyst,E00205,2023-05-11,Active,
E02317,P002317,Marie,Fox,Marie Fox,marie.fox@samplehealth.org,Finance,North Hospital,Financial Analyst,E00107,2020-09-04,Active,
E02318,P002318,Jennifer,Park,Jennifer Park,jennifer.park@samplehealth.org,Facilities,Outpatient Center A,Facilities Technician,E00225,2025-04-12,Active,
E02319,P002319,Daniel,Stevens,Daniel Stevens,daniel.stevens@samplehealth.org,Radiology,West Hospital,Radiology Coordinator,E00006,2012-12-03,Active,
E02320,P002320,Darryl,Anderson,Darryl Anderson,darryl.anderson@samplehealth.org,Nursing,West Hospital,Clinical Coordinator,E00233,2011-12-02,Active,
E02321,P002321,Timothy,Collins,Timothy Collins,timothy.collins@samplehealth.org,Pharmacy,West Hospital,Pharmacy Technician,E00068,2017-10-16,Active,
E02322,P002322,Don,Ramos,Don Ramos,don.ramos@samplehealth.org,Clinical Operations,Central Medical Center,Operations Coordinator,E00103,2021-10-16,Active,
E02323,P002323,Alexandra,Cordova,Alexandra Cordova,alexandra.cordova@samplehealth.org,Patient Access,Children's Hospital,Patient Access Specialist,E00039,2014-07-22,Active,
E02324,P002324,Jennifer,Johnson,Jennifer Johnson,jennifer.johnson@samplehealth.org,Pharmacy,South Hospital,Pharmacy Technician,E00243,2025-06-25,Active,
E02325,P002325,David,Anderson,David Anderson,david.anderson@samplehealth.org,Patient Access,Central Medical Center,Patient Access Representative,E00184,2023-06-08,Active,
E02326,P002326,Douglas,Perez,Douglas Perez,douglas.perez@samplehealth.org,Emergency Services,Outpatient Center B,Emergency Services Coordinator,E00212,2013-10-03,Terminated,2017-04-28
E02327,P002327,David,Miller,David Miller,david.miller@samplehealth.org,Revenue Cycle,North Hospital,Billing Specialist,E00058,2023-05-18,Active,
E02328,P002328,Kathryn,Rodriguez,Kathryn Rodriguez,kathryn.rodriguez@samplehealth.org,Clinical Operations,West Hospital,Operations Coordinator,E00243,2011-12-11,Active,
E02329,P002329,Kim,Todd,Kim Todd,kim.todd@samplehealth.org,Finance,Outpatient Center B,Accountant,E00098,2012-05-07,Active,
E02330,P002330,James,Johnson,James Johnson,james.johnson@samplehealth.org,Information Technology,West Hospital,Application Analyst,E00154,2022-11-06,Active,
E02331,P002331,William,Brown,William Brown,william.brown@samplehealth.org,Human Resources,West Hospital,HR Business Partner,E00108,2013-08-24,Active,
E02332,P002332,Rebekah,Williams,Rebekah Williams,rebekah.williams@samplehealth.org,Information Technology,South Hospital,Application Analyst,E00008,2016-10-03,Active,
E02333,P002333,Elizabeth,Webster,Elizabeth Webster,elizabeth.webster@samplehealth.org,Finance,West Hospital,Accountant,E00159,2024-12-07,Active,
E02334,P002334,David,Guzman,David Guzman,david.guzman@samplehealth.org,Laboratory,Cancer Center,Lab Technician,E00150,2021-08-15,Active,
E02335,P002335,Rachel,Lopez,Rachel Lopez,rachel.lopez@samplehealth.org,Revenue Cycle,Outpatient Center B,Claims Analyst,E00022,2017-08-09,Active,
E02336,P002336,Anthony,Thomas,Anthony Thomas,anthony.thomas@samplehealth.org,Nursing,South Hospital,Nurse Manager,E00224,2024-04-26,Active,
E02337,P002337,Shelly,Rush,Shelly Rush,shelly.rush@samplehealth.org,Facilities,Outpatient Center A,Facilities Manager,E00176,2017-07-17,Active,
E02338,P002338,Michael,Wyatt,Michael Wyatt,michael.wyatt@samplehealth.org,Human Resources,Outpatient Center A,Learning Specialist,E00182,2024-11-27,Active,
E02339,P002339,Jessica,Allen,Jessica Allen,jessica.allen@samplehealth.org,Radiology,Children's Hospital,Radiology Coordinator,E00019,2021-04-29,Active,
E02340,P002340,Carlos,Weiss,Carlos Weiss,carlos.weiss@samplehealth.org,Pharmacy,Central Medical Center,Pharmacy Manager,E00014,2024-08-10,Active,
E02341,P002341,Alexis,Robinson,Alexis Robinson,alexis.robinson@samplehealth.org,Facilities,Outpatient Center B,Facilities Technician,E00233,2014-11-19,Active,
E02342,P002342,Tamara,Jackson,Tamara Jackson,tamara.jackson@samplehealth.org,Facilities,Central Medical Center,Facilities Manager,E00002,2024-06-14,Active,
E02343,P002343,Amanda,Beltran,Amanda Beltran,amanda.beltran@samplehealth.org,Finance,Outpatient Center A,Revenue Analyst,E00078,2013-04-21,Active,
E02344,P002344,Sandra,Knapp,Sandra Knapp,sandra.knapp@samplehealth.org,Radiology,Cancer Center,Radiology Coordinator,E00034,2026-02-08,Active,
E02345,P002345,Jasmine,Richardson,Jasmine Richardson,jasmine.richardson@samplehealth.org,Emergency Services,South Hospital,Emergency Department Technician,E00067,2021-08-26,Leave,
E02346,P002346,Jacob,Nunez,Jacob Nunez,jacob.nunez@samplehealth.org,Information Technology,Cancer Center,Application Analyst,E00225,2013-06-13,Active,
E02347,P002347,Henry,Kelly,Henry Kelly,henry.kelly@samplehealth.org,Laboratory,North Hospital,Lab Technician,E00082,2018-01-30,Active,
E02348,P002348,Roger,Palmer,Roger Palmer,roger.palmer@samplehealth.org,Clinical Operations,Outpatient Center A,Operations Manager,E00037,2018-07-23,Active,
E02349,P002349,Daniel,Rollins,Daniel Rollins,daniel.rollins@samplehealth.org,Finance,Cancer Center,Financial Analyst,E00012,2013-09-23,Active,
E02350,P002350,Steven,Stone,Steven Stone,steven.stone@samplehealth.org,Information Technology,Children's Hospital,Application Analyst,E00192,2020-01-22,Active,
E02351,P002351,Kathryn,Bush,Kathryn Bush,kathryn.bush@samplehealth.org,Facilities,Children's Hospital,Maintenance Coordinator,E00232,2021-02-06,Active,
E02352,P002352,Jennifer,Miller,Jennifer Miller,jennifer.miller@samplehealth.org,Finance,Children's Hospital,Revenue Analyst,E00133,2020-01-09,Active,
E02353,P002353,Darrell,Campbell,Darrell Campbell,darrell.campbell@samplehealth.org,Facilities,South Hospital,Maintenance Coordinator,E00081,2021-11-02,Active,
E02354,P002354,Jill,Mcdaniel,Jill Mcdaniel,jill.mcdaniel@samplehealth.org,Clinical Operations,South Hospital,Clinical Analyst,E00143,2025-12-07,Active,
E02355,P002355,Scott,Spencer,Scott Spencer,scott.spencer@samplehealth.org,Revenue Cycle,Outpatient Center B,Claims Analyst,E00014,2016-07-26,Active,
E02356,,Traci,Patterson,Traci Patterson,traci.patterson@samplehealth.org,Human Resources,Central Medical Center,HR Specialist,E00059,2026-03-14,Active,
E02357,P002357,Chad,Randall,Chad Randall,chad.randall@samplehealth.org,Information Technology,Outpatient Center B,Data Analyst,E00067,2019-09-19,Active,
E02358,P002358,Sheila,Richardson,Sheila Richardson,sheila.richardson@samplehealth.org,Information Technology,Outpatient Center A,Application Analyst,E00030,2011-11-04,Active,
E02359,P002359,Yolanda,Vasquez,Yolanda Vasquez,yolanda.vasquez@samplehealth.org,Laboratory,Outpatient Center B,Lab Technician,E00092,2013-05-31,Active,
E02360,P002360,Randy,Mills,Randy Mills,randy.mills@samplehealth.org,Clinical Operations,Outpatient Center B,Operations Manager,E00118,2023-02-18,Active,
E02361,P002361,Christopher,Thomas,Christopher Thomas,christopher.thomas@samplehealth.org,Laboratory,South Hospital,Lab Technician,E00032,2018-06-10,Active,
E02362,P002362,Heather,Madden,Heather Madden,heather.madden@samplehealth.org,Facilities,West Hospital,Facilities Technician,E00223,2024-03-28,Active,
E02363,P002363,Sara,Levine,Sara Levine,sara.levine@samplehealth.org,Finance,South Hospital,Financial Analyst,E00192,2012-09-22,Active,
E02364,P002364,Michael,Gonzalez,Michael Gonzalez,michael.gonzalez@samplehealth.org,Emergency Services,West Hospital,Emergency Services Coordinator,E00150,2015-01-12,Active,
E02365,P002365,Brooke,Ewing,Brooke Ewing,brooke.ewing@samplehealth.org,Nursing,South Hospital,Clinical Coordinator,E00107,2013-09-17,Active,
E02366,P002366,Jesse,Coleman,Jesse Coleman,jesse.coleman@samplehealth.org,Pharmacy,Outpatient Center B,Pharmacist,E00174,2020-02-12,Active,
E02367,P002367,Joshua,Reeves,Joshua Reeves,joshua.reeves@samplehealth.org,Pharmacy,Central Medical Center,Pharmacy Technician,E00073,2021-07-10,Active,
E02368,P002368,Brittney,Avila,Brittney Avila,brittney.avila@samplehealth.org,Revenue Cycle,North Hospital,Claims Analyst,E00101,2025-04-02,Active,
E02369,P002369,Dawn,Ross,Dawn Ross,dawn.ross@samplehealth.org,Facilities,North Hospital,Facilities Manager,E00215,2019-09-20,Active,
E02370,P002370,Elizabeth,Clements,Elizabeth Clements,elizabeth.clements@samplehealth.org,Facilities,Central Medical Center,Facilities Technician,E00021,2019-11-13,Active,
E02371,P002371,William,Hernandez,William Hernandez,william.hernandez@samplehealth.org,Laboratory,Outpatient Center B,Lab Coordinator,E00117,2019-05-12,Active,
E02372,P002372,Daniel,King,Daniel King,daniel.king@samplehealth.org,Revenue Cycle,Central Medical Center,Billing Specialist,E00085,2020-01-31,Active,
E02373,P002373,Jerry,Dunlap,Jerry Dunlap,jerry.dunlap@samplehealth.org,Nursing,Outpatient Center B,Clinical Coordinator,E00084,2012-02-17,Active,
E02374,P002374,Cory,Brown,Cory Brown,cory.brown@samplehealth.org,Clinical Operations,South Hospital,Operations Manager,E00055,2012-10-13,Active,
E02375,P002375,Tyrone,Johnson,Tyrone Johnson,tyrone.johnson@samplehealth.org,Nursing,Children's Hospital,Clinical Coordinator,E00083,2014-09-02,Active,
E02376,P002376,Patrick,Shelton,Patrick Shelton,patrick.shelton@samplehealth.org,Nursing,North Hospital,Clinical Coordinator,E00141,2014-03-23,Active,
E02377,P002377,Kevin,Hanson,Kevin Hanson,kevin.hanson@samplehealth.org,Patient Access,North Hospital,Patient Access Specialist,E00103,2024-07-22,Active,
E02378,P002378,Charles,Walton,Charles Walton,charles.walton@samplehealth.org,Finance,West Hospital,Financial Analyst,E00248,2024-09-06,Active,
E02379,P002379,Travis,Owens,Travis Owens,travis.owens@samplehealth.org,Radiology,Central Medical Center,Radiology Technician,E00219,2016-08-14,Active,
E02380,P002380,Ebony,Henry,Ebony Henry,ebony.henry@samplehealth.org,Human Resources,Outpatient Center A,HR Specialist,E00200,2016-01-28,Active,
E02381,P002381,Amy,Pacheco,Amy Pacheco,amy.pacheco@samplehealth.org,Radiology,South Hospital,Imaging Specialist,E00031,2020-10-26,Active,
E02382,P002382,Amy,Cisneros,Amy Cisneros,amy.cisneros@samplehealth.org,Finance,Outpatient Center A,Accountant,E00189,2012-02-29,Active,
E02383,P002383,Vicki,Beard,Vicki Beard,vicki.beard@samplehealth.org,Finance,South Hospital,Revenue Analyst,E00092,2013-08-26,Active,
E02384,P002384,Patrick,Edwards,Patrick Edwards,patrick.edwards@samplehealth.org,Revenue Cycle,Cancer Center,Revenue Cycle Analyst,E00132,2018-01-10,Active,
E02385,P002385,Scott,Johnson,Scott Johnson,scott.johnson@samplehealth.org,Human Resources,Outpatient Center B,HR Business Partner,E00227,2014-08-20,Active,
E02386,P002386,Angela,Dalton,Angela Dalton,angela.dalton@samplehealth.org,Radiology,Children's Hospital,Imaging Specialist,E00145,2016-10-12,Active,
E02387,P002387,Nicole,Martin,Nicole Martin,nicole.martin@samplehealth.org,Patient Access,North Hospital,Patient Access Specialist,E00194,2018-12-14,Active,
E02388,P002388,Dennis,Baldwin,Dennis Baldwin,dennis.baldwin@samplehealth.org,Radiology,South Hospital,Imaging Specialist,E00112,2019-12-01,Active,
E02389,P002389,Kathryn,Carroll,Kathryn Carroll,kathryn.carroll@samplehealth.org,Revenue Cycle,North Hospital,Billing Specialist,E00011,2019-12-21,Active,
E02390,P002390,Donna,Jennings,Donna Jennings,donna.jennings@samplehealth.org,Emergency Services,Outpatient Center B,Emergency Services Coordinator,E00174,2021-05-11,Active,
E02391,P002391,Terry,Hart,Terry Hart,terry.hart@samplehealth.org,Human Resources,South Hospital,Learning Specialist,E00239,2014-04-14,Active,
E02392,P002392,William,Myers,William Myers,william.myers@samplehealth.org,Laboratory,North Hospital,Lab Coordinator,E00075,2020-01-15,Active,
E02393,P002393,Brittany,Gray,Brittany Gray,brittany.gray@samplehealth.org,Laboratory,North Hospital,Laboratory Specialist,E00233,2023-02-18,Active,
E02394,P002394,Michael,Levine,Michael Levine,michael.levine@samplehealth.org,Laboratory,South Hospital,Laboratory Specialist,E00033,2017-01-28,Active,
E02395,P002395,Bryan,Garza,Bryan Garza,bryan.garza@samplehealth.org,Revenue Cycle,West Hospital,Billing Specialist,E00134,2013-10-21,Active,
E02396,P002396,Mary,Bailey,Mary Bailey,mary.bailey@samplehealth.org,Radiology,Central Medical Center,Imaging Specialist,E00142,2024-03-31,Active,
E02397,P002397,Brandy,Hubbard,Brandy Hubbard,brandy.hubbard@samplehealth.org,Pharmacy,North Hospital,Pharmacist,E00131,2022-04-05,Active,
E02398,P002398,Matthew,Davis,Matthew Davis,matthew.davis@samplehealth.org,Radiology,North Hospital,Imaging Specialist,E00119,2017-06-30,Active,
E02399,P002399,Victoria,Jenkins,Victoria Jenkins,victoria.jenkins@samplehealth.org,Revenue Cycle,Children's Hospital,Claims Analyst,E00091,2012-08-01,Active,
E02400,P002400,Donna,Wright,Donna Wright,donna.wright@samplehealth.org,Finance,North Hospital,Revenue Analyst,E00197,2022-08-26,Active,
E02401,P002401,Larry,Miller,Larry Miller,larry.miller@samplehealth.org,Emergency Services,North Hospital,Emergency Department Technician,E00190,2023-05-01,Active,
E02402,P002402,Cameron,Torres,Cameron Torres,cameron.torres@samplehealth.org,Revenue Cycle,South Hospital,Billing Specialist,E00202,2017-05-14,Active,
E02403,P002403,Geoffrey,Ryan,Geoffrey Ryan,geoffrey.ryan@samplehealth.org,Information Technology,Central Medical Center,Application Analyst,E00022,2012-04-05,Active,
E02404,P002404,Steven,Boyer,Steven Boyer,steven.boyer@samplehealth.org,Radiology,Children's Hospital,Radiology Coordinator,E00081,2021-04-15,Active,
E02405,P002405,Zachary,Fisher,Zachary Fisher,zachary.fisher@samplehealth.org,Patient Access,Outpatient Center B,Registration Coordinator,E00194,2011-12-21,Active,
E02406,P002406,Heather,Chapman,Heather Chapman,heather.chapman@samplehealth.org,Revenue Cycle,Children's Hospital,Billing Specialist,E00088,2017-01-03,Active,
E02407,P002407,Nicholas,Myers,Nicholas Myers,nicholas.myers@samplehealth.org,Information Technology,South Hospital,Business Analyst,E00021,2021-05-13,Active,
E02408,P002408,Connor,Freeman,Connor Freeman,connor.freeman@samplehealth.org,Clinical Operations,Children's Hospital,Operations Manager,E00224,2023-05-18,Active,
E02409,P002409,Emily,Rogers,Emily Rogers,emily.rogers@samplehealth.org,Revenue Cycle,Outpatient Center A,Revenue Cycle Analyst,E00137,2020-03-06,Terminated,2025-11-08
E02410,P002410,Matthew,Mendez,Matthew Mendez,matthew.mendez@samplehealth.org,Nursing,Outpatient Center A,Registered Nurse,E00030,2017-10-21,Active,
E02411,P002411,Tara,Harris,Tara Harris,tara.harris@samplehealth.org,Nursing,Outpatient Center B,Registered Nurse,E00118,2022-06-08,Active,
E02412,P002412,Melanie,Cobb,Melanie Cobb,melanie.cobb@samplehealth.org,Clinical Operations,Outpatient Center B,Clinical Analyst,E00078,2025-12-02,Active,
E02413,P002413,Melissa,Lewis,Melissa Lewis,melissa.lewis@samplehealth.org,Patient Access,Cancer Center,Registration Coordinator,E00177,2016-02-19,Active,
E02414,P002414,Brandon,Davies,Brandon Davies,brandon.davies@samplehealth.org,Revenue Cycle,Outpatient Center A,Claims Analyst,E00206,2018-06-19,Active,
E02415,P002415,Linda,Weber,Linda Weber,linda.weber@samplehealth.org,Finance,South Hospital,Financial Analyst,E00035,2013-03-10,Active,
E02416,P002416,Jennifer,Lane,Jennifer Lane,jennifer.lane@samplehealth.org,Nursing,North Hospital,Registered Nurse,E00209,2021-09-10,Terminated,2024-07-22
E02417,P002417,Joshua,Knight,Joshua Knight,joshua.knight@samplehealth.org,Nursing,West Hospital,Clinical Coordinator,E00220,2020-08-28,Active,
E02418,P002418,Thomas,Clark,Thomas Clark,thomas.clark@samplehealth.org,Nursing,Outpatient Center B,Registered Nurse,E00167,2025-02-28,Active,
E02419,P002419,Chase,Colon,Chase Colon,chase.colon@samplehealth.org,Information Technology,Outpatient Center A,Business Analyst,E00216,2020-03-17,Active,
E02420,P002420,Linda,Reynolds,Linda Reynolds,linda.reynolds@samplehealth.org,Revenue Cycle,West Hospital,Claims Analyst,E00023,2020-10-23,Active,
E02421,P002421,Lawrence,Perry,Lawrence Perry,lawrence.perry@samplehealth.org,Finance,South Hospital,Accountant,E00122,2015-11-25,Active,
E02422,P002422,Colleen,Chavez,Colleen Chavez,colleen.chavez@samplehealth.org,Radiology,North Hospital,Radiology Technician,E00043,2024-08-11,Active,
E02423,P002423,Amy,Ibarra,Amy Ibarra,amy.ibarra@samplehealth.org,Information Technology,Outpatient Center B,Application Analyst,E00121,2022-04-22,Active,
E02424,P002424,Jacqueline,Huffman,Jacqueline Huffman,jacqueline.huffman@samplehealth.org,Nursing,West Hospital,Nurse Manager,E00052,2021-06-09,Active,
E02425,P002425,Victor,Guerrero,Victor Guerrero,victor.guerrero@samplehealth.org,Finance,Outpatient Center A,Revenue Analyst,E00014,2025-08-22,Active,
E02426,P002426,Judy,Mcdonald,Judy Mcdonald,judy.mcdonald@samplehealth.org,Facilities,North Hospital,Facilities Technician,E00162,2022-06-23,Active,
E02427,P002427,Amanda,Mendez,Amanda Mendez,amanda.mendez@samplehealth.org,Clinical Operations,Outpatient Center A,Clinical Analyst,E00218,2024-09-16,Active,
E02428,P002428,Rebecca,Michael,Rebecca Michael,rebecca.michael@samplehealth.org,Laboratory,Children's Hospital,Lab Coordinator,E00010,2023-12-27,Terminated,2024-03-29
E02429,P002429,Alexa,Diaz,Alexa Diaz,alexa.diaz@samplehealth.org,Laboratory,Outpatient Center B,Laboratory Specialist,E00132,2014-02-20,Active,
E02430,P002430,John,Francis,John Francis,john.francis@samplehealth.org,Patient Access,Outpatient Center B,Registration Coordinator,E00060,2024-08-24,Active,
E02431,P002431,Kevin,Graham,Kevin Graham,kevin.graham@samplehealth.org,Clinical Operations,Central Medical Center,Operations Coordinator,E00109,2017-01-17,Active,
E02432,P002432,Michelle,Pruitt,Michelle Pruitt,michelle.pruitt@samplehealth.org,Patient Access,North Hospital,Patient Access Specialist,E00069,2022-05-30,Active,
E02433,P002433,James,Gutierrez,James Gutierrez,james.gutierrez@samplehealth.org,Revenue Cycle,Outpatient Center B,Billing Specialist,E00030,2025-08-21,Terminated,2025-12-10
E02434,P002434,Debbie,Scott,Debbie Scott,debbie.scott@samplehealth.org,Laboratory,Cancer Center,Lab Coordinator,E00115,2021-11-07,Active,
E02435,P002435,Joel,Allen,Joel Allen,joel.allen@samplehealth.org,Clinical Operations,Central Medical Center,Clinical Analyst,E00042,2014-03-05,Terminated,2017-06-09
E02436,P002436,Anthony,Robles,Anthony Robles,anthony.robles@samplehealth.org,Finance,West Hospital,Revenue Analyst,E00121,2016-11-27,Active,
E02437,P002437,Steven,Castro,Steven Castro,steven.castro@samplehealth.org,Facilities,West Hospital,Maintenance Coordinator,E00130,2019-01-17,Active,
E02438,P002438,Robert,Bullock,Robert Bullock,robert.bullock@samplehealth.org,Human Resources,Cancer Center,Learning Specialist,E00236,2015-01-23,Active,
E02439,P002439,Erik,Taylor,Erik Taylor,erik.taylor@samplehealth.org,Patient Access,Outpatient Center B,Registration Coordinator,E00034,2016-01-08,Active,
E02440,P002440,Kristine,Ramirez,Kristine Ramirez,kristine.ramirez@samplehealth.org,Finance,Outpatient Center A,Revenue Analyst,E00246,2020-12-28,Active,
E02441,P002441,Gregory,Phelps,Gregory Phelps,gregory.phelps@samplehealth.org,Radiology,Cancer Center,Radiology Coordinator,E00204,2023-12-01,Active,
E02442,P002442,Todd,Smith,Todd Smith,todd.smith@samplehealth.org,Laboratory,West Hospital,Lab Technician,E00073,2026-04-01,Active,
E02443,P002443,Peggy,Edwards,Peggy Edwards,peggy.edwards@samplehealth.org,Clinical Operations,North Hospital,Operations Manager,E00171,2016-09-10,Active,
E02444,P002444,Michelle,Lester,Michelle Lester,michelle.lester@samplehealth.org,Laboratory,South Hospital,Lab Technician,E00052,2018-07-20,Active,
E02445,P002445,Penny,Powers,Penny Powers,penny.powers@samplehealth.org,Information Technology,North Hospital,Application Analyst,E00204,2013-02-28,Active,
E02446,P002446,Randy,Larsen,Randy Larsen,randy.larsen@samplehealth.org,Radiology,Children's Hospital,Imaging Specialist,E00061,2025-12-17,Active,
E02447,P002447,Donald,Rodriguez,Donald Rodriguez,donald.rodriguez@samplehealth.org,Human Resources,Central Medical Center,Learning Specialist,E00005,2024-02-13,Active,
E02448,P002448,Vincent,Martinez,Vincent Martinez,vincent.martinez@samplehealth.org,Facilities,Cancer Center,Maintenance Coordinator,E00174,2022-12-04,Active,
E02449,P002449,Maria,Herring,Maria Herring,maria.herring@samplehealth.org,Information Technology,Central Medical Center,Business Analyst,E00207,2020-07-23,Active,
E02450,P002450,Johnathan,Wilkerson,Johnathan Wilkerson,johnathan.wilkerson@samplehealth.org,Pharmacy,Outpatient Center A,Pharmacy Technician,E00030,2015-09-04,Active,
E02451,P002451,Carol,Mejia,Carol Mejia,carol.mejia@samplehealth.org,Patient Access,North Hospital,Patient Access Representative,E00144,2016-12-15,Active,
E02452,P002452,Mark,Silva,Mark Silva,mark.silva@samplehealth.org,Human Resources,Children's Hospital,HR Business Partner,E00088,2018-04-05,Terminated,2025-02-10
E02453,P002453,Kaitlin,Young,Kaitlin Young,kaitlin.young@samplehealth.org,Facilities,Children's Hospital,Facilities Technician,E00230,2018-10-26,Active,
E02454,P002454,Jeffery,Rodriguez,Jeffery Rodriguez,jeffery.rodriguez@samplehealth.org,Information Technology,Central Medical Center,Data Analyst,E00238,2015-04-08,Active,
E02455,P002455,Tara,Gonzales,Tara Gonzales,tara.gonzales@samplehealth.org,Laboratory,North Hospital,Laboratory Specialist,E00250,2015-12-14,Active,
E02456,P002456,Michelle,Brown,Michelle Brown,michelle.brown@samplehealth.org,Pharmacy,North Hospital,Pharmacy Manager,E00211,2020-09-12,Active,
E02457,P002457,Nicholas,Fry,Nicholas Fry,nicholas.fry@samplehealth.org,Emergency Services,North Hospital,Emergency Department Technician,E00043,2017-01-03,Active,
E02458,P002458,Amy,Wells,Amy Wells,amy.wells@samplehealth.org,Revenue Cycle,West Hospital,Revenue Cycle Analyst,E00234,2015-10-25,Active,
E02459,P002459,Sylvia,Suarez,Sylvia Suarez,sylvia.suarez@samplehealth.org,Facilities,Children's Hospital,Facilities Technician,E00182,2014-02-02,Active,
E02460,P002460,Michael,Baldwin,Michael Baldwin,michael.baldwin@samplehealth.org,Laboratory,Outpatient Center B,Lab Coordinator,E00188,2025-08-06,Active,
E02461,P002461,Kyle,Brewer,Kyle Brewer,kyle.brewer@samplehealth.org,Pharmacy,Cancer Center,Pharmacist,E00086,2021-12-06,Terminated,2022-03-24
E02462,P002462,Mckenzie,Bates,Mckenzie Bates,mckenzie.bates@samplehealth.org,Information Technology,West Hospital,Data Analyst,E00113,2012-07-21,Active,
E02463,P002463,Hannah,Mccormick,Hannah Mccormick,hannah.mccormick@samplehealth.org,Radiology,West Hospital,Radiology Technician,E00214,2015-09-14,Active,
E02464,P002464,Johnny,Cruz,Johnny Cruz,johnny.cruz@samplehealth.org,Laboratory,Children's Hospital,Laboratory Specialist,E00130,2022-06-30,Active,
E02465,P002465,Susan,Cox,Susan Cox,susan.cox@samplehealth.org,Information Technology,Children's Hospital,Data Analyst,E00096,2025-06-11,Active,
E02466,P002466,Gina,Nichols,Gina Nichols,gina.nichols@samplehealth.org,Clinical Operations,Cancer Center,Clinical Analyst,E00162,2015-08-24,Active,
E02467,P002467,Mia,Price,Mia Price,mia.price@samplehealth.org,Revenue Cycle,South Hospital,Revenue Cycle Analyst,E00193,2018-04-23,Active,
E02468,P002468,Sara,Hardin,Sara Hardin,sara.hardin@samplehealth.org,Emergency Services,West Hospital,Emergency Services Coordinator,E00036,2016-09-28,Active,
E02469,P002469,Christopher,Carson,Christopher Carson,christopher.carson@samplehealth.org,Radiology,Outpatient Center A,Imaging Specialist,E00230,2015-08-19,Active,
E02470,P002470,Kenneth,Villarreal,Kenneth Villarreal,kenneth.villarreal@samplehealth.org,Laboratory,Cancer Center,Lab Coordinator,E00242,2014-05-08,Active,
E02471,P002471,Ruth,Welch,Ruth Welch,ruth.welch@samplehealth.org,Nursing,South Hospital,Nurse Manager,E00198,2026-08-02,Active,
E02472,P002472,Lisa,Newman,Lisa Newman,lisa.newman@samplehealth.org,Nursing,North Hospital,Clinical Coordinator,E00022,2025-01-19,Terminated,2025-02-14
E02473,P002473,Joshua,Miller,Joshua Miller,joshua.miller@samplehealth.org,Facilities,Outpatient Center A,Maintenance Coordinator,E00198,2024-11-19,Active,
E02474,P002474,Shelby,Ruiz,Shelby Ruiz,shelby.ruiz@samplehealth.org,Information Technology,Central Medical Center,Application Analyst,E00101,2018-08-26,Active,
E02475,P002475,Sara,Cook,Sara Cook,sara.cook@samplehealth.org,Nursing,South Hospital,Clinical Coordinator,E00232,2018-10-23,Active,
E02476,P002476,Nancy,Wilkins,Nancy Wilkins,nancy.wilkins@samplehealth.org,Patient Access,Children's Hospital,Patient Access Representative,E00108,2025-08-25,Active,
E02477,P002477,Ethan,Green,Ethan Green,ethan.green@samplehealth.org,Radiology,Children's Hospital,Radiology Coordinator,E00185,2012-10-02,Active,
E02478,P002478,Michael,Guzman,Michael Guzman,michael.guzman@samplehealth.org,Clinical Operations,Cancer Center,Clinical Analyst,E00003,2025-06-18,Active,
E02479,P002479,Amy,Murphy,Amy Murphy,amy.murphy@samplehealth.org,Finance,South Hospital,Revenue Analyst,E00180,2023-06-14,Active,
E02480,P002480,Anthony,Williams,Anthony Williams,anthony.williams@samplehealth.org,Radiology,West Hospital,Imaging Specialist,E00228,2022-07-16,Active,
E02481,P002481,Isaiah,Ramos,Isaiah Ramos,isaiah.ramos@samplehealth.org,Emergency Services,Outpatient Center B,Registered Nurse,E00179,2022-07-13,Active,
E02482,P002482,Derek,Morales,Derek Morales,derek.morales@samplehealth.org,Facilities,Outpatient Center A,Facilities Manager,E00199,2022-04-25,Active,
E02483,P002483,Kevin,Johnston,Kevin Johnston,kevin.johnston@samplehealth.org,Human Resources,North Hospital,HR Business Partner,E00010,2013-07-05,Leave,
E02484,P002484,Eric,Black,Eric Black,eric.black@samplehealth.org,Emergency Services,Outpatient Center A,Emergency Services Coordinator,E00186,2024-09-06,Active,
E02485,P002485,Maria,Hines,Maria Hines,maria.hines@samplehealth.org,Clinical Operations,South Hospital,Operations Manager,E00134,2026-01-12,Active,
E02486,P002486,Brooke,Jenkins,Brooke Jenkins,brooke.jenkins@samplehealth.org,Emergency Services,West Hospital,Emergency Services Coordinator,E00024,2017-01-21,Terminated,2024-09-26
E02487,P002487,Timothy,Moss,Timothy Moss,timothy.moss@samplehealth.org,Emergency Services,Children's Hospital,Registered Nurse,E00134,2016-01-22,Active,
E02488,P002488,Glenn,Watkins,Glenn Watkins,glenn.watkins@samplehealth.org,Facilities,South Hospital,Facilities Manager,E00006,2017-03-13,Active,
E02489,P002489,Lauren,Gonzalez,Lauren Gonzalez,lauren.gonzalez@samplehealth.org,Nursing,Children's Hospital,Clinical Coordinator,E00062,2018-09-04,Active,
E02490,P002490,Michael,Long,Michael Long,michael.long@samplehealth.org,Finance,Outpatient Center A,Revenue Analyst,E00130,2018-01-16,Active,
E02491,P002491,Shirley,Wilkerson,Shirley Wilkerson,shirley.wilkerson@samplehealth.org,Pharmacy,Central Medical Center,Pharmacy Manager,E00216,2015-06-11,Active,
E02492,P002492,Andrew,Johnson,Andrew Johnson,andrew.johnson@samplehealth.org,Facilities,Cancer Center,Maintenance Coordinator,E00032,2021-02-15,Active,
E02493,P002493,Deborah,Sims,Deborah Sims,deborah.sims@samplehealth.org,Nursing,North Hospital,Clinical Coordinator,E00115,2013-02-19,Active,
E02494,P002494,Terri,Gonzalez,Terri Gonzalez,terri.gonzalez@samplehealth.org,Finance,Central Medical Center,Revenue Analyst,E00117,2023-07-22,Active,
E02495,P002495,Melissa,Williams,Melissa Williams,melissa.williams@samplehealth.org,Facilities,West Hospital,Facilities Technician,E00090,2022-02-20,Active,
E02496,P002496,Roy,Green,Roy Green,roy.green@samplehealth.org,Finance,South Hospital,Accountant,E00183,2013-02-20,Active,
E02497,P002497,Susan,Jackson,Susan Jackson,susan.jackson@samplehealth.org,Radiology,West Hospital,Radiology Coordinator,E00027,2021-04-10,Active,
E02498,P002498,David,Higgins,David Higgins,david.higgins@samplehealth.org,Facilities,West Hospital,Facilities Manager,E00211,2019-01-10,Active,
E02499,P002499,Kiara,Hebert,Kiara Hebert,kiara.hebert@samplehealth.org,Facilities,North Hospital,Maintenance Coordinator,E00038,2025-09-12,Terminated,2026-05-31
E02500,P002500,Troy,Walker,Troy Walker,troy.walker@samplehealth.org,Clinical Operations,Outpatient Center A,Clinical Analyst,E00021,2015-01-30,Active,
E02501,P002501,James,Atkins,James Atkins,james.atkins@samplehealth.org,Pharmacy,Outpatient Center A,Pharmacist,E00228,2024-12-05,Active,
E02502,P002502,Joseph,Francis,Joseph Francis,joseph.francis@samplehealth.org,Information Technology,West Hospital,Application Analyst,E00115,2018-02-15,Active,
E02503,P002503,David,Gates,David Gates,david.gates@samplehealth.org,Pharmacy,Outpatient Center A,Pharmacy Technician,E00151,2021-10-31,Active,
E02504,P002504,Jason,Holloway,Jason Holloway,jason.holloway@samplehealth.org,Emergency Services,Outpatient Center A,Registered Nurse,E00224,2023-12-27,Terminated,2024-10-16
E02505,P002505,Robert,Ortiz,Robert Ortiz,robert.ortiz@samplehealth.org,Finance,Outpatient Center B,Revenue Analyst,E00163,2014-02-08,Active,
E02506,P002506,Anthony,Cherry,Anthony Cherry,anthony.cherry@samplehealth.org,Radiology,Outpatient Center B,Imaging Specialist,E00188,2015-08-19,Active,
E02507,P002507,Christine,Solomon,Christine Solomon,christine.solomon@samplehealth.org,Radiology,South Hospital,Radiology Technician,E00130,2017-11-29,Active,
E02508,P002508,Brandi,Holland,Brandi Holland,brandi.holland@samplehealth.org,Information Technology,Outpatient Center B,Application Analyst,E00034,2013-01-30,Active,
E02509,P002509,Alex,Anderson,Alex Anderson,alex.anderson@samplehealth.org,Clinical Operations,North Hospital,Operations Manager,E00178,2017-02-14,Active,
E02510,P002510,Terri,Sanders,Terri Sanders,terri.sanders@samplehealth.org,Human Resources,Outpatient Center B,HR Business Partner,E00009,2015-03-27,Active,
E02511,P002511,Jennifer,Erickson,Jennifer Erickson,jennifer.erickson@samplehealth.org,Clinical Operations,Cancer Center,Operations Coordinator,E00236,2024-02-23,Active,
E02512,P002512,Carla,Jones,Carla Jones,carla.jones@samplehealth.org,Pharmacy,Outpatient Center A,Pharmacy Manager,E00029,2021-02-06,Active,
E02513,P002513,Brian,Cook,Brian Cook,brian.cook@samplehealth.org,Pharmacy,Children's Hospital,Pharmacy Technician,E00011,2015-08-15,Active,
E02514,P002514,Thomas,Gomez,Thomas Gomez,thomas.gomez@samplehealth.org,Emergency Services,North Hospital,Emergency Department Technician,E00096,2021-12-09,Active,
E02515,P002515,Sheila,Coffey,Sheila Coffey,sheila.coffey@samplehealth.org,Finance,Children's Hospital,Accountant,E00076,2021-10-20,Active,
E02516,P002516,Jenna,Pacheco,Jenna Pacheco,jenna.pacheco@samplehealth.org,Laboratory,South Hospital,Lab Technician,E00037,2011-09-19,Leave,
E02517,P002517,Jon,Harvey,Jon Harvey,jon.harvey@samplehealth.org,Patient Access,Central Medical Center,Patient Access Specialist,E00240,2016-10-08,Active,
E02518,P002518,Tiffany,Lambert,Tiffany Lambert,tiffany.lambert@samplehealth.org,Finance,West Hospital,Accountant,E00047,2013-11-15,Active,
E02519,P002519,Tammy,Hansen,Tammy Hansen,tammy.hansen@samplehealth.org,Clinical Operations,Central Medical Center,Clinical Analyst,E00032,2021-07-02,Active,
E02520,P002520,Harry,Jackson,Harry Jackson,harry.jackson@samplehealth.org,Emergency Services,North Hospital,Emergency Services Coordinator,E00223,2020-01-04,Active,
E02521,P002521,Sarah,Humphrey,Sarah Humphrey,sarah.humphrey@samplehealth.org,Nursing,Outpatient Center B,Nurse Manager,E00147,2013-11-13,Active,
E02522,P002522,Christopher,Page,Christopher Page,christopher.page@samplehealth.org,Finance,Outpatient Center B,Revenue Analyst,E00231,2018-12-28,Active,
E02523,P002523,Donald,Wilson,Donald Wilson,donald.wilson@samplehealth.org,Facilities,Outpatient Center B,Maintenance Coordinator,E00214,2012-05-17,Active,
E02524,P002524,Tiffany,Porter,Tiffany Porter,tiffany.porter@samplehealth.org,Clinical Operations,South Hospital,Operations Manager,E00196,2025-10-29,Active,
E02525,P002525,Juan,Ward,Juan Ward,juan.ward@samplehealth.org,,Outpatient Center B,Application Analyst,E00171,2018-12-10,Active,
E02526,P002526,Justin,Mcdowell,Justin Mcdowell,justin.mcdowell@samplehealth.org,Laboratory,Cancer Center,Lab Technician,E00023,2022-01-19,Active,
E02527,P002527,Maria,Mcintosh,Maria Mcintosh,maria.mcintosh@samplehealth.org,Patient Access,Outpatient Center A,Registration Coordinator,E00100,2020-06-02,Active,
E02528,P002528,Lawrence,Stafford,Lawrence Stafford,lawrence.stafford@samplehealth.org,Human Resources,Cancer Center,HR Business Partner,E00139,2016-12-28,Terminated,2025-05-07
E02529,P002529,Kathryn,Hernandez,Kathryn Hernandez,kathryn.hernandez@samplehealth.org,Nursing,Outpatient Center B,Clinical Coordinator,E00189,2026-02-19,Active,
E02530,P002530,Sandra,Fields,Sandra Fields,sandra.fields@samplehealth.org,Finance,North Hospital,Revenue Analyst,E00222,2019-02-10,Terminated,2019-07-25
E02531,P002531,Jacob,Brown,Jacob Brown,jacob.brown@samplehealth.org,Information Technology,Children's Hospital,Data Analyst,E00144,2014-09-28,Active,
E02532,P002532,Barry,Green,Barry Green,barry.green@samplehealth.org,Revenue Cycle,North Hospital,Revenue Cycle Analyst,E00050,2023-08-20,Active,
E02533,P002533,Tanner,Wilson,Tanner Wilson,tanner.wilson@samplehealth.org,Patient Access,Central Medical Center,Registration Coordinator,E00246,2020-01-17,Active,
E02534,P002534,Billy,Kelly,Billy Kelly,billy.kelly@samplehealth.org,Patient Access,West Hospital,Registration Coordinator,E00193,2023-09-08,Active,
E02535,P002535,Ann,Ellis,Ann Ellis,ann.ellis@samplehealth.org,Laboratory,Central Medical Center,Lab Coordinator,E00031,2013-07-15,Active,
E02536,P002536,Meghan,Camacho,Meghan Camacho,meghan.camacho@samplehealth.org,Revenue Cycle,South Hospital,Claims Analyst,E00247,2013-09-23,Active,
E02537,P002537,Michael,Harris,Michael Harris,michael.harris@samplehealth.org,Nursing,West Hospital,Nurse Manager,E00063,2016-06-16,Active,
E02538,P002538,Henry,Jackson,Henry Jackson,henry.jackson@samplehealth.org,Clinical Operations,Outpatient Center B,Operations Manager,E00022,2020-04-12,Active,
E02539,P002539,Lynn,Elliott,Lynn Elliott,lynn.elliott@samplehealth.org,Emergency Services,Cancer Center,Registered Nurse,E00103,2022-11-27,Active,
E02540,P002540,Brenda,Silva,Brenda Silva,brenda.silva@samplehealth.org,Patient Access,Outpatient Center B,Patient Access Representative,E00221,2011-09-11,Active,
E02541,P002541,Alicia,Duncan,Alicia Duncan,alicia.duncan@samplehealth.org,Nursing,Outpatient Center A,Nurse Manager,E00047,2018-09-16,Active,
E02542,P002542,Samantha,Sanchez,Samantha Sanchez,samantha.sanchez@samplehealth.org,Radiology,Cancer Center,Radiology Technician,E00098,2020-02-06,Active,
E02543,P002543,Erica,Clay,Erica Clay,erica.clay@samplehealth.org,Finance,North Hospital,Financial Analyst,E00026,2012-01-25,Active,
E02544,P002544,Justin,Zavala,Justin Zavala,justin.zavala@samplehealth.org,Emergency Services,Children's Hospital,Emergency Department Technician,E00037,2013-09-13,Active,
E02545,P002545,Phillip,Garza,Phillip Garza,phillip.garza@samplehealth.org,Information Technology,North Hospital,Systems Analyst,E00040,2013-06-06,Active,
E02546,P002546,Mary,Hernandez,Mary Hernandez,mary.hernandez@samplehealth.org,Finance,South Hospital,Accountant,E00016,2013-01-01,Active,
E02547,P002547,Steve,Zimmerman,Steve Zimmerman,steve.zimmerman@samplehealth.org,Patient Access,South Hospital,Patient Access Specialist,E00007,2019-10-15,Active,
E02548,P002548,Shawn,Moses,Shawn Moses,shawn.moses@samplehealth.org,Clinical Operations,Children's Hospital,Operations Coordinator,E00100,2021-09-25,Active,
E02549,P002549,Diane,Rivera,Diane Rivera,diane.rivera@samplehealth.org,Pharmacy,South Hospital,Pharmacy Technician,E00106,2012-05-15,Active,
E02550,P002550,Diana,Tapia,Diana Tapia,diana.tapia@samplehealth.org,Facilities,Outpatient Center A,Maintenance Coordinator,E00242,2017-02-24,Active,
E02551,P002551,Stacey,Cooke,Stacey Cooke,stacey.cooke@samplehealth.org,Pharmacy,West Hospital,Pharmacist,E00062,2025-03-08,Active,
E02552,P002552,Ashley,Lewis,Ashley Lewis,ashley.lewis@samplehealth.org,Patient Access,West Hospital,Registration Coordinator,E00127,2012-06-14,Active,
E02553,P002553,Laurie,Campbell,Laurie Campbell,laurie.campbell@samplehealth.org,Emergency Services,Outpatient Center A,Registered Nurse,E00244,2025-03-15,Active,
E02554,P002554,Brian,Jones,Brian Jones,brian.jones@samplehealth.org,Pharmacy,Central Medical Center,Pharmacy Technician,E00082,2021-11-14,Leave,
E02555,P002555,Patrick,Ross,Patrick Ross,patrick.ross@samplehealth.org,Laboratory,Outpatient Center A,Lab Coordinator,E00017,2014-08-27,Active,
E02556,P002556,John,Wise,John Wise,john.wise@samplehealth.org,Laboratory,Outpatient Center A,Lab Technician,E00163,2018-05-30,Terminated,2019-03-03
E02557,P002557,Andrew,Clark,Andrew Clark,andrew.clark@samplehealth.org,Human Resources,Children's Hospital,HR Specialist,E00142,2018-03-27,Active,
E02558,P002558,Kimberly,Mitchell,Kimberly Mitchell,kimberly.mitchell@samplehealth.org,Patient Access,North Hospital,Registration Coordinator,E00064,2024-06-05,Active,
E02559,P002559,Stephanie,Moore,Stephanie Moore,stephanie.moore@samplehealth.org,Emergency Services,South Hospital,Registered Nurse,E00078,2016-09-14,Active,
E02560,P002560,Travis,Reynolds,Travis Reynolds,travis.reynolds@samplehealth.org,Patient Access,Outpatient Center B,Patient Access Specialist,E00022,2025-05-05,Active,
E02561,P002561,Sandra,Mckee,Sandra Mckee,sandra.mckee@samplehealth.org,Revenue Cycle,West Hospital,Claims Analyst,E00201,2021-11-22,Active,
E02562,P002562,David,Wade,David Wade,david.wade@samplehealth.org,Information Technology,South Hospital,Systems Analyst,E00201,2025-10-12,Active,
E02563,P002563,Michael,Gonzalez,Michael Gonzalez,michael.gonzalez@samplehealth.org,Human Resources,Outpatient Center A,Learning Specialist,E00247,2019-03-15,Active,
E02564,P002564,Nicole,Alvarez,Nicole Alvarez,nicole.alvarez@samplehealth.org,Emergency Services,Central Medical Center,Emergency Services Coordinator,E00001,2021-03-15,Active,
E02565,P002565,Caroline,Davis,Caroline Davis,caroline.davis@samplehealth.org,Laboratory,Children's Hospital,Lab Coordinator,E00168,2018-10-24,Active,
E02566,P002566,Lisa,Austin,Lisa Austin,lisa.austin@samplehealth.org,Information Technology,Central Medical Center,Data Analyst,E00239,2019-01-04,Active,
E02567,P002567,Crystal,Davis,Crystal Davis,crystal.davis@samplehealth.org,Laboratory,Children's Hospital,Laboratory Specialist,E00215,2020-05-10,Active,
E02568,P002568,Matthew,Ford,Matthew Ford,matthew.ford@samplehealth.org,Revenue Cycle,Cancer Center,Billing Specialist,E00216,2015-06-10,Active,
E02569,P002569,Deborah,Reeves,Deborah Reeves,deborah.reeves@samplehealth.org,Revenue Cycle,Children's Hospital,Revenue Cycle Analyst,E00012,2020-01-19,Active,
E02570,P002570,Alison,Holland,Alison Holland,alison.holland@samplehealth.org,Information Technology,Children's Hospital,Data Analyst,E00023,2013-01-19,Leave,
E02571,P002571,Kelly,Kim,Kelly Kim,kelly.kim@samplehealth.org,Radiology,North Hospital,Radiology Coordinator,E00213,2025-04-05,Active,
E02572,P002572,Tim,Hernandez,Tim Hernandez,tim.hernandez@samplehealth.org,Information Technology,Outpatient Center A,Systems Analyst,E00054,2013-10-19,Active,
E02573,P002573,Gabrielle,Evans,Gabrielle Evans,gabrielle.evans@samplehealth.org,Patient Access,Cancer Center,Registration Coordinator,E00227,2015-11-09,Active,
E02574,P002574,Alexandra,Phillips,Alexandra Phillips,alexandra.phillips@samplehealth.org,Revenue Cycle,Children's Hospital,Billing Specialist,E00193,2012-06-08,Active,
E02575,P002575,Andrea,Lowery,Andrea Lowery,andrea.lowery@samplehealth.org,Clinical Operations,Children's Hospital,Clinical Analyst,E00063,2020-05-11,Active,
E02576,P002576,Daniel,Coleman,Daniel Coleman,daniel.coleman@samplehealth.org,Revenue Cycle,Cancer Center,Billing Specialist,E00054,2013-03-26,Active,
E02577,P002577,Steven,Cortez,Steven Cortez,steven.cortez@samplehealth.org,Laboratory,Cancer Center,Lab Coordinator,E00005,2025-06-14,Terminated,2025-12-27
E02578,P002578,Michael,Richards,Michael Richards,michael.richards@samplehealth.org,Clinical Operations,Central Medical Center,Operations Coordinator,E00156,2024-09-13,Active,
E02579,P002579,Wesley,Wilson,Wesley Wilson,wesley.wilson@samplehealth.org,Laboratory,Central Medical Center,Lab Technician,E00173,2022-11-17,Active,
E02580,P002580,Steven,Hartman,Steven Hartman,steven.hartman@samplehealth.org,Information Technology,Outpatient Center B,Application Analyst,E00196,2025-12-18,Active,
E02581,P002581,Phillip,Miller,Phillip Miller,phillip.miller@samplehealth.org,Radiology,North Hospital,Radiology Coordinator,E00202,2026-07-16,Active,
E02582,P002582,Janet,Edwards,Janet Edwards,janet.edwards@samplehealth.org,Revenue Cycle,North Hospital,Claims Analyst,E00138,2023-12-11,Active,
E02583,P002583,Spencer,Santiago,Spencer Santiago,spencer.santiago@samplehealth.org,Nursing,Outpatient Center B,Clinical Coordinator,E00173,2022-03-28,Active,
E02584,P002584,Lindsey,Peterson,Lindsey Peterson,lindsey.peterson@samplehealth.org,Pharmacy,Outpatient Center A,Pharmacy Technician,E00212,2026-06-13,Active,
E02585,P002585,Lisa,Clark,Lisa Clark,lisa.clark@samplehealth.org,Patient Access,Outpatient Center A,Patient Access Specialist,E00046,2012-12-15,Active,
E02586,P002586,Julie,Munoz,Julie Munoz,julie.munoz@samplehealth.org,Clinical Operations,North Hospital,Operations Coordinator,E00119,2026-06-15,Active,
E02587,P002587,Emily,Hamilton,Emily Hamilton,emily.hamilton@samplehealth.org,Facilities,Outpatient Center B,Facilities Technician,E00003,2011-12-06,Active,
E02588,P002588,Adam,Wilson,Adam Wilson,adam.wilson@samplehealth.org,Human Resources,Central Medical Center,Learning Specialist,E00195,2014-07-19,Active,
E02589,P002589,Diana,Stevens,Diana Stevens,diana.stevens@samplehealth.org,Finance,Cancer Center,Revenue Analyst,E00050,2018-07-08,Active,
E02590,P002590,Misty,Church,Misty Church,misty.church@samplehealth.org,Pharmacy,Children's Hospital,Pharmacy Manager,E00207,2021-11-11,Active,
E02591,P002591,Jessica,Turner,Jessica Turner,jessica.turner@samplehealth.org,Clinical Operations,West Hospital,Operations Coordinator,E00127,2025-06-16,Active,
E02592,P002592,Terri,Ward,Terri Ward,terri.ward@samplehealth.org,Facilities,Children's Hospital,Facilities Technician,E00127,2023-02-01,Active,
E02593,P002593,Sylvia,Leonard,Sylvia Leonard,sylvia.leonard@samplehealth.org,Clinical Operations,West Hospital,Operations Manager,E00002,2025-04-24,Active,
E02594,P002594,Kevin,Martinez,Kevin Martinez,kevin.martinez@samplehealth.org,Human Resources,Outpatient Center A,Learning Specialist,E00029,2011-11-11,Active,
E02595,P002595,James,Cabrera,James Cabrera,james.cabrera@samplehealth.org,Finance,Outpatient Center B,Revenue Analyst,E00044,2023-06-19,Active,
E02596,P002596,Tara,Trevino,Tara Trevino,tara.trevino@samplehealth.org,Emergency Services,South Hospital,Emergency Department Technician,E00017,2015-03-09,Active,
E02597,P002597,Timothy,Thomas,Timothy Thomas,timothy.thomas@samplehealth.org,Patient Access,North Hospital,Patient Access Representative,E00033,2015-09-27,Active,
E02598,P002598,Ryan,Garrett,Ryan Garrett,ryan.garrett@samplehealth.org,Finance,West Hospital,Revenue Analyst,E00226,2025-01-23,Active,
E02599,P002599,Amanda,Miller,Amanda Miller,amanda.miller@samplehealth.org,Emergency Services,Children's Hospital,Registered Nurse,E00050,2024-09-19,Active,
E02600,P002600,Steven,Wells,Steven Wells,steven.wells@samplehealth.org,Revenue Cycle,Children's Hospital,Revenue Cycle Analyst,E00175,2011-12-30,Active,
E02601,P002601,Darren,Barrera,Darren Barrera,darren.barrera@samplehealth.org,Emergency Services,Central Medical Center,Emergency Services Coordinator,E00241,2024-03-11,Active,
E02602,P002602,Jacqueline,Maynard,Jacqueline Maynard,jacqueline.maynard@samplehealth.org,Radiology,Central Medical Center,Radiology Coordinator,E00219,2019-08-24,Active,
E02603,P002603,Andrew,Cole,Andrew Cole,andrew.cole@samplehealth.org,Facilities,Outpatient Center A,Maintenance Coordinator,E00071,2015-10-02,Active,
E02604,P002604,James,Hudson,James Hudson,james.hudson@samplehealth.org,Pharmacy,Outpatient Center B,Pharmacy Manager,E00127,2025-10-23,Active,
E02605,P002605,Peter,Cook,Peter Cook,peter.cook@samplehealth.org,Facilities,Central Medical Center,Facilities Manager,E00227,2013-05-15,Active,
E02606,P002606,Crystal,Marquez,Crystal Marquez,crystal.marquez@samplehealth.org,Clinical Operations,Central Medical Center,Operations Coordinator,E00072,2018-09-11,Active,
E02607,P002607,Melinda,Mclaughlin,Melinda Mclaughlin,melinda.mclaughlin@samplehealth.org,Radiology,Outpatient Center B,Radiology Coordinator,E00081,2021-10-05,Active,
E02608,P002608,Jessica,Duarte,Jessica Duarte,jessica.duarte@samplehealth.org,Nursing,West Hospital,Nurse Manager,E00086,2012-04-03,Active,
E02609,P002609,Tony,Tucker,Tony Tucker,tony.tucker@samplehealth.org,Pharmacy,Central Medical Center,Pharmacy Manager,E00189,2021-09-05,Active,
E02610,P002610,Jenny,Mcconnell,Jenny Mcconnell,jenny.mcconnell@samplehealth.org,Human Resources,Outpatient Center A,Learning Specialist,E00246,2025-07-08,Active,
E02611,P002611,Mikayla,Hall,Mikayla Hall,mikayla.hall@samplehealth.org,Pharmacy,West Hospital,Pharmacist,E00043,2012-08-28,Active,
E02612,P002612,Allison,Henderson,Allison Henderson,allison.henderson@samplehealth.org,Facilities,North Hospital,Maintenance Coordinator,E00161,2016-12-30,Active,
E02613,P002613,Angela,Adams,Angela Adams,angela.adams@samplehealth.org,Revenue Cycle,Central Medical Center,Revenue Cycle Analyst,E00123,2022-08-27,Active,
E02614,P002614,Robert,Kennedy,Robert Kennedy,robert.kennedy@samplehealth.org,Radiology,Cancer Center,Radiology Technician,E00216,2020-01-16,Active,
E02615,P002615,Cindy,Lucas,Cindy Lucas,cindy.lucas@samplehealth.org,Finance,North Hospital,Financial Analyst,E00122,2019-04-02,Active,
E02616,P002616,Heidi,Smith,Heidi Smith,heidi.smith@samplehealth.org,Human Resources,Central Medical Center,HR Business Partner,E00211,2016-07-10,Active,
E02617,P002617,Jessica,Harrison,Jessica Harrison,jessica.harrison@samplehealth.org,Facilities,West Hospital,Facilities Manager,E00242,2019-01-29,Active,
E02618,P002618,Jesse,Robinson,Jesse Robinson,jesse.robinson@samplehealth.org,Pharmacy,Outpatient Center B,Pharmacy Manager,E00196,2023-04-12,Active,
E02619,P002619,Matthew,Guzman,Matthew Guzman,matthew.guzman@samplehealth.org,Pharmacy,Outpatient Center B,Pharmacy Manager,E00149,2025-12-15,Active,
E02620,P002620,Jennifer,Mcdonald,Jennifer Mcdonald,jennifer.mcdonald@samplehealth.org,Pharmacy,Central Medical Center,Pharmacist,E00235,2016-08-13,Active,
E02621,P002621,Jennifer,Myers,Jennifer Myers,jennifer.myers@samplehealth.org,Nursing,Cancer Center,Nurse Manager,E00228,2018-09-19,Active,
E02622,P002622,Marissa,Nunez,Marissa Nunez,marissa.nunez@samplehealth.org,Clinical Operations,South Hospital,Operations Coordinator,E00016,2024-02-14,Active,
E02623,P002623,Michael,Kennedy,Michael Kennedy,michael.kennedy@samplehealth.org,Laboratory,Children's Hospital,Lab Technician,E00157,2025-12-28,Active,
E02624,P002624,Fernando,Clark,Fernando Clark,fernando.clark@samplehealth.org,Revenue Cycle,North Hospital,Billing Specialist,E00027,2023-05-17,Active,
E02625,P002625,Kara,Estrada,Kara Estrada,kara.estrada@samplehealth.org,Revenue Cycle,Central Medical Center,Revenue Cycle Analyst,E00076,2013-10-27,Active,
E02626,P002626,Glen,Moore,Glen Moore,glen.moore@samplehealth.org,Radiology,North Hospital,Imaging Specialist,E00159,2019-12-31,Terminated,2020-11-08
E02627,P002627,Laura,Hahn,Laura Hahn,laura.hahn@samplehealth.org,Radiology,Central Medical Center,Radiology Technician,E00117,2020-01-09,Active,
E02628,P002628,Kevin,Clark,Kevin Clark,kevin.clark@samplehealth.org,Radiology,Outpatient Center A,Imaging Specialist,E00226,2012-06-04,Active,
E02629,P002629,Yvette,Howard,Yvette Howard,yvette.howard@samplehealth.org,Patient Access,North Hospital,Registration Coordinator,E00087,2016-01-23,Active,
E02630,P002630,Michael,Moore,Michael Moore,michael.moore@samplehealth.org,Revenue Cycle,Central Medical Center,Claims Analyst,E00117,2025-09-16,Active,
E02631,P002631,Michele,Gordon,Michele Gordon,michele.gordon@samplehealth.org,Emergency Services,West Hospital,Emergency Services Coordinator,E00028,2025-05-08,Active,
E02632,P002632,Bryce,Jordan,Bryce Jordan,bryce.jordan@samplehealth.org,Pharmacy,North Hospital,Pharmacist,E00152,2022-02-17,Active,
E02633,P002633,Jeremy,Hoffman,Jeremy Hoffman,jeremy.hoffman@samplehealth.org,Human Resources,South Hospital,Learning Specialist,E00164,2019-11-25,Active,
E02634,P002634,Jonathan,Peterson,Jonathan Peterson,jonathan.peterson@samplehealth.org,Emergency Services,Cancer Center,Emergency Services Coordinator,E00108,2017-09-01,Active,
E02635,P002635,Kayla,Carrillo,Kayla Carrillo,kayla.carrillo@samplehealth.org,Laboratory,Outpatient Center B,Lab Coordinator,E00048,2021-02-06,Active,
E02636,P002636,Joseph,Hernandez,Joseph Hernandez,joseph.hernandez@samplehealth.org,Human Resources,Central Medical Center,HR Specialist,E00016,2023-05-14,Active,
E02637,P002637,Morgan,Munoz,Morgan Munoz,morgan.munoz@samplehealth.org,Information Technology,Outpatient Center A,Systems Analyst,E00132,2013-05-25,Terminated,2025-05-31
E02638,P002638,Brent,Shah,Brent Shah,brent.shah@samplehealth.org,Revenue Cycle,Children's Hospital,Billing Specialist,E00150,2025-03-20,Active,
E02639,P002639,Stephen,Skinner,Stephen Skinner,stephen.skinner@samplehealth.org,Emergency Services,South Hospital,Emergency Department Technician,E00121,2013-07-06,Terminated,2015-04-24
E02640,P002640,Kimberly,Lynch,Kimberly Lynch,kimberly.lynch@samplehealth.org,Finance,Cancer Center,Revenue Analyst,E00075,2026-03-24,Active,
E02641,P002641,Stacey,Colon,Stacey Colon,stacey.colon@samplehealth.org,Facilities,South Hospital,Facilities Technician,E00015,2012-05-03,Active,
E02642,P002642,William,Jackson,William Jackson,william.jackson@samplehealth.org,Human Resources,Central Medical Center,Learning Specialist,E00109,2013-08-19,Active,
E02643,P002643,Monica,Bartlett,Monica Bartlett,monica.bartlett@samplehealth.org,Facilities,West Hospital,Facilities Technician,E00164,2014-04-18,Active,
E02644,P002644,Jessica,Erickson,Jessica Erickson,jessica.erickson@samplehealth.org,Human Resources,Cancer Center,HR Specialist,E00049,2024-08-02,Active,
E02645,P002645,William,Oconnor,William Oconnor,william.oconnor@samplehealth.org,Revenue Cycle,Outpatient Center B,Billing Specialist,E00154,2013-04-24,Active,
E02646,P002646,Eric,Cox,Eric Cox,eric.cox@samplehealth.org,Clinical Operations,Cancer Center,Clinical Analyst,E00158,2025-07-24,Active,
E02647,P002647,Devin,Allison,Devin Allison,devin.allison@samplehealth.org,Finance,Cancer Center,Accountant,E00042,2019-02-04,Terminated,2022-08-18
E02648,P002648,Kayla,Smith,Kayla Smith,kayla.smith@samplehealth.org,Pharmacy,Central Medical Center,Pharmacy Technician,E00127,2025-10-29,Active,
E02649,P002649,Lisa,Peterson,Lisa Peterson,lisa.peterson@samplehealth.org,Human Resources,West Hospital,HR Specialist,E00178,2020-03-20,Active,
E02650,P002650,George,Adams,George Adams,george.adams@samplehealth.org,Human Resources,West Hospital,HR Business Partner,E00062,2023-10-17,Active,
E02651,P002651,Kari,Ward,Kari Ward,kari.ward@samplehealth.org,Laboratory,Cancer Center,Lab Coordinator,E00207,2022-12-09,Active,
E02652,P002652,John,Mullins,John Mullins,john.mullins@samplehealth.org,Clinical Operations,West Hospital,Clinical Analyst,E00103,2020-08-20,Active,
E02653,P002653,Robert,Perez,Robert Perez,robert.perez@samplehealth.org,Information Technology,Cancer Center,Data Analyst,E00003,2025-04-07,Active,
E02654,P002654,Roy,Hardin,Roy Hardin,roy.hardin@samplehealth.org,Pharmacy,Central Medical Center,Pharmacy Technician,E00143,2019-06-06,Active,
E02655,P002655,Stephanie,Black,Stephanie Black,stephanie.black@samplehealth.org,Pharmacy,Children's Hospital,Pharmacist,E00113,2023-03-26,Active,
E02656,P002656,Michael,Johnson,Michael Johnson,michael.johnson@samplehealth.org,Human Resources,Cancer Center,Learning Specialist,E00012,2014-02-06,Active,
E02657,,Kayla,Robbins,Kayla Robbins,kayla.robbins@samplehealth.org,Nursing,West Hospital,Registered Nurse,E00073,2020-06-04,Active,
E02658,P002658,Sherry,Miller,Sherry Miller,sherry.miller@samplehealth.org,Information Technology,Children's Hospital,Business Analyst,E00185,2016-12-24,Active,
E02659,P002659,Richard,Barton,Richard Barton,richard.barton@samplehealth.org,Information Technology,West Hospital,Systems Analyst,E00046,2019-01-04,Active,
E02660,P002660,Bryan,Malone,Bryan Malone,bryan.malone@samplehealth.org,Human Resources,South Hospital,HR Specialist,E00216,2022-11-09,Active,
E02661,P002661,Sandra,Hernandez,Sandra Hernandez,sandra.hernandez@samplehealth.org,Finance,Central Medical Center,Financial Analyst,E00213,2021-05-26,Active,
E02662,P002662,Brian,Welch,Brian Welch,brian.welch@samplehealth.org,Revenue Cycle,Outpatient Center A,Revenue Cycle Analyst,E00168,2023-10-05,Active,
E02663,P002663,Lauren,Liu,Lauren Liu,lauren.liu@samplehealth.org,Pharmacy,West Hospital,Pharmacy Technician,E00079,2016-08-27,Active,
E02664,,Robert,Blackwell,Robert Blackwell,robert.blackwell@samplehealth.org,Laboratory,Cancer Center,Lab Technician,E00208,2023-07-19,Active,
E02665,P002665,Angela,Torres,Angela Torres,angela.torres@samplehealth.org,Facilities,South Hospital,Facilities Manager,E00241,2024-04-04,Active,
E02666,P002666,Lee,Cooper,Lee Cooper,lee.cooper@samplehealth.org,Emergency Services,Outpatient Center A,Registered Nurse,E00225,2025-09-10,Active,
E02667,P002667,Joshua,Rose,Joshua Rose,joshua.rose@samplehealth.org,Clinical Operations,North Hospital,Operations Coordinator,E00037,2014-02-14,Active,
E02668,P002668,Isabella,Griffin,Isabella Griffin,isabella.griffin@samplehealth.org,Information Technology,West Hospital,Business Analyst,E00137,2015-02-11,Active,
E02669,P002669,Paige,Weber,Paige Weber,paige.weber@samplehealth.org,Radiology,Cancer Center,Radiology Coordinator,E00082,2022-02-21,Active,
E02670,P002670,Denise,Terry,Denise Terry,denise.terry@samplehealth.org,Patient Access,West Hospital,Patient Access Specialist,E00236,2025-06-08,Active,
E02671,P002671,Kimberly,Sullivan,Kimberly Sullivan,kimberly.sullivan@samplehealth.org,Nursing,West Hospital,Clinical Coordinator,E00219,2014-12-24,Active,
E02672,P002672,Nicole,Miller,Nicole Miller,nicole.miller@samplehealth.org,Emergency Services,South Hospital,Emergency Services Coordinator,E00084,2020-10-07,Active,
E02673,P002673,Matthew,Hardy,Matthew Hardy,matthew.hardy@samplehealth.org,Human Resources,Children's Hospital,HR Specialist,E00224,2024-03-19,Active,
E02674,P002674,Nichole,Meyer,Nichole Meyer,nichole.meyer@samplehealth.org,Information Technology,West Hospital,Application Analyst,E00187,2020-10-28,Active,
E02675,P002675,Justin,Davis,Justin Davis,justin.davis@samplehealth.org,Pharmacy,North Hospital,Pharmacy Technician,E00043,2021-01-04,Active,
E02676,P002676,Larry,Peterson,Larry Peterson,larry.peterson@samplehealth.org,Emergency Services,Cancer Center,Emergency Services Coordinator,E00128,2022-06-10,Active,
E02677,P002677,Ernest,Johnson,Ernest Johnson,ernest.johnson@samplehealth.org,Emergency Services,South Hospital,Emergency Services Coordinator,E00083,2025-03-05,Active,
E02678,,Amber,Green,Amber Green,amber.green@samplehealth.org,Clinical Operations,Outpatient Center B,Clinical Analyst,E00184,2025-10-13,Active,
E02679,,Kim,Barber,Kim Barber,kim.barber@samplehealth.org,Laboratory,Children's Hospital,Laboratory Specialist,E00149,2020-03-21,Active,
E02680,P002680,Daniel,Brown,Daniel Brown,daniel.brown@samplehealth.org,Radiology,Central Medical Center,Radiology Coordinator,E00054,2017-12-20,Active,
E02681,P002681,Jordan,Romero,Jordan Romero,jordan.romero@samplehealth.org,Human Resources,Outpatient Center B,HR Specialist,E00221,2013-09-24,Active,
E02682,P002682,Brandon,Curtis,Brandon Curtis,brandon.curtis@samplehealth.org,Human Resources,West Hospital,HR Business Partner,E00079,2013-09-30,Active,
E02683,P002683,Shane,Armstrong,Shane Armstrong,shane.armstrong@samplehealth.org,Radiology,South Hospital,Imaging Specialist,E00240,2011-09-18,Active,
E02684,P002684,Shawn,Bird,Shawn Bird,shawn.bird@samplehealth.org,Facilities,North Hospital,Maintenance Coordinator,E00035,2025-04-29,Active,
E02685,P002685,Julie,Perkins,Julie Perkins,julie.perkins@samplehealth.org,Pharmacy,Outpatient Center B,Pharmacy Technician,E00133,2023-10-13,Active,
E02686,P002686,Patricia,Burton,Patricia Burton,patricia.burton@samplehealth.org,Facilities,Central Medical Center,Facilities Technician,E00120,2020-09-11,Active,
E02687,P002687,Megan,Hall,Megan Hall,megan.hall@samplehealth.org,Emergency Services,Cancer Center,Registered Nurse,E00110,2016-09-18,Active,
E02688,P002688,Justin,Glover,Justin Glover,justin.glover@samplehealth.org,Laboratory,Outpatient Center A,Laboratory Specialist,E00105,2023-10-14,Active,
E02689,P002689,Ashley,Taylor,Ashley Taylor,ashley.taylor@samplehealth.org,Facilities,Cancer Center,Maintenance Coordinator,E00070,2018-01-18,Active,
E02690,P002690,April,Wright,April Wright,april.wright@samplehealth.org,Radiology,South Hospital,Radiology Technician,E00114,2017-03-15,Active,
E02691,P002691,Zachary,Lee,Zachary Lee,zachary.lee@samplehealth.org,Human Resources,North Hospital,HR Business Partner,E00092,2024-11-13,Active,
E02692,P002692,Michael,Garcia,Michael Garcia,michael.garcia@samplehealth.org,Pharmacy,North Hospital,Pharmacy Technician,E00202,2023-09-24,Active,
E02693,P002693,Ronald,Jenkins,Ronald Jenkins,ronald.jenkins@samplehealth.org,Finance,North Hospital,Financial Analyst,E00031,2013-03-12,Active,
E02694,P002694,Bryan,Beasley,Bryan Beasley,bryan.beasley@samplehealth.org,Pharmacy,Central Medical Center,Pharmacy Technician,E00140,2019-09-23,Active,
E02695,P002695,Jason,Miller,Jason Miller,jason.miller@samplehealth.org,Human Resources,West Hospital,HR Business Partner,E00173,2023-02-20,Terminated,2025-05-17
E02696,P002696,Richard,Hansen,Richard Hansen,richard.hansen@samplehealth.org,Facilities,Children's Hospital,Maintenance Coordinator,E00191,2024-11-15,Active,
E02697,P002697,Ralph,Baker,Ralph Baker,ralph.baker@samplehealth.org,Revenue Cycle,West Hospital,Billing Specialist,E00181,2020-02-10,Active,
E02698,P002698,Dana,Barajas,Dana Barajas,dana.barajas@samplehealth.org,Patient Access,Children's Hospital,Patient Access Representative,E00003,2023-05-07,Active,
E02699,P002699,Sarah,Burns,Sarah Burns,sarah.burns@samplehealth.org,Finance,Cancer Center,Accountant,E00201,2018-09-19,Active,
E02700,P002700,Madison,Thomas,Madison Thomas,madison.thomas@samplehealth.org,Radiology,Central Medical Center,Imaging Specialist,E00121,2013-10-14,Active,
E02701,P002701,Todd,Ellis,Todd Ellis,todd.ellis@samplehealth.org,Revenue Cycle,South Hospital,Claims Analyst,E00222,2023-08-11,Active,
E02702,P002702,William,Rice,William Rice,william.rice@samplehealth.org,Radiology,West Hospital,Radiology Technician,E00186,2023-06-10,Terminated,2024-05-05
E02703,P002703,Stanley,Johnson,Stanley Johnson,stanley.johnson@samplehealth.org,Clinical Operations,Outpatient Center B,Operations Coordinator,E00060,2014-04-17,Active,
E02704,P002704,Sherry,Wood,Sherry Wood,sherry.wood@samplehealth.org,Emergency Services,Outpatient Center B,Registered Nurse,E00185,2013-08-23,Active,
E02705,P002705,Carolyn,Ortiz,Carolyn Ortiz,carolyn.ortiz@samplehealth.org,Laboratory,North Hospital,Laboratory Specialist,E00081,2013-09-06,Active,
E02706,P002706,Mike,Roberts,Mike Roberts,mike.roberts@samplehealth.org,Human Resources,Outpatient Center A,HR Business Partner,E00054,2020-07-08,Active,
E02707,P002707,Eric,Watson,Eric Watson,eric.watson@samplehealth.org,Laboratory,Central Medical Center,Laboratory Specialist,E00096,2017-12-29,Active,
E02708,P002708,Kevin,Tucker,Kevin Tucker,kevin.tucker@samplehealth.org,Information Technology,Children's Hospital,Business Analyst,E00242,2025-01-31,Active,
E02709,P002709,Douglas,Bowers,Douglas Bowers,douglas.bowers@samplehealth.org,Clinical Operations,Outpatient Center B,Operations Coordinator,E00208,2018-10-19,Active,
E02710,P002710,Brandon,Shannon,Brandon Shannon,brandon.shannon@samplehealth.org,Revenue Cycle,Cancer Center,Billing Specialist,E00058,2016-06-12,Active,
E02711,P002711,Jason,Fuentes,Jason Fuentes,jason.fuentes@samplehealth.org,Radiology,Outpatient Center A,Imaging Specialist,E00196,2019-12-10,Active,
E02712,P002712,Aaron,Kelley,Aaron Kelley,aaron.kelley@samplehealth.org,Clinical Operations,Children's Hospital,Operations Manager,E00084,2012-10-09,Active,
E02713,P002713,Monica,Butler,Monica Butler,monica.butler@samplehealth.org,Patient Access,Central Medical Center,Patient Access Representative,E00237,2021-05-16,Active,
E02714,P002714,Kyle,Chavez,Kyle Chavez,kyle.chavez@samplehealth.org,Information Technology,Cancer Center,Business Analyst,E00146,2017-05-16,Active,
E02715,P002715,Kimberly,Alvarez,Kimberly Alvarez,kimberly.alvarez@samplehealth.org,Revenue Cycle,Outpatient Center A,Claims Analyst,E00098,2023-11-16,Active,
E02716,P002716,Martha,Anderson,Martha Anderson,martha.anderson@samplehealth.org,Human Resources,North Hospital,HR Business Partner,E00137,2013-12-24,Active,
E02717,P002717,William,Murray,William Murray,william.murray@samplehealth.org,Radiology,Outpatient Center B,Radiology Technician,E00028,2019-04-12,Active,
E02718,P002718,Elizabeth,Hernandez,Elizabeth Hernandez,elizabeth.hernandez@samplehealth.org,Facilities,Outpatient Center B,Facilities Manager,E00164,2024-01-03,Terminated,2025-05-22
E02719,P002719,Christopher,Weber,Christopher Weber,christopher.weber@samplehealth.org,Finance,South Hospital,Financial Analyst,E00027,2022-03-26,Active,
E02720,P002720,Robert,Hall,Robert Hall,robert.hall@samplehealth.org,Revenue Cycle,South Hospital,Claims Analyst,E00009,2018-05-08,Active,
E02721,P002721,Matthew,Williams,Matthew Williams,matthew.williams@samplehealth.org,Clinical Operations,Outpatient Center B,Operations Manager,E00007,2023-01-11,Active,
E02722,P002722,Pamela,Fitzgerald,Pamela Fitzgerald,pamela.fitzgerald@samplehealth.org,Information Technology,North Hospital,Business Analyst,E00234,2022-08-12,Active,
E02723,P002723,Christopher,Martin,Christopher Martin,christopher.martin@samplehealth.org,Radiology,West Hospital,Imaging Specialist,E00060,2012-01-18,Active,
E02724,P002724,Ashley,Hogan,Ashley Hogan,ashley.hogan@samplehealth.org,Finance,North Hospital,Revenue Analyst,E00117,2023-08-29,Active,
E02725,P002725,Kyle,Brewer,Kyle Brewer,kyle.brewer@samplehealth.org,Nursing,Central Medical Center,Nurse Manager,E00044,2022-07-31,Active,
E02726,P002726,Anita,Lee,Anita Lee,anita.lee@samplehealth.org,Facilities,Outpatient Center A,Maintenance Coordinator,E00041,2022-02-24,Active,
E02727,P002727,Amber,Todd,Amber Todd,amber.todd@samplehealth.org,Pharmacy,Outpatient Center A,Pharmacist,E00123,2021-04-29,Active,
E02728,P002728,Aimee,Christensen,Aimee Christensen,aimee.christensen@samplehealth.org,Clinical Operations,Outpatient Center A,Operations Coordinator,E00245,2020-03-05,Active,
E02729,P002729,Penny,Martinez,Penny Martinez,penny.martinez@samplehealth.org,Human Resources,West Hospital,HR Specialist,E00080,2020-09-02,Active,
E02730,P002730,Hector,Smith,Hector Smith,hector.smith@samplehealth.org,Radiology,Outpatient Center B,Radiology Coordinator,E00041,2025-01-03,Active,
E02731,P002731,Jamie,Gallegos,Jamie Gallegos,jamie.gallegos@samplehealth.org,Patient Access,Children's Hospital,Registration Coordinator,E00151,2025-11-23,Active,
E02732,P002732,Pam,Wallace,Pam Wallace,pam.wallace@samplehealth.org,Human Resources,Outpatient Center B,Learning Specialist,E00071,2025-05-09,Active,
E02733,P002733,Amanda,Flores,Amanda Flores,amanda.flores@samplehealth.org,Human Resources,South Hospital,HR Specialist,E00115,2021-08-23,Active,
E02734,P002734,Brady,Atkins,Brady Atkins,brady.atkins@samplehealth.org,Pharmacy,West Hospital,Pharmacy Technician,E00135,2012-01-08,Terminated,2017-10-20
E02735,P002735,Samuel,Perry,Samuel Perry,samuel.perry@samplehealth.org,Facilities,Outpatient Center B,Facilities Manager,E00118,2026-04-01,Leave,
E02736,P002736,Allison,Reyes,Allison Reyes,allison.reyes@samplehealth.org,Laboratory,Central Medical Center,Lab Coordinator,E00189,2013-03-04,Active,
E02737,P002737,Danny,Garcia,Danny Garcia,danny.garcia@samplehealth.org,Pharmacy,Outpatient Center B,Pharmacy Technician,E00089,2014-06-26,Terminated,2019-05-04
E02738,P002738,Douglas,Scott,Douglas Scott,douglas.scott@samplehealth.org,Clinical Operations,Children's Hospital,Operations Manager,E00101,2013-02-23,Active,
E02739,P002739,Eric,Farley,Eric Farley,eric.farley@samplehealth.org,Patient Access,Outpatient Center A,Patient Access Representative,E00064,2023-03-03,Terminated,2023-11-20
E02740,P002740,Brian,Woodward,Brian Woodward,brian.woodward@samplehealth.org,Information Technology,Outpatient Center B,Application Analyst,E00099,2014-09-17,Active,
E02741,P002741,Anthony,Brown,Anthony Brown,anthony.brown@samplehealth.org,Revenue Cycle,North Hospital,Revenue Cycle Analyst,E00101,2018-04-05,Active,
E02742,P002742,Corey,Thomas,Corey Thomas,corey.thomas@samplehealth.org,Clinical Operations,West Hospital,Operations Coordinator,E00227,2017-02-20,Active,
E02743,P002743,Jonathan,David,Jonathan David,jonathan.david@samplehealth.org,Information Technology,Children's Hospital,Systems Analyst,E00171,2013-09-06,Active,
E02744,P002744,Brett,Allen,Brett Allen,brett.allen@samplehealth.org,Pharmacy,West Hospital,Pharmacy Manager,E00233,2021-10-12,Active,
E02745,P002745,Brenda,Vasquez,Brenda Vasquez,brenda.vasquez@samplehealth.org,Laboratory,North Hospital,Laboratory Specialist,E00095,2024-06-04,Active,
E02746,P002746,William,Avery,William Avery,william.avery@samplehealth.org,Pharmacy,Cancer Center,Pharmacist,E00105,2016-03-16,Active,
E02747,P002747,Bruce,Marshall,Bruce Marshall,bruce.marshall@samplehealth.org,Laboratory,Children's Hospital,Lab Technician,E00054,2018-07-20,Active,
E02748,P002748,Cameron,Johnson,Cameron Johnson,cameron.johnson@samplehealth.org,Emergency Services,Outpatient Center B,Emergency Department Technician,E00007,2022-05-27,Active,
E02749,P002749,Jesus,Mercado,Jesus Mercado,jesus.mercado@samplehealth.org,Pharmacy,Outpatient Center B,Pharmacy Manager,E00098,2016-03-15,Active,
E02750,P002750,Angela,Willis,Angela Willis,angela.willis@samplehealth.org,Facilities,Outpatient Center A,Facilities Manager,E00220,2013-05-08,Active,
E02751,P002751,John,Peters,John Peters,john.peters@samplehealth.org,Human Resources,Central Medical Center,HR Business Partner,E00003,2024-12-25,Active,
E02752,P002752,David,Carroll,David Carroll,david.carroll@samplehealth.org,Finance,South Hospital,Financial Analyst,E00084,2019-03-19,Active,
E02753,P002753,Christopher,Fields,Christopher Fields,christopher.fields@samplehealth.org,Revenue Cycle,Outpatient Center B,Claims Analyst,E00125,2015-02-01,Active,
E02754,P002754,Krista,Thomas,Krista Thomas,krista.thomas@samplehealth.org,Laboratory,North Hospital,Lab Technician,E00141,2020-10-26,Active,
E02755,P002755,Tricia,Casey,Tricia Casey,tricia.casey@samplehealth.org,Revenue Cycle,Outpatient Center B,Revenue Cycle Analyst,E00036,2020-10-08,Active,
E02756,,Stephanie,Ali,Stephanie Ali,stephanie.ali@samplehealth.org,Laboratory,South Hospital,Laboratory Specialist,E00044,2021-01-25,Active,
E02757,P002757,Shannon,Smith,Shannon Smith,shannon.smith@samplehealth.org,Nursing,North Hospital,Clinical Coordinator,E00046,2019-07-13,Active,
E02758,P002758,Susan,Oliver,Susan Oliver,susan.oliver@samplehealth.org,Finance,Outpatient Center A,Financial Analyst,E00044,2022-09-25,Active,
E02759,P002759,Teresa,Smith,Teresa Smith,teresa.smith@samplehealth.org,Pharmacy,Central Medical Center,Pharmacy Manager,E00174,2019-10-30,Active,
E02760,P002760,Joshua,King,Joshua King,joshua.king@samplehealth.org,Finance,Outpatient Center B,Financial Analyst,E00092,2023-03-12,Active,
E02761,P002761,Omar,Bell,Omar Bell,omar.bell@samplehealth.org,Information Technology,Central Medical Center,Business Analyst,E00229,2022-05-19,Active,
E02762,P002762,Jason,Pittman,Jason Pittman,jason.pittman@samplehealth.org,Revenue Cycle,West Hospital,Claims Analyst,E00114,2016-05-30,Active,
E02763,P002763,Brandon,Stevenson,Brandon Stevenson,brandon.stevenson@samplehealth.org,Clinical Operations,North Hospital,Operations Coordinator,E00100,2021-03-15,Active,
E02764,P002764,Chad,Davis,Chad Davis,chad.davis@samplehealth.org,Clinical Operations,Outpatient Center B,Clinical Analyst,E00014,2023-07-04,Active,
E02765,P002765,David,Taylor,David Taylor,david.taylor@samplehealth.org,Patient Access,Central Medical Center,Patient Access Representative,E00198,2021-02-02,Active,
E02766,P002766,Yolanda,Johns,Yolanda Johns,yolanda.johns@samplehealth.org,Radiology,West Hospital,Radiology Technician,E00096,2015-03-19,Terminated,2025-08-06
E02767,P002767,William,Pham,William Pham,william.pham@samplehealth.org,Human Resources,North Hospital,HR Specialist,E00005,2023-03-25,Active,
E02768,P002768,Sonia,Reid,Sonia Reid,sonia.reid@samplehealth.org,Radiology,Central Medical Center,Radiology Technician,E00087,2024-06-06,Active,
E02769,P002769,Jasmine,Nelson,Jasmine Nelson,jasmine.nelson@samplehealth.org,Human Resources,North Hospital,Learning Specialist,E00057,2022-11-22,Active,
E02770,P002770,Tonya,Peterson,Tonya Peterson,tonya.peterson@samplehealth.org,Pharmacy,South Hospital,Pharmacy Manager,E00186,2019-06-13,Active,
E02771,P002771,Susan,Murphy,Susan Murphy,susan.murphy@samplehealth.org,Information Technology,Outpatient Center A,Data Analyst,E00132,2023-05-24,Active,
E02772,P002772,Dennis,Nielsen,Dennis Nielsen,dennis.nielsen@samplehealth.org,Pharmacy,Cancer Center,Pharmacy Technician,E00144,2021-12-24,Active,
E02773,P002773,Thomas,Valenzuela,Thomas Valenzuela,thomas.valenzuela@samplehealth.org,,West Hospital,Revenue Cycle Analyst,E00240,2023-01-26,Active,
E02774,P002774,Glenn,Peters,Glenn Peters,glenn.peters@samplehealth.org,,Outpatient Center A,Emergency Services Coordinator,E00031,2023-06-22,Active,
E02775,P002775,Jacqueline,Farmer,Jacqueline Farmer,jacqueline.farmer@samplehealth.org,Human Resources,North Hospital,HR Specialist,E00092,2020-10-11,Active,
E02776,P002776,Christopher,Mcdowell,Christopher Mcdowell,christopher.mcdowell@samplehealth.org,Facilities,Central Medical Center,Facilities Technician,E00103,2022-09-14,Active,
E02777,P002777,Chris,Johnson,Chris Johnson,chris.johnson@samplehealth.org,Revenue Cycle,Central Medical Center,Billing Specialist,E00100,2025-10-12,Active,
E02778,P002778,Lisa,Wallace,Lisa Wallace,lisa.wallace@samplehealth.org,Human Resources,West Hospital,HR Business Partner,E00017,2013-09-21,Active,
E02779,P002779,Michael,Hess,Michael Hess,michael.hess@samplehealth.org,Revenue Cycle,Cancer Center,Billing Specialist,E00012,2025-09-13,Active,
E02780,P002780,Carolyn,Hughes,Carolyn Hughes,carolyn.hughes@samplehealth.org,Pharmacy,Outpatient Center A,Pharmacist,E00078,2025-11-25,Active,
E02781,P002781,Katrina,Terry,Katrina Terry,katrina.terry@samplehealth.org,Patient Access,North Hospital,Patient Access Specialist,E00183,2011-10-08,Active,
E02782,P002782,David,Wood,David Wood,david.wood@samplehealth.org,Emergency Services,South Hospital,Registered Nurse,E00065,2014-11-28,Active,
E02783,P002783,Sean,Walker,Sean Walker,sean.walker@samplehealth.org,Pharmacy,Cancer Center,Pharmacy Manager,E00162,2011-12-17,Terminated,2024-11-10
E02784,P002784,Juan,Morse,Juan Morse,juan.morse@samplehealth.org,Clinical Operations,South Hospital,Clinical Analyst,E00086,2017-09-17,Active,
E02785,P002785,James,Velasquez,James Velasquez,james.velasquez@samplehealth.org,Information Technology,Outpatient Center B,Systems Analyst,E00018,2022-04-06,Active,
E02786,P002786,Kevin,Robbins,Kevin Robbins,kevin.robbins@samplehealth.org,Facilities,Outpatient Center B,Facilities Technician,E00098,2015-08-11,Active,
E02787,P002787,Tina,Coffey,Tina Coffey,tina.coffey@samplehealth.org,Emergency Services,West Hospital,Registered Nurse,E00129,2012-04-01,Terminated,2017-01-09
E02788,P002788,Trevor,Padilla,Trevor Padilla,trevor.padilla@samplehealth.org,Patient Access,Central Medical Center,Registration Coordinator,E00060,2021-12-07,Active,
E02789,P002789,Jason,Gonzalez,Jason Gonzalez,jason.gonzalez@samplehealth.org,Nursing,North Hospital,Clinical Coordinator,E00080,2025-08-05,Terminated,2026-04-09
E02790,P002790,Randy,Kane,Randy Kane,randy.kane@samplehealth.org,Human Resources,Outpatient Center A,Learning Specialist,E00194,2021-04-22,Terminated,2025-07-24
E02791,P002791,Troy,Arnold,Troy Arnold,troy.arnold@samplehealth.org,Human Resources,North Hospital,Learning Specialist,E00016,2022-11-07,Active,
E02792,P002792,Joanne,Chambers,Joanne Chambers,joanne.chambers@samplehealth.org,Information Technology,Outpatient Center B,Systems Analyst,E00076,2021-11-18,Terminated,2023-05-17
E02793,P002793,Cameron,Anderson,Cameron Anderson,cameron.anderson@samplehealth.org,Human Resources,Outpatient Center A,HR Specialist,E00053,2012-09-24,Active,
E02794,P002794,David,Mahoney,David Mahoney,david.mahoney@samplehealth.org,Revenue Cycle,West Hospital,Revenue Cycle Analyst,E00237,2026-03-06,Active,
E02795,P002795,Jeremy,Mills,Jeremy Mills,jeremy.mills@samplehealth.org,Clinical Operations,Outpatient Center B,Operations Manager,E00190,2024-12-06,Active,
E02796,P002796,Joshua,Abbott,Joshua Abbott,joshua.abbott@samplehealth.org,Facilities,Children's Hospital,Facilities Technician,E00082,2012-01-07,Active,
E02797,P002797,Victoria,Steele,Victoria Steele,victoria.steele@samplehealth.org,Revenue Cycle,Outpatient Center A,Revenue Cycle Analyst,E00166,2020-09-09,Active,
E02798,P002798,Christina,Becker,Christina Becker,christina.becker@samplehealth.org,Finance,West Hospital,Financial Analyst,E00217,2019-05-07,Active,
E02799,P002799,Aaron,Simmons,Aaron Simmons,aaron.simmons@samplehealth.org,Clinical Operations,Cancer Center,Clinical Analyst,E00063,2023-01-28,Terminated,2025-11-02
E02800,P002800,Brett,Mcmillan,Brett Mcmillan,brett.mcmillan@samplehealth.org,Human Resources,Central Medical Center,Learning Specialist,E00233,2018-12-25,Active,
E02801,P002801,Megan,Russell,Megan Russell,megan.russell@samplehealth.org,Revenue Cycle,West Hospital,Revenue Cycle Analyst,E00156,2013-09-11,Active,
E02802,P002802,Erin,Owens,Erin Owens,erin.owens@samplehealth.org,Radiology,Cancer Center,Radiology Coordinator,E00047,2017-10-10,Active,
E02803,P002803,Zachary,Williams,Zachary Williams,zachary.williams@samplehealth.org,Laboratory,Central Medical Center,Lab Coordinator,E00017,2023-11-23,Leave,
E02804,P002804,Jeffrey,Ramirez,Jeffrey Ramirez,jeffrey.ramirez@samplehealth.org,Laboratory,West Hospital,Lab Technician,E00014,2018-10-09,Terminated,2023-04-20
E02805,P002805,Shane,Smith,Shane Smith,shane.smith@samplehealth.org,Revenue Cycle,West Hospital,Revenue Cycle Analyst,E00033,2014-12-08,Active,
E02806,P002806,Matthew,Beard,Matthew Beard,matthew.beard@samplehealth.org,Pharmacy,West Hospital,Pharmacist,E00061,2025-05-13,Terminated,2025-06-01
E02807,P002807,Veronica,Perez,Veronica Perez,veronica.perez@samplehealth.org,,Outpatient Center A,Emergency Department Technician,E00186,2023-05-10,Active,
E02808,P002808,Rodney,Jones,Rodney Jones,rodney.jones@samplehealth.org,Laboratory,South Hospital,Laboratory Specialist,E00185,2015-11-17,Active,
E02809,P002809,James,Murphy,James Murphy,james.murphy@samplehealth.org,Human Resources,Outpatient Center A,HR Specialist,E00046,2012-09-10,Active,
E02810,P002810,Connie,Davis,Connie Davis,connie.davis@samplehealth.org,Patient Access,Children's Hospital,Patient Access Representative,E00074,2019-10-16,Active,
E02811,P002811,Ryan,Johnson,Ryan Johnson,ryan.johnson@samplehealth.org,Patient Access,West Hospital,Patient Access Specialist,E00070,2025-03-09,Active,
E02812,P002812,Connie,Cook,Connie Cook,connie.cook@samplehealth.org,Laboratory,Cancer Center,Lab Technician,E00102,2015-11-19,Active,
E02813,P002813,John,Wells,John Wells,john.wells@samplehealth.org,Radiology,Outpatient Center B,Radiology Technician,E00113,2017-06-03,Active,
E02814,P002814,Marissa,Underwood,Marissa Underwood,marissa.underwood@samplehealth.org,Radiology,Outpatient Center A,Radiology Coordinator,E00195,2020-06-19,Active,
E02815,P002815,Laura,Harding,Laura Harding,laura.harding@samplehealth.org,Information Technology,Central Medical Center,Application Analyst,E00196,2024-10-27,Active,
E02816,P002816,Carol,Gonzales,Carol Gonzales,carol.gonzales@samplehealth.org,Radiology,North Hospital,Imaging Specialist,E00195,2013-04-02,Active,
E02817,P002817,Colleen,Riley,Colleen Riley,colleen.riley@samplehealth.org,Finance,South Hospital,Revenue Analyst,E00142,2013-01-29,Active,
E02818,P002818,Terri,Rangel,Terri Rangel,terri.rangel@samplehealth.org,Clinical Operations,Children's Hospital,Operations Coordinator,E00098,2018-01-17,Active,
E02819,P002819,Lawrence,Abbott,Lawrence Abbott,lawrence.abbott@samplehealth.org,Laboratory,Outpatient Center B,Laboratory Specialist,E00073,2012-09-24,Active,
E02820,P002820,Kimberly,Brown,Kimberly Brown,kimberly.brown@samplehealth.org,Radiology,Outpatient Center B,Radiology Coordinator,E00019,2025-04-10,Active,
E02821,P002821,Scott,Turner,Scott Turner,scott.turner@samplehealth.org,Facilities,Outpatient Center B,Facilities Technician,E00051,2022-04-11,Leave,
E02822,P002822,Ryan,Garcia,Ryan Garcia,ryan.garcia@samplehealth.org,Information Technology,Central Medical Center,Business Analyst,E00004,2012-07-28,Active,
E02823,P002823,Anita,Phillips,Anita Phillips,anita.phillips@samplehealth.org,Emergency Services,Cancer Center,Registered Nurse,E00126,2018-02-11,Active,
E02824,P002824,Richard,Williamson,Richard Williamson,richard.williamson@samplehealth.org,Radiology,Outpatient Center A,Imaging Specialist,E00249,2018-08-14,Active,
E02825,P002825,Jesse,Greene,Jesse Greene,jesse.greene@samplehealth.org,Clinical Operations,Outpatient Center A,Clinical Analyst,E00126,2022-11-06,Active,
E02826,P002826,Claire,Chavez,Claire Chavez,claire.chavez@samplehealth.org,Finance,North Hospital,Revenue Analyst,E00105,2019-07-10,Active,
E02827,P002827,Laura,Hobbs,Laura Hobbs,laura.hobbs@samplehealth.org,Nursing,Outpatient Center A,Registered Nurse,E00239,2022-02-27,Active,
E02828,P002828,Craig,Curtis,Craig Curtis,craig.curtis@samplehealth.org,Patient Access,West Hospital,Patient Access Representative,E00196,2023-02-14,Active,
E02829,P002829,Krista,Gibson,Krista Gibson,krista.gibson@samplehealth.org,Radiology,Cancer Center,Imaging Specialist,E00131,2017-03-17,Active,
E02830,P002830,Briana,Rodriguez,Briana Rodriguez,briana.rodriguez@samplehealth.org,Clinical Operations,Cancer Center,Clinical Analyst,E00179,2011-11-01,Active,
E02831,P002831,Brooke,Jones,Brooke Jones,brooke.jones@samplehealth.org,Nursing,Outpatient Center A,Clinical Coordinator,E00238,2025-01-20,Active,
E02832,P002832,Mary,Strong,Mary Strong,mary.strong@samplehealth.org,Radiology,West Hospital,Radiology Coordinator,E00063,2013-10-07,Active,
E02833,P002833,Dana,Scott,Dana Scott,dana.scott@samplehealth.org,Laboratory,Cancer Center,Lab Technician,E00162,2018-10-15,Active,
E02834,P002834,Timothy,Oliver,Timothy Oliver,timothy.oliver@samplehealth.org,Clinical Operations,Central Medical Center,Operations Manager,E00179,2014-10-15,Active,
E02835,P002835,John,Robles,John Robles,john.robles@samplehealth.org,Revenue Cycle,South Hospital,Claims Analyst,E00067,2012-08-26,Active,
E02836,P002836,David,Silva,David Silva,david.silva@samplehealth.org,Patient Access,South Hospital,Patient Access Specialist,E00066,2020-05-09,Active,
E02837,P002837,Susan,Webster,Susan Webster,susan.webster@samplehealth.org,Human Resources,South Hospital,Learning Specialist,E00004,2016-12-01,Terminated,2026-02-14
E02838,P002838,Kimberly,Hernandez,Kimberly Hernandez,kimberly.hernandez@samplehealth.org,Pharmacy,Outpatient Center A,Pharmacist,E00102,2016-11-16,Active,
E02839,P002839,Carrie,Carter,Carrie Carter,carrie.carter@samplehealth.org,Clinical Operations,North Hospital,Operations Manager,E00133,2011-10-06,Active,
E02840,P002840,Zachary,Sandoval,Zachary Sandoval,zachary.sandoval@samplehealth.org,Human Resources,South Hospital,HR Business Partner,E00213,2014-01-31,Active,
E02841,P002841,Brian,Hunter,Brian Hunter,brian.hunter@samplehealth.org,Radiology,Children's Hospital,Imaging Specialist,E00129,2025-10-31,Active,
E02842,P002842,Anita,Brown,Anita Brown,anita.brown@samplehealth.org,Emergency Services,Outpatient Center A,Registered Nurse,E00151,2017-06-22,Active,
E02843,P002843,James,Gonzalez,James Gonzalez,james.gonzalez@samplehealth.org,Finance,Outpatient Center A,Revenue Analyst,E00193,2015-01-18,Active,
E02844,P002844,Kristen,Peterson,Kristen Peterson,kristen.peterson@samplehealth.org,Clinical Operations,North Hospital,Operations Coordinator,E00163,2022-12-26,Terminated,2025-01-03
E02845,P002845,Heather,Holden,Heather Holden,heather.holden@samplehealth.org,Patient Access,South Hospital,Patient Access Specialist,E00069,2021-10-29,Active,
E02846,P002846,Heather,Christian,Heather Christian,heather.christian@samplehealth.org,Clinical Operations,Outpatient Center A,Operations Coordinator,E00179,2021-04-03,Active,
E02847,P002847,Sylvia,Jensen,Sylvia Jensen,sylvia.jensen@samplehealth.org,Finance,South Hospital,Financial Analyst,E00209,2018-09-30,Active,
E02848,P002848,Mark,Garcia,Mark Garcia,mark.garcia@samplehealth.org,Laboratory,North Hospital,Lab Technician,E00018,2026-07-12,Active,
E02849,P002849,Kristina,Williams,Kristina Williams,kristina.williams@samplehealth.org,Clinical Operations,Outpatient Center A,Clinical Analyst,E00168,2015-05-11,Active,
E02850,P002850,Samantha,Fowler,Samantha Fowler,samantha.fowler@samplehealth.org,Finance,Outpatient Center A,Revenue Analyst,E00044,2023-06-02,Active,
E02851,P002851,Jerry,Hanson,Jerry Hanson,jerry.hanson@samplehealth.org,Information Technology,South Hospital,Systems Analyst,E00181,2015-09-10,Active,
E02852,P002852,Timothy,Tate,Timothy Tate,timothy.tate@samplehealth.org,Information Technology,Outpatient Center B,Business Analyst,E00047,2025-06-26,Active,
E02853,P002853,Martin,Singh,Martin Singh,martin.singh@samplehealth.org,Emergency Services,Outpatient Center B,Emergency Department Technician,E00146,2015-02-12,Active,
E02854,P002854,Richard,Mckenzie,Richard Mckenzie,richard.mckenzie@samplehealth.org,Human Resources,West Hospital,HR Specialist,E00016,2011-09-27,Active,
E02855,P002855,Michael,Jones,Michael Jones,michael.jones@samplehealth.org,Clinical Operations,West Hospital,Operations Coordinator,E00067,2012-02-19,Active,
E02856,P002856,Angela,Thomas,Angela Thomas,angela.thomas@samplehealth.org,Radiology,North Hospital,Imaging Specialist,E00223,2019-02-12,Active,
E02857,P002857,James,Willis,James Willis,james.willis@samplehealth.org,Revenue Cycle,North Hospital,Revenue Cycle Analyst,E00076,2024-08-24,Active,
E02858,P002858,Michael,Hester,Michael Hester,michael.hester@samplehealth.org,Pharmacy,North Hospital,Pharmacy Technician,E00071,2015-01-05,Active,
E02859,P002859,James,Thompson,James Thompson,james.thompson@samplehealth.org,,Central Medical Center,Pharmacy Technician,E00150,2016-01-31,Active,
E02860,P002860,Jennifer,Morgan,Jennifer Morgan,jennifer.morgan@samplehealth.org,Human Resources,Outpatient Center B,HR Business Partner,E00173,2021-01-21,Active,
E02861,P002861,John,Gonzalez,John Gonzalez,john.gonzalez@samplehealth.org,Pharmacy,Central Medical Center,Pharmacist,E00069,2014-08-15,Active,
E02862,P002862,Megan,Lozano,Megan Lozano,megan.lozano@samplehealth.org,Nursing,Central Medical Center,Clinical Coordinator,E00025,2011-12-25,Active,
E02863,P002863,Marie,Taylor,Marie Taylor,marie.taylor@samplehealth.org,Human Resources,Central Medical Center,Learning Specialist,E00097,2022-10-07,Terminated,2026-02-11
E02864,P002864,Nicole,Morgan,Nicole Morgan,nicole.morgan@samplehealth.org,Patient Access,Children's Hospital,Registration Coordinator,E00239,2015-03-15,Active,
E02865,P002865,Kevin,Allen,Kevin Allen,kevin.allen@samplehealth.org,Laboratory,Cancer Center,Laboratory Specialist,E00155,2025-05-24,Active,
E02866,P002866,Nathan,Jackson,Nathan Jackson,nathan.jackson@samplehealth.org,Radiology,Cancer Center,Imaging Specialist,E00175,2020-08-03,Active,
E02867,P002867,Tiffany,Cuevas,Tiffany Cuevas,tiffany.cuevas@samplehealth.org,Facilities,West Hospital,Maintenance Coordinator,E00241,2019-01-02,Active,
E02868,P002868,Natalie,Jones,Natalie Jones,natalie.jones@samplehealth.org,Facilities,Outpatient Center A,Facilities Manager,E00097,2014-01-30,Active,
E02869,P002869,Nicole,Anderson,Nicole Anderson,nicole.anderson@samplehealth.org,Patient Access,Cancer Center,Patient Access Representative,E00224,2014-11-07,Active,
E02870,P002870,James,Gray,James Gray,james.gray@samplehealth.org,Facilities,Central Medical Center,Facilities Technician,E00117,2017-12-28,Active,
E02871,P002871,Louis,Jordan,Louis Jordan,louis.jordan@samplehealth.org,Clinical Operations,South Hospital,Clinical Analyst,E00007,2022-06-12,Active,
E02872,P002872,John,Williams,John Williams,john.williams@samplehealth.org,Patient Access,Children's Hospital,Patient Access Representative,E00244,2022-02-07,Leave,
E02873,P002873,Brenda,Dickerson,Brenda Dickerson,brenda.dickerson@samplehealth.org,Clinical Operations,Cancer Center,Operations Coordinator,E00116,2016-08-17,Active,
E02874,P002874,Kristine,Murphy,Kristine Murphy,kristine.murphy@samplehealth.org,Patient Access,Outpatient Center B,Registration Coordinator,E00132,2012-07-12,Active,
E02875,P002875,Crystal,Ramirez,Crystal Ramirez,crystal.ramirez@samplehealth.org,Radiology,West Hospital,Radiology Coordinator,E00001,2013-10-10,Active,
E02876,P002876,Melissa,Schmitt,Melissa Schmitt,melissa.schmitt@samplehealth.org,Revenue Cycle,Central Medical Center,Billing Specialist,E00163,2019-12-11,Active,
E02877,P002877,Jason,Miller,Jason Miller,jason.miller@samplehealth.org,Facilities,Cancer Center,Facilities Technician,E00174,2019-08-19,Active,
E02878,P002878,Krystal,Mendez,Krystal Mendez,krystal.mendez@samplehealth.org,,Outpatient Center B,Lab Technician,E00103,2014-06-22,Active,
E02879,P002879,William,Potter,William Potter,william.potter@samplehealth.org,Clinical Operations,North Hospital,Operations Manager,E00090,2022-08-07,Active,
E02880,P002880,Karen,Brooks,Karen Brooks,karen.brooks@samplehealth.org,Radiology,North Hospital,Imaging Specialist,E00188,2020-06-14,Active,
E02881,P002881,Steven,Morris,Steven Morris,steven.morris@samplehealth.org,Radiology,West Hospital,Imaging Specialist,E00183,2017-12-26,Active,
E02882,P002882,Alicia,Webb,Alicia Webb,alicia.webb@samplehealth.org,Information Technology,South Hospital,Data Analyst,E00128,2020-01-16,Active,
E02883,P002883,Thomas,Perkins,Thomas Perkins,thomas.perkins@samplehealth.org,Pharmacy,Outpatient Center B,Pharmacy Technician,E00044,2022-06-25,Active,
E02884,P002884,Samantha,Silva,Samantha Silva,samantha.silva@samplehealth.org,Laboratory,Outpatient Center B,Lab Technician,E00170,2012-03-31,Active,
E02885,P002885,Jamie,Jacobson,Jamie Jacobson,jamie.jacobson@samplehealth.org,Emergency Services,West Hospital,Emergency Department Technician,E00055,2019-04-26,Active,
E02886,P002886,Michelle,Foster,Michelle Foster,michelle.foster@samplehealth.org,Information Technology,North Hospital,Data Analyst,E00112,2016-10-30,Leave,
E02887,P002887,Ronald,Bennett,Ronald Bennett,ronald.bennett@samplehealth.org,Clinical Operations,South Hospital,Operations Coordinator,E00238,2014-04-19,Active,
E02888,P002888,Selena,Brooks,Selena Brooks,selena.brooks@samplehealth.org,Facilities,Children's Hospital,Maintenance Coordinator,E00057,2020-12-28,Active,
E02889,P002889,Christopher,Walton,Christopher Walton,christopher.walton@samplehealth.org,Clinical Operations,Outpatient Center B,Clinical Analyst,E00244,2016-08-23,Active,
E02890,P002890,Sean,Bell,Sean Bell,sean.bell@samplehealth.org,Revenue Cycle,South Hospital,Revenue Cycle Analyst,E00237,2021-07-23,Active,
E02891,P002891,Blake,Hunt,Blake Hunt,blake.hunt@samplehealth.org,Emergency Services,Outpatient Center B,Registered Nurse,E00024,2017-05-07,Active,
E02892,P002892,Ronald,Mcdonald,Ronald Mcdonald,ronald.mcdonald@samplehealth.org,Clinical Operations,West Hospital,Clinical Analyst,E00239,2018-08-01,Active,
E02893,P002893,Michael,Jimenez,Michael Jimenez,michael.jimenez@samplehealth.org,Patient Access,North Hospital,Registration Coordinator,E00165,2016-04-08,Active,
E02894,P002894,Patrick,White,Patrick White,patrick.white@samplehealth.org,Facilities,Outpatient Center A,Maintenance Coordinator,E00168,2015-08-08,Active,
E02895,P002895,Joseph,Jones,Joseph Jones,joseph.jones@samplehealth.org,Revenue Cycle,Outpatient Center A,Claims Analyst,E00207,2013-01-10,Active,
E02896,P002896,Kelly,Shaw,Kelly Shaw,kelly.shaw@samplehealth.org,Human Resources,Children's Hospital,HR Specialist,E00030,2020-12-03,Active,
E02897,P002897,Dawn,Hartman,Dawn Hartman,dawn.hartman@samplehealth.org,Finance,North Hospital,Financial Analyst,E00023,2015-07-02,Active,
E02898,P002898,Corey,Jones,Corey Jones,corey.jones@samplehealth.org,Facilities,West Hospital,Facilities Manager,E00191,2012-04-10,Active,
E02899,P002899,Amy,Cook,Amy Cook,amy.cook@samplehealth.org,Pharmacy,Cancer Center,Pharmacy Manager,E00033,2023-02-09,Active,
E02900,P002900,Mark,Turner,Mark Turner,mark.turner@samplehealth.org,Facilities,Central Medical Center,Maintenance Coordinator,E00080,2025-07-01,Active,
E02901,P002901,Kayla,Bruce,Kayla Bruce,kayla.bruce@samplehealth.org,Nursing,West Hospital,Clinical Coordinator,E00217,2014-11-13,Active,
E02902,P002902,Janice,Bolton,Janice Bolton,janice.bolton@samplehealth.org,Radiology,Cancer Center,Imaging Specialist,E00198,2026-03-03,Active,
E02903,P002903,Karen,Singh,Karen Singh,karen.singh@samplehealth.org,Facilities,South Hospital,Facilities Manager,E00134,2016-01-25,Active,
E02904,P002904,Alan,Evans,Alan Evans,alan.evans@samplehealth.org,Revenue Cycle,West Hospital,Claims Analyst,E00028,2025-08-12,Active,
E02905,P002905,Michael,Shea,Michael Shea,michael.shea@samplehealth.org,Radiology,Outpatient Center B,Radiology Technician,E00081,2018-07-12,Active,
E02906,P002906,Lydia,Todd,Lydia Todd,lydia.todd@samplehealth.org,Information Technology,West Hospital,Systems Analyst,E00128,2011-10-29,Active,
E02907,P002907,Thomas,Hunt,Thomas Hunt,thomas.hunt@samplehealth.org,Revenue Cycle,South Hospital,Billing Specialist,E00154,2024-07-28,Terminated,2026-08-06
E02908,P002908,Edward,Sanders,Edward Sanders,edward.sanders@samplehealth.org,Finance,Central Medical Center,Financial Analyst,E00154,2015-06-27,Active,
E02909,P002909,Jennifer,Clark,Jennifer Clark,jennifer.clark@samplehealth.org,Facilities,North Hospital,Maintenance Coordinator,E00071,2015-08-08,Active,
E02910,P002910,Zachary,Hartman,Zachary Hartman,zachary.hartman@samplehealth.org,Clinical Operations,Outpatient Center B,Operations Manager,E00162,2024-07-06,Active,
E02911,P002911,Taylor,Olsen,Taylor Olsen,taylor.olsen@samplehealth.org,Human Resources,Children's Hospital,HR Business Partner,E00181,2017-06-02,Active,
E02912,P002912,Latoya,Edwards,Latoya Edwards,latoya.edwards@samplehealth.org,Radiology,Cancer Center,Radiology Technician,E00040,2014-10-27,Active,
E02913,P002913,Roy,Mcmahon,Roy Mcmahon,roy.mcmahon@samplehealth.org,Clinical Operations,West Hospital,Operations Coordinator,E00180,2018-09-24,Active,
E02914,P002914,Jason,Cole,Jason Cole,jason.cole@samplehealth.org,Clinical Operations,South Hospital,Operations Coordinator,E00220,2021-02-15,Terminated,2021-05-19
E02915,P002915,Nicholas,Ray,Nicholas Ray,nicholas.ray@samplehealth.org,Laboratory,Outpatient Center A,Lab Coordinator,E00077,2013-10-22,Active,
E02916,P002916,Kevin,Rojas,Kevin Rojas,kevin.rojas@samplehealth.org,Revenue Cycle,Central Medical Center,Revenue Cycle Analyst,E00141,2020-02-16,Active,
E02917,P002917,Lisa,Flowers,Lisa Flowers,lisa.flowers@samplehealth.org,Radiology,Outpatient Center A,Imaging Specialist,E00174,2017-05-28,Active,
E02918,P002918,Jeremiah,Simmons,Jeremiah Simmons,jeremiah.simmons@samplehealth.org,Laboratory,Outpatient Center A,Laboratory Specialist,E00101,2024-06-05,Active,
E02919,P002919,Richard,Osborne,Richard Osborne,richard.osborne@samplehealth.org,Pharmacy,Children's Hospital,Pharmacy Manager,E00073,2020-10-08,Active,
E02920,P002920,Kevin,Matthews,Kevin Matthews,kevin.matthews@samplehealth.org,Clinical Operations,Outpatient Center A,Operations Coordinator,E00025,2021-04-12,Active,
E02921,P002921,Kristen,Weeks,Kristen Weeks,kristen.weeks@samplehealth.org,Information Technology,Central Medical Center,Systems Analyst,E00218,2014-03-29,Active,
E02922,P002922,Tiffany,Gamble,Tiffany Gamble,tiffany.gamble@samplehealth.org,Clinical Operations,Outpatient Center B,Clinical Analyst,E00168,2021-04-16,Active,
E02923,P002923,Crystal,Morrison,Crystal Morrison,crystal.morrison@samplehealth.org,Information Technology,Outpatient Center B,Business Analyst,E00179,2021-12-18,Active,
E02924,P002924,Audrey,Myers,Audrey Myers,audrey.myers@samplehealth.org,Laboratory,South Hospital,Laboratory Specialist,E00054,2018-02-10,Active,
E02925,P002925,James,Myers,James Myers,james.myers@samplehealth.org,Human Resources,West Hospital,Learning Specialist,E00189,2020-09-19,Active,
E02926,P002926,Paul,Wells,Paul Wells,paul.wells@samplehealth.org,,Cancer Center,Revenue Cycle Analyst,E00186,2017-03-21,Active,
E02927,P002927,Ashley,Hayes,Ashley Hayes,ashley.hayes@samplehealth.org,Patient Access,South Hospital,Patient Access Representative,E00097,2016-10-22,Active,
E02928,P002928,Christopher,Garcia,Christopher Garcia,christopher.garcia@samplehealth.org,Radiology,South Hospital,Radiology Coordinator,E00238,2021-01-11,Terminated,2022-07-16
E02929,P002929,Antonio,Barker,Antonio Barker,antonio.barker@samplehealth.org,Nursing,Cancer Center,Registered Nurse,E00250,2019-12-09,Active,
E02930,P002930,Anthony,Gonzalez,Anthony Gonzalez,anthony.gonzalez@samplehealth.org,Laboratory,Central Medical Center,Lab Technician,E00031,2018-03-10,Active,
E02931,P002931,Justin,Hall,Justin Hall,justin.hall@samplehealth.org,Emergency Services,Cancer Center,Registered Nurse,E00152,2022-11-05,Active,
E02932,P002932,Alice,Gibson,Alice Gibson,alice.gibson@samplehealth.org,Radiology,Outpatient Center A,Radiology Technician,E00063,2017-11-23,Active,
E02933,P002933,April,Jackson,April Jackson,april.jackson@samplehealth.org,Nursing,West Hospital,Registered Nurse,E00102,2026-04-02,Active,
E02934,P002934,Renee,Myers,Renee Myers,renee.myers@samplehealth.org,Laboratory,South Hospital,Laboratory Specialist,E00168,2013-07-05,Active,
E02935,P002935,David,Barnes,David Barnes,david.barnes@samplehealth.org,Clinical Operations,North Hospital,Clinical Analyst,E00200,2024-04-07,Active,
E02936,P002936,Casey,Friedman,Casey Friedman,casey.friedman@samplehealth.org,Laboratory,Outpatient Center A,Lab Coordinator,E00071,2026-05-09,Active,
E02937,P002937,Jamie,Harrell,Jamie Harrell,jamie.harrell@samplehealth.org,Revenue Cycle,Outpatient Center B,Claims Analyst,E00095,2016-11-22,Active,
E02938,P002938,Ryan,Mckinney,Ryan Mckinney,ryan.mckinney@samplehealth.org,Nursing,North Hospital,Registered Nurse,E00022,2019-09-14,Active,
E02939,P002939,Erik,Andrews,Erik Andrews,erik.andrews@samplehealth.org,Pharmacy,West Hospital,Pharmacy Technician,E00006,2016-11-26,Terminated,2020-05-10
E02940,P002940,Wayne,Cohen,Wayne Cohen,wayne.cohen@samplehealth.org,Patient Access,Outpatient Center B,Registration Coordinator,E00071,2016-04-23,Active,
E02941,P002941,James,Ritter,James Ritter,james.ritter@samplehealth.org,Clinical Operations,North Hospital,Operations Manager,E00204,2019-03-17,Active,
E02942,P002942,Caleb,Ross,Caleb Ross,caleb.ross@samplehealth.org,Patient Access,Outpatient Center A,Patient Access Representative,E00124,2025-05-13,Active,
E02943,P002943,John,Murphy,John Murphy,john.murphy@samplehealth.org,Revenue Cycle,Outpatient Center A,Claims Analyst,E00077,2021-04-23,Active,
E02944,P002944,Natasha,Stevens,Natasha Stevens,natasha.stevens@samplehealth.org,Patient Access,North Hospital,Patient Access Representative,E00084,2021-06-04,Active,
E02945,P002945,Benjamin,Davis,Benjamin Davis,benjamin.davis@samplehealth.org,Pharmacy,South Hospital,Pharmacy Manager,E00104,2022-08-14,Active,
E02946,P002946,Nicole,Bryant,Nicole Bryant,nicole.bryant@samplehealth.org,Clinical Operations,Outpatient Center A,Operations Coordinator,E00143,2023-07-16,Active,
E02947,P002947,Megan,Sparks,Megan Sparks,megan.sparks@samplehealth.org,Emergency Services,Outpatient Center B,Registered Nurse,E00017,2018-04-12,Active,
E02948,P002948,Chloe,Patrick,Chloe Patrick,chloe.patrick@samplehealth.org,Emergency Services,North Hospital,Registered Nurse,E00193,2014-08-09,Active,
E02949,P002949,Robert,White,Robert White,robert.white@samplehealth.org,Human Resources,North Hospital,Learning Specialist,E00047,2022-02-18,Active,
E02950,P002950,Jessica,Ellis,Jessica Ellis,jessica.ellis@samplehealth.org,Patient Access,South Hospital,Registration Coordinator,E00002,2022-11-02,Leave,
E02951,P002951,Isaac,Carroll,Isaac Carroll,isaac.carroll@samplehealth.org,Emergency Services,Cancer Center,Emergency Services Coordinator,E00032,2018-04-27,Active,
E02952,P002952,Holly,Williams,Holly Williams,holly.williams@samplehealth.org,Nursing,West Hospital,Registered Nurse,E00168,2026-06-08,Active,
E02953,P002953,Eric,Khan,Eric Khan,eric.khan@samplehealth.org,Information Technology,Children's Hospital,Data Analyst,E00218,2020-10-09,Active,
E02954,P002954,Kelly,Hendricks,Kelly Hendricks,kelly.hendricks@samplehealth.org,Nursing,North Hospital,Registered Nurse,E00130,2023-07-02,Active,
E02955,P002955,Jessica,Barrera,Jessica Barrera,jessica.barrera@samplehealth.org,Finance,South Hospital,Accountant,E00109,2020-01-08,Leave,
E02956,P002956,Robert,Gill,Robert Gill,robert.gill@samplehealth.org,Revenue Cycle,West Hospital,Revenue Cycle Analyst,E00077,2013-09-08,Active,
E02957,P002957,Wanda,Jones,Wanda Jones,wanda.jones@samplehealth.org,Nursing,Children's Hospital,Clinical Coordinator,E00169,2013-05-31,Active,
E02958,P002958,William,Chan,William Chan,william.chan@samplehealth.org,Emergency Services,South Hospital,Emergency Services Coordinator,E00148,2018-08-08,Active,
E02959,P002959,Shannon,King,Shannon King,shannon.king@samplehealth.org,Laboratory,Cancer Center,Lab Coordinator,E00134,2020-03-26,Active,
E02960,P002960,Bradley,Johnson,Bradley Johnson,bradley.johnson@samplehealth.org,Facilities,West Hospital,Facilities Manager,E00177,2022-06-29,Active,
E02961,P002961,Heather,Brady,Heather Brady,heather.brady@samplehealth.org,Pharmacy,Central Medical Center,Pharmacy Manager,E00061,2018-02-09,Active,
E02962,P002962,Matthew,Ross,Matthew Ross,matthew.ross@samplehealth.org,Nursing,South Hospital,Registered Nurse,E00077,2014-12-06,Active,
E02963,P002963,Randy,Smith,Randy Smith,randy.smith@samplehealth.org,Human Resources,West Hospital,HR Specialist,E00152,2013-07-29,Active,
E02964,P002964,Jenna,Taylor,Jenna Taylor,jenna.taylor@samplehealth.org,Facilities,South Hospital,Maintenance Coordinator,E00187,2023-01-11,Terminated,2026-03-19
E02965,P002965,Steven,Murray,Steven Murray,steven.murray@samplehealth.org,Patient Access,North Hospital,Patient Access Specialist,E00141,2013-01-10,Active,
E02966,P002966,Amy,Allen,Amy Allen,amy.allen@samplehealth.org,Finance,Outpatient Center A,Accountant,E00167,2019-01-26,Active,
E02967,P002967,Donald,Hoover,Donald Hoover,donald.hoover@samplehealth.org,Information Technology,Outpatient Center B,Application Analyst,E00022,2025-12-10,Active,
E02968,P002968,Evan,Roberson,Evan Roberson,evan.roberson@samplehealth.org,Finance,Outpatient Center A,Revenue Analyst,E00241,2021-12-13,Active,
E02969,P002969,Craig,Phillips,Craig Phillips,craig.phillips@samplehealth.org,Clinical Operations,West Hospital,Operations Coordinator,E00019,2020-09-20,Leave,
E02970,P002970,Judith,Jackson,Judith Jackson,judith.jackson@samplehealth.org,Revenue Cycle,Children's Hospital,Claims Analyst,E00163,2023-01-17,Active,
E02971,P002971,Kathryn,Byrd,Kathryn Byrd,kathryn.byrd@samplehealth.org,Clinical Operations,West Hospital,Operations Manager,E00183,2014-03-27,Active,
E02972,P002972,Scott,Thompson,Scott Thompson,scott.thompson@samplehealth.org,Facilities,South Hospital,Facilities Manager,E00108,2023-10-12,Active,
E02973,P002973,Austin,Leonard,Austin Leonard,austin.leonard@samplehealth.org,Information Technology,Outpatient Center A,Systems Analyst,E00098,2015-04-21,Active,
E02974,P002974,Scott,Williams,Scott Williams,scott.williams@samplehealth.org,Nursing,West Hospital,Clinical Coordinator,E00020,2022-06-04,Active,
E02975,P002975,Lisa,Davidson,Lisa Davidson,lisa.davidson@samplehealth.org,Finance,North Hospital,Financial Analyst,E00176,2023-10-24,Active,
E02976,P002976,Donna,Garcia,Donna Garcia,donna.garcia@samplehealth.org,Emergency Services,North Hospital,Emergency Services Coordinator,E00085,2023-05-15,Active,
E02977,P002977,Kyle,Williams,Kyle Williams,kyle.williams@samplehealth.org,Revenue Cycle,Cancer Center,Revenue Cycle Analyst,E00233,2011-09-14,Active,
E02978,P002978,Brandon,Bennett,Brandon Bennett,brandon.bennett@samplehealth.org,Facilities,South Hospital,Maintenance Coordinator,E00223,2015-01-21,Active,
E02979,P002979,Sarah,Brooks,Sarah Brooks,sarah.brooks@samplehealth.org,Human Resources,Central Medical Center,HR Business Partner,E00026,2015-09-07,Active,
E02980,P002980,James,Smith,James Smith,james.smith@samplehealth.org,Radiology,Outpatient Center A,Radiology Technician,E00244,2012-02-06,Terminated,2012-05-06
E02981,P002981,Matthew,Lee,Matthew Lee,matthew.lee@samplehealth.org,Pharmacy,South Hospital,Pharmacist,E00135,2023-01-02,Active,
E02982,P002982,Bryan,Benjamin,Bryan Benjamin,bryan.benjamin@samplehealth.org,Clinical Operations,Outpatient Center B,Clinical Analyst,E00025,2013-04-08,Active,
E02983,P002983,Laura,Rivas,Laura Rivas,laura.rivas@samplehealth.org,Emergency Services,Children's Hospital,Emergency Services Coordinator,E00142,2014-06-25,Active,
E02984,P002984,Jennifer,Williams,Jennifer Williams,jennifer.williams@samplehealth.org,Finance,North Hospital,Revenue Analyst,E00230,2020-05-05,Active,
E02985,P002985,Daniel,Murphy,Daniel Murphy,daniel.murphy@samplehealth.org,Nursing,Cancer Center,Registered Nurse,E00243,2021-03-09,Active,
E02986,P002986,Courtney,Weber,Courtney Weber,courtney.weber@samplehealth.org,Radiology,Cancer Center,Radiology Technician,E00207,2020-11-03,Terminated,2024-03-14
E02987,P002987,Sheila,Martinez,Sheila Martinez,sheila.martinez@samplehealth.org,Clinical Operations,Outpatient Center A,Operations Manager,E00123,2015-04-06,Active,
E02988,P002988,Daniel,Morris,Daniel Morris,daniel.morris@samplehealth.org,Patient Access,Children's Hospital,Patient Access Representative,E00003,2011-11-18,Active,
E02989,P002989,Richard,Stewart,Richard Stewart,richard.stewart@samplehealth.org,Revenue Cycle,South Hospital,Claims Analyst,E00169,2018-03-31,Active,
E02990,P002990,Jason,Robinson,Jason Robinson,jason.robinson@samplehealth.org,Information Technology,Outpatient Center A,Business Analyst,E00146,2022-10-26,Active,
E02991,P002991,Lisa,Santos,Lisa Santos,lisa.santos@samplehealth.org,Clinical Operations,Central Medical Center,Clinical Analyst,E00236,2017-11-25,Active,
E02992,P002992,Bradley,Mcclure,Bradley Mcclure,bradley.mcclure@samplehealth.org,Clinical Operations,Cancer Center,Operations Manager,E00182,2018-08-14,Active,
E02993,P002993,Kevin,George,Kevin George,kevin.george@samplehealth.org,Human Resources,Outpatient Center A,Learning Specialist,E00181,2013-05-10,Active,
E02994,P002994,Jennifer,Moody,Jennifer Moody,jennifer.moody@samplehealth.org,,Outpatient Center B,Lab Technician,E00091,2026-02-03,Active,
E02995,P002995,Ashley,King,Ashley King,ashley.king@samplehealth.org,Laboratory,Children's Hospital,Lab Coordinator,E00071,2013-03-27,Active,
E02996,P002996,Carol,Jarvis,Carol Jarvis,carol.jarvis@samplehealth.org,Radiology,West Hospital,Radiology Coordinator,E00079,2023-06-21,Active,
E02997,P002997,Paul,Middleton,Paul Middleton,paul.middleton@samplehealth.org,Revenue Cycle,Children's Hospital,Revenue Cycle Analyst,E00105,2024-09-30,Active,
E02998,P002998,Heather,Rivera,Heather Rivera,heather.rivera@samplehealth.org,Facilities,North Hospital,Facilities Technician,E00020,2022-06-07,Active,
E02999,P002999,Kathleen,Watts,Kathleen Watts,kathleen.watts@samplehealth.org,Clinical Operations,North Hospital,Operations Coordinator,E00043,2026-02-10,Active,
E03000,P003000,Elizabeth,Jones,Elizabeth Jones,elizabeth.jones@samplehealth.org,Patient Access,North Hospital,Patient Access Representative,E00191,2011-12-04,Active,
E01274,P001274,Kim,Johnston,Kim Johnston,kim.johnston@samplehealth.org,Patient Access,Children's Hospital,Registration Coordinator,E00228,2014-04-27,Active,
E01381,P001381,William,Cameron,William Cameron,william.cameron@samplehealth.org,Laboratory,Cancer Center,Laboratory Specialist,E00158,2020-12-10,Active,
E00357,P000357,John,Campos,John Campos,john.campos@samplehealth.org,Radiology,Children's Hospital,Radiology Coordinator,E00117,2024-09-05,Active,
E01921,P001921,Jesse,Roberts,Jesse Roberts,jesse.roberts@samplehealth.org,Information Technology,West Hospital,Systems Analyst,E00125,2014-12-01,Active,
E00562,P000562,James,Kelly,James Kelly,james.kelly@samplehealth.org,Clinical Operations,Cancer Center,Clinical Analyst,E00237,2024-11-27,Active,
E00106,P000106,Destiny,Smith,Destiny Smith,destiny.smith@samplehealth.org,Patient Access,Outpatient Center A,Patient Access Representative,,2025-07-11,Active,
E01000,P001000,Karen,Lawrence,Karen Lawrence,karen.lawrence@samplehealth.org,Pharmacy,Cancer Center,Pharmacy Manager,E00031,2018-02-27,Active,
E02564,P002564,Nicole,Alvarez,Nicole Alvarez,nicole.alvarez@samplehealth.org,Emergency Services,Central Medical Center,Emergency Services Coordinator,E00001,2021-03-15,Active,
E00585,P000585,Debra,Wright,Debra Wright,debra.wright@samplehealth.org,Pharmacy,North Hospital,Pharmacist,E00116,2013-07-21,Active,
E00032,P000032,Julie,Ryan,Julie Ryan,julie.ryan@samplehealth.org,Human Resources,Cancer Center,HR Specialist,,2024-05-01,Active,
E00611,P000611,Jeremiah,Meza,Jeremiah Meza,jeremiah.meza@samplehealth.org,Human Resources,Outpatient Center A,Learning Specialist,E00159,2020-06-14,Active,
E01857,P001857,Kathy,Smith,Kathy Smith,kathy.smith@samplehealth.org,Patient Access,North Hospital,Patient Access Representative,E00104,2016-03-19,Active,
E02741,P002741,Anthony,Brown,Anthony Brown,anthony.brown@samplehealth.org,Revenue Cycle,North Hospital,Revenue Cycle Analyst,E00101,2018-04-05,Active,
E01805,P001805,John,Oliver,John Oliver,john.oliver@samplehealth.org,Revenue Cycle,Cancer Center,Billing Specialist,E00102,2014-02-19,Active,
E02692,P002692,Michael,Garcia,Michael Garcia,michael.garcia@samplehealth.org,Pharmacy,North Hospital,Pharmacy Technician,E00202,2023-09-24,Active,
