Employee_ID,Party_ID,Source_System,Duplicate_Flag,Merge_Status,Master_Record_Flag,Review_Date
E00001,P000001,HR,No,Not Required,Yes,
E00002,P000002,HR,No,Not Required,Yes,
E00003,P000003,HR,No,Not Required,Yes,
E00004,P000004,HR,No,Not Required,Yes,
E00005,P000005,HR,No,Not Required,Yes,
E00006,P000006,HR,No,Not Required,Yes,
E00007,P000007,HR,No,Not Required,Yes,
E00008,P000008,HR,No,Not Required,Yes,
E00009,P000009,HR,No,Not Required,Yes,
E00010,P000010,HR,No,Not Required,Yes,
E00011,P000011,HR,No,Not Required,Yes,
E00012,P000012,HR,No,Not Required,Yes,
E00013,P000013,HR,No,Not Required,Yes,
E00014,P000014,HR,No,Not Required,Yes,
E00015,P000015,HR,No,Not Required,Yes,
E00016,P000016,HR,No,Not Required,Yes,
E00017,P000017,HR,No,Not Required,Yes,
E00018,P000018,HR,No,Not Required,Yes,
E00019,P000019,HR,No,Not Required,Yes,
E00020,P000020,HR,No,Not Required,Yes,
E00021,P000021,HR,No,Not Required,Yes,
E00022,P000022,HR,No,Not Required,Yes,
E00023,P000023,HR,No,Not Required,Yes,
E00024,P000024,HR,No,Not Required,Yes,
E00025,P000025,HR,No,Not Required,Yes,
E00026,P000026,HR,No,Not Required,Yes,
E00027,P000027,HR,No,Not Required,Yes,
E00028,P000028,HR,No,Not Required,Yes,
E00029,P000029,HR,No,Not Required,Yes,
E00030,P000030,HR,No,Not Required,Yes,
E00031,P000031,HR,No,Not Required,Yes,
E00032,P000032,HR,No,Not Required,Yes,
E00033,P000033,HR,No,Not Required,Yes,
E00034,P000034,HR,No,Not Required,Yes,
E00035,P000035,HR,No,Not Required,Yes,
E00036,P000036,HR,No,Not Required,Yes,
E00037,P000037,HR,No,Not Required,Yes,
E00038,P000038,HR,No,Not Required,Yes,
E00039,P000039,HR,No,Not Required,Yes,
E00040,P000040,HR,No,Not Required,Yes,
E00041,P000041,HR,No,Not Required,Yes,
E00042,P000042,HR,No,Not Required,Yes,
E00043,P000043,HR,No,Not Required,Yes,
E00044,P000044,HR,No,Not Required,Yes,
E00045,P000045,HR,No,Not Required,Yes,
E00046,P000046,HR,No,Not Required,Yes,
E00047,P000047,HR,No,Not Required,Yes,
E00048,P000048,HR,No,Not Required,Yes,
E00049,P000049,HR,No,Not Required,Yes,
E00050,P000050,HR,No,Not Required,Yes,
E00051,P000051,HR,No,Not Required,Yes,
E00052,P000052,HR,No,Not Required,Yes,
E00053,P000053,HR,No,Not Required,Yes,
E00054,P000054,HR,No,Not Required,Yes,
E00055,P000055,HR,No,Not Required,Yes,
E00056,P000056,HR,No,Not Required,Yes,
E00057,P000057,HR,No,Not Required,Yes,
E00058,P000058,HR,No,Not Required,Yes,
E00059,P000059,HR,No,Not Required,Yes,
E00060,P000060,HR,No,Not Required,Yes,
E00061,P000061,HR,No,Not Required,Yes,
E00062,P000062,HR,No,Not Required,Yes,
E00063,P000063,HR,No,Not Required,Yes,
E00064,P000064,HR,No,Not Required,Yes,
E00065,P000065,HR,No,Not Required,Yes,
E00066,P000066,HR,No,Not Required,Yes,
E00067,P000067,HR,No,Not Required,Yes,
E00068,P000068,HR,No,Not Required,Yes,
E00069,P000069,HR,No,Not Required,Yes,
E00070,P000070,HR,No,Not Required,Yes,
E00071,P000071,HR,No,Not Required,Yes,
E00072,P000072,HR,No,Not Required,Yes,
E00073,P000073,HR,No,Not Required,Yes,
E00074,P000074,HR,No,Not Required,Yes,
E00075,P000075,HR,No,Not Required,Yes,
E00076,P000076,HR,No,Not Required,Yes,
E00077,P000077,HR,No,Not Required,Yes,
E00078,P000078,HR,No,Not Required,Yes,
E00079,P000079,HR,No,Not Required,Yes,
E00080,P000080,HR,No,Not Required,Yes,
E00081,P000081,HR,No,Not Required,Yes,
E00082,P000082,HR,No,Not Required,Yes,
E00083,P000083,HR,No,Not Required,Yes,
E00084,P000084,HR,No,Not Required,Yes,
E00085,P000085,HR,No,Not Required,Yes,
E00086,P000086,HR,No,Not Required,Yes,
E00087,P000087,HR,No,Not Required,Yes,
E00088,P000088,HR,No,Not Required,Yes,
E00089,P000089,HR,No,Not Required,Yes,
E00090,P000090,HR,No,Not Required,Yes,
E00091,P000091,HR,No,Not Required,Yes,
E00092,P000092,HR,No,Not Required,Yes,
E00093,P000093,HR,No,Not Required,Yes,
E00094,P000094,HR,No,Not Required,Yes,
E00095,P000095,HR,No,Not Required,Yes,
E00096,P000096,HR,No,Not Required,Yes,
E00097,P000097,HR,No,Not Required,Yes,
E00098,P000098,HR,No,Not Required,Yes,
E00099,P000099,HR,No,Not Required,Yes,
E00100,P000100,HR,No,Not Required,Yes,
E00101,P000101,HR,No,Not Required,Yes,
E00102,P000102,HR,No,Not Required,Yes,
E00103,P000103,HR,No,Not Required,Yes,
E00104,P000104,HR,No,Not Required,Yes,
E00105,P000105,HR,No,Not Required,Yes,
E00106,P000106,HR,No,Not Required,Yes,
E00107,P000107,HR,No,Not Required,Yes,
E00108,P000108,HR,No,Not Required,Yes,
E00109,P000109,HR,No,Not Required,Yes,
E00110,P000110,HR,No,Not Required,Yes,
E00111,P000111,HR,No,Not Required,Yes,
E00112,P000112,HR,No,Not Required,Yes,
E00113,P000113,HR,No,Not Required,Yes,
E00114,P000114,HR,No,Not Required,Yes,
E00115,P000115,HR,No,Not Required,Yes,
E00116,P000116,HR,No,Not Required,Yes,
E00117,P000117,HR,No,Not Required,Yes,
E00118,P000118,HR,No,Not Required,Yes,
E00119,P000119,HR,No,Not Required,Yes,
E00120,P000120,HR,No,Not Required,Yes,
E00121,P000121,HR,No,Not Required,Yes,
E00122,P000122,HR,No,Not Required,Yes,
E00123,P000123,HR,No,Not Required,Yes,
E00124,P000124,HR,No,Not Required,Yes,
E00125,P000125,HR,No,Not Required,Yes,
E00126,P000126,HR,No,Not Required,Yes,
E00127,P000127,HR,No,Not Required,Yes,
E00128,P000128,HR,No,Not Required,Yes,
E00129,P000129,HR,No,Not Required,Yes,
E00130,P000130,HR,No,Not Required,Yes,
E00131,P000131,HR,No,Not Required,Yes,
E00132,P000132,HR,No,Not Required,Yes,
E00133,P000133,HR,No,Not Required,Yes,
E00134,P000134,HR,No,Not Required,Yes,
E00135,P000135,HR,No,Not Required,Yes,
E00136,P000136,HR,No,Not Required,Yes,
E00137,P000137,HR,No,Not Required,Yes,
E00138,P000138,HR,No,Not Required,Yes,
E00139,P000139,HR,No,Not Required,Yes,
E00140,P000140,HR,No,Not Required,Yes,
E00141,P000141,HR,No,Not Required,Yes,
E00142,P000142,HR,No,Not Required,Yes,
E00143,P000143,HR,No,Not Required,Yes,
E00144,P000144,HR,No,Not Required,Yes,
E00145,P000145,HR,No,Not Required,Yes,
E00146,P000146,HR,No,Not Required,Yes,
E00147,P000147,HR,No,Not Required,Yes,
E00148,P000148,HR,No,Not Required,Yes,
E00149,P000149,HR,No,Not Required,Yes,
E00150,P000150,HR,No,Not Required,Yes,
E00151,P000151,HR,No,Not Required,Yes,
E00152,P000152,HR,No,Not Required,Yes,
E00153,P000153,HR,No,Not Required,Yes,
E00154,P000154,HR,No,Not Required,Yes,
E00155,P000155,HR,No,Not Required,Yes,
E00156,P000156,HR,No,Not Required,Yes,
E00157,P000157,HR,No,Not Required,Yes,
E00158,P000158,HR,No,Not Required,Yes,
E00159,P000159,HR,No,Not Required,Yes,
E00160,P000160,HR,No,Not Required,Yes,
E00161,P000161,HR,No,Not Required,Yes,
E00162,P000162,HR,No,Not Required,Yes,
E00163,P000163,HR,No,Not Required,Yes,
E00164,P000164,HR,No,Not Required,Yes,
E00165,P000165,HR,No,Not Required,Yes,
E00166,P000166,HR,No,Not Required,Yes,
E00167,P000167,HR,No,Not Required,Yes,
E00168,P000168,HR,No,Not Required,Yes,
E00169,P000169,HR,No,Not Required,Yes,
E00170,P000170,HR,No,Not Required,Yes,
E00171,P000171,HR,No,Not Required,Yes,
E00172,P000172,HR,No,Not Required,Yes,
E00173,P000173,HR,No,Not Required,Yes,
E00174,P000174,HR,No,Not Required,Yes,
E00175,P000175,HR,No,Not Required,Yes,
E00176,P000176,HR,No,Not Required,Yes,
E00177,P000177,HR,No,Not Required,Yes,
E00178,P000178,HR,No,Not Required,Yes,
E00179,P000179,HR,No,Not Required,Yes,
E00180,P000180,HR,No,Not Required,Yes,
E00181,P000181,HR,No,Not Required,Yes,
E00182,P000182,HR,No,Not Required,Yes,
E00183,P000183,HR,No,Not Required,Yes,
E00184,P000184,HR,No,Not Required,Yes,
E00185,P000185,HR,No,Not Required,Yes,
E00186,P000186,HR,No,Not Required,Yes,
E00187,P000187,HR,No,Not Required,Yes,
E00188,P000188,HR,No,Not Required,Yes,
E00189,P000189,HR,No,Not Required,Yes,
E00190,P000190,HR,No,Not Required,Yes,
E00191,P000191,HR,No,Not Required,Yes,
E00192,P000192,HR,No,Not Required,Yes,
E00193,P000193,HR,No,Not Required,Yes,
E00194,P000194,HR,No,Not Required,Yes,
E00195,P000195,HR,No,Not Required,Yes,
E00196,P000196,HR,No,Not Required,Yes,
E00197,P000197,HR,No,Not Required,Yes,
E00198,P000198,HR,No,Not Required,Yes,
E00199,P000199,HR,No,Not Required,Yes,
E00200,P000200,HR,No,Not Required,Yes,
E00201,P000201,HR,No,Not Required,Yes,
E00202,P000202,HR,No,Not Required,Yes,
E00203,P000203,HR,No,Not Required,Yes,
E00204,P000204,HR,No,Not Required,Yes,
E00205,P000205,HR,No,Not Required,Yes,
E00206,P000206,HR,No,Not Required,Yes,
E00207,P000207,HR,No,Not Required,Yes,
E00208,P000208,HR,No,Not Required,Yes,
E00209,P000209,HR,No,Not Required,Yes,
E00210,P000210,HR,No,Not Required,Yes,
E00211,P000211,HR,No,Not Required,Yes,
E00212,P000212,HR,No,Not Required,Yes,
E00213,P000213,HR,No,Not Required,Yes,
E00214,P000214,HR,No,Not Required,Yes,
E00215,P000215,HR,No,Not Required,Yes,
E00216,P000216,HR,No,Not Required,Yes,
E00217,P000217,HR,No,Not Required,Yes,
E00218,P000218,HR,No,Not Required,Yes,
E00219,P000219,HR,No,Not Required,Yes,
E00220,P000220,HR,No,Not Required,Yes,
E00221,P000221,HR,No,Not Required,Yes,
E00222,P000222,HR,No,Not Required,Yes,
E00223,P000223,HR,No,Not Required,Yes,
E00224,P000224,HR,No,Not Required,Yes,
E00225,P000225,HR,No,Not Required,Yes,
E00226,P000226,HR,No,Not Required,Yes,
E00227,P000227,HR,No,Not Required,Yes,
E00228,P000228,HR,No,Not Required,Yes,
E00229,P000229,HR,No,Not Required,Yes,
E00230,P000230,HR,No,Not Required,Yes,
E00231,P000231,HR,No,Not Required,Yes,
E00232,P000232,HR,No,Not Required,Yes,
E00233,P000233,HR,No,Not Required,Yes,
E00234,P000234,HR,No,Not Required,Yes,
E00235,P000235,HR,No,Not Required,Yes,
E00236,P000236,HR,No,Not Required,Yes,
E00237,P000237,HR,No,Not Required,Yes,
E00238,P000238,HR,No,Not Required,Yes,
E00239,P000239,HR,No,Not Required,Yes,
E00240,P000240,HR,No,Not Required,Yes,
E00241,P000241,HR,No,Not Required,Yes,
E00242,P000242,HR,No,Not Required,Yes,
E00243,P000243,HR,No,Not Required,Yes,
E00244,P000244,HR,No,Not Required,Yes,
E00245,P000245,HR,No,Not Required,Yes,
E00246,P000246,HR,No,Not Required,Yes,
E00247,P000247,HR,No,Not Required,Yes,
E00248,P000248,HR,No,Not Required,Yes,
E00249,P000249,HR,No,Not Required,Yes,
E00250,P000250,HR,No,Not Required,Yes,
E00251,P000251,HR,No,Not Required,Yes,
E00252,P000252,HR,No,Not Required,Yes,
E00253,P000253,HR,No,Not Required,Yes,
E00254,P000254,HR,No,Not Required,Yes,
E00255,P000255,HR,No,Not Required,Yes,
E00256,P000256,HR,No,Not Required,Yes,
E00257,P000257,HR,No,Not Required,Yes,
E00258,P000258,HR,No,Not Required,Yes,
E00259,P000259,HR,No,Not Required,Yes,
E00260,P000260,HR,No,Not Required,Yes,
E00261,P000261,HR,No,Not Required,Yes,
E00262,P000262,HR,No,Not Required,Yes,
E00263,P000263,HR,No,Not Required,Yes,
E00264,P000264,HR,No,Not Required,Yes,
E00265,P000265,HR,No,Not Required,Yes,
E00266,P000266,HR,No,Not Required,Yes,
E00267,P000267,HR,No,Not Required,Yes,
E00268,P000268,HR,No,Not Required,Yes,
E00269,P000269,HR,No,Not Required,Yes,
E00270,P000270,HR,No,Not Required,Yes,
E00271,P000271,HR,No,Not Required,Yes,
E00272,P000272,HR,No,Not Required,Yes,
E00273,P000273,HR,No,Not Required,Yes,
E00274,P000274,HR,No,Not Required,Yes,
E00275,P000275,HR,No,Not Required,Yes,
E00276,P000276,HR,No,Not Required,Yes,
E00277,P000277,HR,No,Not Required,Yes,
E00278,P000278,HR,No,Not Required,Yes,
E00279,P000279,HR,No,Not Required,Yes,
E00280,P000280,HR,No,Not Required,Yes,
E00281,P000281,HR,No,Not Required,Yes,
E00282,P000282,HR,No,Not Required,Yes,
E00283,P000283,HR,No,Not Required,Yes,
E00284,P000284,HR,No,Not Required,Yes,
E00285,P000285,HR,No,Not Required,Yes,
E00286,P000286,HR,No,Not Required,Yes,
E00287,P000287,HR,No,Not Required,Yes,
E00288,P000288,HR,No,Not Required,Yes,
E00289,P000289,HR,No,Not Required,Yes,
E00290,P000290,HR,No,Not Required,Yes,
E00291,P000291,HR,No,Not Required,Yes,
E00292,P000292,HR,No,Not Required,Yes,
E00293,P000293,HR,No,Not Required,Yes,
E00294,P000294,HR,No,Not Required,Yes,
E00295,P000295,HR,No,Not Required,Yes,
E00296,P000296,HR,No,Not Required,Yes,
E00297,P000297,HR,No,Not Required,Yes,
E00298,P000298,HR,No,Not Required,Yes,
E00299,P000299,HR,No,Not Required,Yes,
E00300,P000300,HR,No,Not Required,Yes,
E00301,P000301,HR,No,Not Required,Yes,
E00302,P000302,HR,No,Not Required,Yes,
E00303,P000303,HR,No,Not Required,Yes,
E00304,P000304,HR,No,Not Required,Yes,
E00305,P000305,HR,No,Not Required,Yes,
E00306,P000306,HR,No,Not Required,Yes,
E00307,P000307,HR,No,Not Required,Yes,
E00308,P000308,HR,No,Not Required,Yes,
E00309,P000309,HR,No,Not Required,Yes,
E00310,P000310,HR,No,Not Required,Yes,
E00311,P000311,HR,No,Not Required,Yes,
E00312,P000312,HR,No,Not Required,Yes,
E00313,P000313,HR,No,Not Required,Yes,
E00314,P000314,HR,No,Not Required,Yes,
E00315,P000315,HR,No,Not Required,Yes,
E00316,P000316,HR,No,Not Required,Yes,
E00317,P000317,HR,No,Not Required,Yes,
E00318,P000318,HR,No,Not Required,Yes,
E00319,P000319,HR,No,Not Required,Yes,
E00320,P000320,HR,No,Not Required,Yes,
E00321,P000321,HR,No,Not Required,Yes,
E00322,P000322,HR,No,Not Required,Yes,
E00323,P000323,HR,No,Not Required,Yes,
E00324,P000324,HR,No,Not Required,Yes,
E00325,P000325,HR,No,Not Required,Yes,
E00326,P000326,HR,No,Not Required,Yes,
E00327,P000327,HR,No,Not Required,Yes,
E00328,P000328,HR,No,Not Required,Yes,
E00329,P000329,HR,No,Not Required,Yes,
E00330,P000330,HR,No,Not Required,Yes,
E00331,P000331,HR,No,Not Required,Yes,
E00332,P000332,HR,No,Not Required,Yes,
E00333,P000333,HR,No,Not Required,Yes,
E00334,P000334,HR,No,Not Required,Yes,
E00335,P000335,HR,No,Not Required,Yes,
E00336,P000336,HR,No,Not Required,Yes,
E00337,P000337,HR,No,Not Required,Yes,
E00338,P000338,HR,No,Not Required,Yes,
E00339,P000339,HR,No,Not Required,Yes,
E00340,P000340,HR,No,Not Required,Yes,
E00341,P000341,HR,No,Not Required,Yes,
E00342,P000342,HR,No,Not Required,Yes,
E00343,P000343,HR,No,Not Required,Yes,
E00344,P000344,HR,No,Not Required,Yes,
E00345,P000345,HR,No,Not Required,Yes,
E00346,P000346,HR,No,Not Required,Yes,
E00347,P000347,HR,No,Not Required,Yes,
E00348,P000348,HR,No,Not Required,Yes,
E00349,P000349,HR,No,Not Required,Yes,
E00350,P000350,HR,No,Not Required,Yes,
E00351,P000351,HR,No,Not Required,Yes,
E00352,P000352,HR,No,Not Required,Yes,
E00353,P000353,HR,No,Not Required,Yes,
E00354,P000354,HR,No,Not Required,Yes,
E00355,P000355,HR,No,Not Required,Yes,
E00356,P000356,HR,No,Not Required,Yes,
E00357,P000357,HR,No,Not Required,Yes,
E00358,P000358,HR,No,Not Required,Yes,
E00359,P000359,HR,No,Not Required,Yes,
E00360,P000360,HR,No,Not Required,Yes,
E00361,P000361,HR,No,Not Required,Yes,
E00362,P000362,HR,No,Not Required,Yes,
E00363,P000363,HR,No,Not Required,Yes,
E00364,P000364,HR,No,Not Required,Yes,
E00365,P000365,HR,No,Not Required,Yes,
E00366,P000366,HR,No,Not Required,Yes,
E00367,P000367,HR,No,Not Required,Yes,
E00368,P000368,HR,No,Not Required,Yes,
E00369,P000369,HR,No,Not Required,Yes,
E00370,P000370,HR,No,Not Required,Yes,
E00371,P000371,HR,No,Not Required,Yes,
E00372,P000372,HR,No,Not Required,Yes,
E00373,P000373,HR,No,Not Required,Yes,
E00374,P000374,HR,No,Not Required,Yes,
E00375,P000375,HR,No,Not Required,Yes,
E00376,P000376,HR,No,Not Required,Yes,
E00377,P000377,HR,No,Not Required,Yes,
E00378,P000378,HR,No,Not Required,Yes,
E00379,P000379,HR,No,Not Required,Yes,
E00380,P000380,HR,No,Not Required,Yes,
E00381,P000381,HR,No,Not Required,Yes,
E00382,P000382,HR,No,Not Required,Yes,
E00383,P000383,HR,No,Not Required,Yes,
E00384,P000384,HR,No,Not Required,Yes,
E00385,P000385,HR,No,Not Required,Yes,
E00386,P000386,HR,No,Not Required,Yes,
E00387,P000387,HR,No,Not Required,Yes,
E00388,P000388,HR,No,Not Required,Yes,
E00389,P000389,HR,No,Not Required,Yes,
E00390,P000390,HR,No,Not Required,Yes,
E00391,P000391,HR,No,Not Required,Yes,
E00392,P000392,HR,No,Not Required,Yes,
E00393,P000393,HR,No,Not Required,Yes,
E00394,P000394,HR,No,Not Required,Yes,
E00395,P000395,HR,No,Not Required,Yes,
E00396,P000396,HR,No,Not Required,Yes,
E00397,P000397,HR,No,Not Required,Yes,
E00398,P000398,HR,No,Not Required,Yes,
E00399,P000399,HR,No,Not Required,Yes,
E00400,P000400,HR,No,Not Required,Yes,
E00401,P000401,HR,No,Not Required,Yes,
E00402,P000402,HR,No,Not Required,Yes,
E00403,P000403,HR,No,Not Required,Yes,
E00404,P000404,HR,No,Not Required,Yes,
E00405,P000405,HR,No,Not Required,Yes,
E00406,P000406,HR,No,Not Required,Yes,
E00407,P000407,HR,No,Not Required,Yes,
E00408,P000408,HR,No,Not Required,Yes,
E00409,P000409,HR,No,Not Required,Yes,
E00410,P000410,HR,No,Not Required,Yes,
E00411,P000411,HR,No,Not Required,Yes,
E00412,P000412,HR,No,Not Required,Yes,
E00413,P000413,HR,No,Not Required,Yes,
E00414,P000414,HR,No,Not Required,Yes,
E00415,P000415,HR,No,Not Required,Yes,
E00416,P000416,HR,No,Not Required,Yes,
E00417,P000417,HR,No,Not Required,Yes,
E00418,P000418,HR,No,Not Required,Yes,
E00419,P000419,HR,No,Not Required,Yes,
E00420,P000420,HR,No,Not Required,Yes,
E00421,P000421,HR,No,Not Required,Yes,
E00422,P000422,HR,No,Not Required,Yes,
E00423,P000423,HR,No,Not Required,Yes,
E00424,P000424,HR,No,Not Required,Yes,
E00425,P000425,HR,No,Not Required,Yes,
E00426,P000426,HR,No,Not Required,Yes,
E00427,P000427,HR,No,Not Required,Yes,
E00428,P000428,HR,No,Not Required,Yes,
E00429,P000429,HR,No,Not Required,Yes,
E00430,P000430,HR,No,Not Required,Yes,
E00431,P000431,HR,No,Not Required,Yes,
E00432,P000432,HR,No,Not Required,Yes,
E00433,P000433,HR,No,Not Required,Yes,
E00434,P000434,HR,No,Not Required,Yes,
E00435,P000435,HR,No,Not Required,Yes,
E00436,P000436,HR,No,Not Required,Yes,
E00437,P000437,HR,No,Not Required,Yes,
E00438,P000438,HR,No,Not Required,Yes,
E00439,P000439,HR,No,Not Required,Yes,
E00440,P000440,HR,No,Not Required,Yes,
E00441,P000441,HR,No,Not Required,Yes,
E00442,P000442,HR,No,Not Required,Yes,
E00443,P000443,HR,No,Not Required,Yes,
E00444,P000444,HR,No,Not Required,Yes,
E00445,P000445,HR,No,Not Required,Yes,
E00446,P000446,HR,No,Not Required,Yes,
E00447,P000447,HR,No,Not Required,Yes,
E00448,P000448,HR,No,Not Required,Yes,
E00449,P000449,HR,No,Not Required,Yes,
E00450,P000450,HR,No,Not Required,Yes,
E00451,P000451,HR,No,Not Required,Yes,
E00452,P000452,HR,No,Not Required,Yes,
E00453,P000453,HR,No,Not Required,Yes,
E00454,P000454,HR,No,Not Required,Yes,
E00455,P000455,HR,No,Not Required,Yes,
E00456,P000456,HR,No,Not Required,Yes,
E00457,P000457,HR,No,Not Required,Yes,
E00458,P000458,HR,No,Not Required,Yes,
E00459,P000459,HR,No,Not Required,Yes,
E00460,P000460,HR,No,Not Required,Yes,
E00461,P000461,HR,No,Not Required,Yes,
E00462,P000462,HR,No,Not Required,Yes,
E00463,P000463,HR,No,Not Required,Yes,
E00464,P000464,HR,No,Not Required,Yes,
E00465,P000465,HR,No,Not Required,Yes,
E00466,P000466,HR,No,Not Required,Yes,
E00467,P000467,HR,No,Not Required,Yes,
E00468,P000468,HR,No,Not Required,Yes,
E00469,P000469,HR,No,Not Required,Yes,
E00470,P000470,HR,No,Not Required,Yes,
E00471,P000471,HR,No,Not Required,Yes,
E00472,P000472,HR,No,Not Required,Yes,
E00473,P000473,HR,No,Not Required,Yes,
E00474,P000474,HR,No,Not Required,Yes,
E00475,P000475,HR,No,Not Required,Yes,
E00476,P000476,HR,No,Not Required,Yes,
E00477,P000477,HR,No,Not Required,Yes,
E00478,P000478,HR,No,Not Required,Yes,
E00479,P000479,HR,No,Not Required,Yes,
E00480,P000480,HR,No,Not Required,Yes,
E00481,P000481,HR,No,Not Required,Yes,
E00482,P000482,HR,No,Not Required,Yes,
E00483,P000483,HR,No,Not Required,Yes,
E00484,P000484,HR,No,Not Required,Yes,
E00485,P000485,HR,No,Not Required,Yes,
E00486,P000486,HR,No,Not Required,Yes,
E00487,P000487,HR,No,Not Required,Yes,
E00488,P000488,HR,No,Not Required,Yes,
E00489,P000489,HR,No,Not Required,Yes,
E00490,P000490,HR,No,Not Required,Yes,
E00491,P000491,HR,No,Not Required,Yes,
E00492,P000492,HR,No,Not Required,Yes,
E00493,P000493,HR,No,Not Required,Yes,
E00494,P000494,HR,No,Not Required,Yes,
E00495,P000495,HR,No,Not Required,Yes,
E00496,P000496,HR,No,Not Required,Yes,
E00497,P000497,HR,No,Not Required,Yes,
E00498,P000498,HR,No,Not Required,Yes,
E00499,P000499,HR,No,Not Required,Yes,
E00500,P000500,HR,No,Not Required,Yes,
E00501,P000501,HR,No,Not Required,Yes,
E00502,P000502,HR,No,Not Required,Yes,
E00503,P000503,HR,No,Not Required,Yes,
E00504,P000504,HR,No,Not Required,Yes,
E00505,P000505,HR,No,Not Required,Yes,
E00506,P000506,HR,No,Not Required,Yes,
E00507,P000507,HR,No,Not Required,Yes,
E00508,P000508,HR,No,Not Required,Yes,
E00509,P000509,HR,No,Not Required,Yes,
E00510,P000510,HR,No,Not Required,Yes,
E00511,P000511,HR,No,Not Required,Yes,
E00512,P000512,HR,No,Not Required,Yes,
E00513,P000513,HR,No,Not Required,Yes,
E00514,P000514,HR,No,Not Required,Yes,
E00515,P000515,HR,No,Not Required,Yes,
E00516,P000516,HR,No,Not Required,Yes,
E00517,P000517,HR,No,Not Required,Yes,
E00518,P000518,HR,No,Not Required,Yes,
E00519,P000519,HR,No,Not Required,Yes,
E00520,P000520,HR,No,Not Required,Yes,
E00521,P000521,HR,No,Not Required,Yes,
E00522,P000522,HR,No,Not Required,Yes,
E00523,P000523,HR,No,Not Required,Yes,
E00524,P000524,HR,No,Not Required,Yes,
E00525,P000525,HR,No,Not Required,Yes,
E00526,P000526,HR,No,Not Required,Yes,
E00527,P000527,HR,No,Not Required,Yes,
E00528,P000528,HR,No,Not Required,Yes,
E00529,P000529,HR,No,Not Required,Yes,
E00530,P000530,HR,No,Not Required,Yes,
E00531,P000531,HR,No,Not Required,Yes,
E00532,P000532,HR,No,Not Required,Yes,
E00533,P000533,HR,No,Not Required,Yes,
E00534,P000534,HR,No,Not Required,Yes,
E00535,P000535,HR,No,Not Required,Yes,
E00536,P000536,HR,No,Not Required,Yes,
E00537,P000537,HR,No,Not Required,Yes,
E00538,P000538,HR,No,Not Required,Yes,
E00539,P000539,HR,No,Not Required,Yes,
E00540,P000540,HR,No,Not Required,Yes,
E00541,P000541,HR,No,Not Required,Yes,
E00542,P000542,HR,No,Not Required,Yes,
E00543,P000543,HR,No,Not Required,Yes,
E00544,P000544,HR,No,Not Required,Yes,
E00545,P000545,HR,No,Not Required,Yes,
E00546,P000546,HR,No,Not Required,Yes,
E00547,P000547,HR,No,Not Required,Yes,
E00548,P000548,HR,No,Not Required,Yes,
E00549,P000549,HR,No,Not Required,Yes,
E00550,P000550,HR,No,Not Required,Yes,
E00551,P000551,HR,No,Not Required,Yes,
E00552,P000552,HR,No,Not Required,Yes,
E00553,P000553,HR,No,Not Required,Yes,
E00554,P000554,HR,No,Not Required,Yes,
E00555,P000555,HR,No,Not Required,Yes,
E00556,P000556,HR,No,Not Required,Yes,
E00557,P000557,HR,No,Not Required,Yes,
E00558,P000558,HR,No,Not Required,Yes,
E00559,P000559,HR,No,Not Required,Yes,
E00560,P000560,HR,No,Not Required,Yes,
E00561,P000561,HR,No,Not Required,Yes,
E00562,P000562,HR,No,Not Required,Yes,
E00563,P000563,HR,No,Not Required,Yes,
E00564,P000564,HR,No,Not Required,Yes,
E00565,P000565,HR,No,Not Required,Yes,
E00566,P000566,HR,No,Not Required,Yes,
E00567,P000567,HR,No,Not Required,Yes,
E00568,P000568,HR,No,Not Required,Yes,
E00569,P000569,HR,No,Not Required,Yes,
E00570,P000570,HR,No,Not Required,Yes,
E00571,P000571,HR,No,Not Required,Yes,
E00572,P000572,HR,No,Not Required,Yes,
E00573,P000573,HR,No,Not Required,Yes,
E00574,P000574,HR,No,Not Required,Yes,
E00575,P000575,HR,No,Not Required,Yes,
E00576,P000576,HR,No,Not Required,Yes,
E00577,P000577,HR,No,Not Required,Yes,
E00578,P000578,HR,No,Not Required,Yes,
E00579,P000579,HR,No,Not Required,Yes,
E00580,P000580,HR,No,Not Required,Yes,
E00581,P000581,HR,No,Not Required,Yes,
E00582,P000582,HR,No,Not Required,Yes,
E00583,P000583,HR,No,Not Required,Yes,
E00584,P000584,HR,No,Not Required,Yes,
E00585,P000585,HR,No,Not Required,Yes,
E00586,P000586,HR,No,Not Required,Yes,
E00587,P000587,HR,No,Not Required,Yes,
E00588,P000588,HR,No,Not Required,Yes,
E00589,P000589,HR,No,Not Required,Yes,
E00590,P000590,HR,No,Not Required,Yes,
E00591,P000591,HR,No,Not Required,Yes,
E00592,P000592,HR,No,Not Required,Yes,
E00593,P000593,HR,No,Not Required,Yes,
E00594,P000594,HR,No,Not Required,Yes,
E00595,P000595,HR,No,Not Required,Yes,
E00596,P000596,HR,No,Not Required,Yes,
E00597,P000597,HR,No,Not Required,Yes,
E00598,P000598,HR,No,Not Required,Yes,
E00599,P000599,HR,No,Not Required,Yes,
E00600,P000600,HR,No,Not Required,Yes,
E00601,P000601,HR,No,Not Required,Yes,
E00602,P000602,HR,No,Not Required,Yes,
E00603,P000603,HR,No,Not Required,Yes,
E00604,P000604,HR,No,Not Required,Yes,
E00605,P000605,HR,No,Not Required,Yes,
E00606,P000606,HR,No,Not Required,Yes,
E00607,P000607,HR,No,Not Required,Yes,
E00608,P000608,HR,No,Not Required,Yes,
E00609,P000609,HR,No,Not Required,Yes,
E00610,P000610,HR,No,Not Required,Yes,
E00611,P000611,HR,No,Not Required,Yes,
E00612,P000612,HR,No,Not Required,Yes,
E00613,P000613,HR,No,Not Required,Yes,
E00614,P000614,HR,No,Not Required,Yes,
E00615,P000615,HR,No,Not Required,Yes,
E00616,P000616,HR,No,Not Required,Yes,
E00617,P000617,HR,No,Not Required,Yes,
E00618,P000618,HR,No,Not Required,Yes,
E00619,P000619,HR,No,Not Required,Yes,
E00620,P000620,HR,No,Not Required,Yes,
E00621,P000621,HR,No,Not Required,Yes,
E00622,P000622,HR,No,Not Required,Yes,
E00623,P000623,HR,No,Not Required,Yes,
E00624,P000624,HR,No,Not Required,Yes,
E00625,P000625,HR,No,Not Required,Yes,
E00626,P000626,HR,No,Not Required,Yes,
E00627,P000627,HR,No,Not Required,Yes,
E00628,P000628,HR,No,Not Required,Yes,
E00629,P000629,HR,No,Not Required,Yes,
E00630,P000630,HR,No,Not Required,Yes,
E00631,P000631,HR,No,Not Required,Yes,
E00632,P000632,HR,No,Not Required,Yes,
E00633,P000633,HR,No,Not Required,Yes,
E00634,P000634,HR,No,Not Required,Yes,
E00635,P000635,HR,No,Not Required,Yes,
E00636,P000636,HR,No,Not Required,Yes,
E00637,P000637,HR,No,Not Required,Yes,
E00638,P000638,HR,No,Not Required,Yes,
E00639,P000639,HR,No,Not Required,Yes,
E00640,P000640,HR,No,Not Required,Yes,
E00641,P000641,HR,No,Not Required,Yes,
E00642,P000642,HR,No,Not Required,Yes,
E00643,P000643,HR,No,Not Required,Yes,
E00644,P000644,HR,No,Not Required,Yes,
E00645,P000645,HR,No,Not Required,Yes,
E00646,P000646,HR,No,Not Required,Yes,
E00647,P000647,HR,No,Not Required,Yes,
E00648,P000648,HR,No,Not Required,Yes,
E00649,P000649,HR,No,Not Required,Yes,
E00650,P000650,HR,No,Not Required,Yes,
E00651,P000651,HR,No,Not Required,Yes,
E00652,P000652,HR,No,Not Required,Yes,
E00653,P000653,HR,No,Not Required,Yes,
E00654,P000654,HR,No,Not Required,Yes,
E00655,P000655,HR,No,Not Required,Yes,
E00656,P000656,HR,No,Not Required,Yes,
E00657,P000657,HR,No,Not Required,Yes,
E00658,P000658,HR,No,Not Required,Yes,
E00659,P000659,HR,No,Not Required,Yes,
E00660,P000660,HR,No,Not Required,Yes,
E00661,P000661,HR,No,Not Required,Yes,
E00662,P000662,HR,No,Not Required,Yes,
E00663,P000663,HR,No,Not Required,Yes,
E00664,P000664,HR,No,Not Required,Yes,
E00665,P000665,HR,No,Not Required,Yes,
E00666,P000666,HR,No,Not Required,Yes,
E00667,P000667,HR,No,Not Required,Yes,
E00668,P000668,HR,No,Not Required,Yes,
E00669,P000669,HR,No,Not Required,Yes,
E00670,P000670,HR,No,Not Required,Yes,
E00671,P000671,HR,No,Not Required,Yes,
E00672,P000672,HR,No,Not Required,Yes,
E00673,P000673,HR,No,Not Required,Yes,
E00674,P000674,HR,No,Not Required,Yes,
E00675,P000675,HR,No,Not Required,Yes,
E00676,P000676,HR,No,Not Required,Yes,
E00677,P000677,HR,No,Not Required,Yes,
E00678,P000678,HR,No,Not Required,Yes,
E00679,P000679,HR,No,Not Required,Yes,
E00680,P000680,HR,No,Not Required,Yes,
E00681,P000681,HR,No,Not Required,Yes,
E00682,P000682,HR,No,Not Required,Yes,
E00683,P000683,HR,No,Not Required,Yes,
E00684,P000684,HR,No,Not Required,Yes,
E00685,P000685,HR,No,Not Required,Yes,
E00686,P000686,HR,No,Not Required,Yes,
E00687,P000687,HR,No,Not Required,Yes,
E00688,P000688,HR,No,Not Required,Yes,
E00689,P000689,HR,No,Not Required,Yes,
E00690,P000690,HR,No,Not Required,Yes,
E00691,P000691,HR,No,Not Required,Yes,
E00692,P000692,HR,No,Not Required,Yes,
E00693,P000693,HR,No,Not Required,Yes,
E00694,P000694,HR,No,Not Required,Yes,
E00695,P000695,HR,No,Not Required,Yes,
E00696,P000696,HR,No,Not Required,Yes,
E00697,P000697,HR,No,Not Required,Yes,
E00698,P000698,HR,No,Not Required,Yes,
E00699,P000699,HR,No,Not Required,Yes,
E00700,P000700,HR,No,Not Required,Yes,
E00701,P000701,HR,No,Not Required,Yes,
E00702,P000702,HR,No,Not Required,Yes,
E00703,P000703,HR,No,Not Required,Yes,
E00704,P000704,HR,No,Not Required,Yes,
E00705,P000705,HR,No,Not Required,Yes,
E00706,P000706,HR,No,Not Required,Yes,
E00707,P000707,HR,No,Not Required,Yes,
E00708,P000708,HR,No,Not Required,Yes,
E00709,P000709,HR,No,Not Required,Yes,
E00710,P000710,HR,No,Not Required,Yes,
E00711,P000711,HR,No,Not Required,Yes,
E00712,P000712,HR,No,Not Required,Yes,
E00713,P000713,HR,No,Not Required,Yes,
E00714,P000714,HR,No,Not Required,Yes,
E00715,P000715,HR,No,Not Required,Yes,
E00716,P000716,HR,No,Not Required,Yes,
E00717,P000717,HR,No,Not Required,Yes,
E00718,P000718,HR,No,Not Required,Yes,
E00719,P000719,HR,No,Not Required,Yes,
E00720,P000720,HR,No,Not Required,Yes,
E00721,P000721,HR,No,Not Required,Yes,
E00722,P000722,HR,No,Not Required,Yes,
E00723,P000723,HR,No,Not Required,Yes,
E00724,P000724,HR,No,Not Required,Yes,
E00725,P000725,HR,No,Not Required,Yes,
E00726,P000726,HR,No,Not Required,Yes,
E00727,P000727,HR,No,Not Required,Yes,
E00728,P000728,HR,No,Not Required,Yes,
E00729,P000729,HR,No,Not Required,Yes,
E00730,P000730,HR,No,Not Required,Yes,
E00731,P000731,HR,No,Not Required,Yes,
E00732,P000732,HR,No,Not Required,Yes,
E00733,P000733,HR,No,Not Required,Yes,
E00734,P000734,HR,No,Not Required,Yes,
E00735,P000735,HR,No,Not Required,Yes,
E00736,P000736,HR,No,Not Required,Yes,
E00737,P000737,HR,No,Not Required,Yes,
E00738,P000738,HR,No,Not Required,Yes,
E00739,P000739,HR,No,Not Required,Yes,
E00740,P000740,HR,No,Not Required,Yes,
E00741,P000741,HR,No,Not Required,Yes,
E00742,P000742,HR,No,Not Required,Yes,
E00743,P000743,HR,No,Not Required,Yes,
E00744,P000744,HR,No,Not Required,Yes,
E00745,P000745,HR,No,Not Required,Yes,
E00746,P000746,HR,No,Not Required,Yes,
E00747,P000747,HR,No,Not Required,Yes,
E00748,P000748,HR,No,Not Required,Yes,
E00749,P000749,HR,No,Not Required,Yes,
E00750,P000750,HR,No,Not Required,Yes,
E00751,P000751,HR,No,Not Required,Yes,
E00752,P000752,HR,No,Not Required,Yes,
E00753,P000753,HR,No,Not Required,Yes,
E00754,P000754,HR,No,Not Required,Yes,
E00755,P000755,HR,No,Not Required,Yes,
E00756,P000756,HR,No,Not Required,Yes,
E00757,P000757,HR,No,Not Required,Yes,
E00758,P000758,HR,No,Not Required,Yes,
E00759,P000759,HR,No,Not Required,Yes,
E00760,P000760,HR,No,Not Required,Yes,
E00761,P000761,HR,No,Not Required,Yes,
E00762,P000762,HR,No,Not Required,Yes,
E00763,P000763,HR,No,Not Required,Yes,
E00764,P000764,HR,No,Not Required,Yes,
E00765,P000765,HR,No,Not Required,Yes,
E00766,P000766,HR,No,Not Required,Yes,
E00767,P000767,HR,No,Not Required,Yes,
E00768,P000768,HR,No,Not Required,Yes,
E00769,P000769,HR,No,Not Required,Yes,
E00770,P000770,HR,No,Not Required,Yes,
E00771,P000771,HR,No,Not Required,Yes,
E00772,P000772,HR,No,Not Required,Yes,
E00773,P000773,HR,No,Not Required,Yes,
E00774,P000774,HR,No,Not Required,Yes,
E00775,P000775,HR,No,Not Required,Yes,
E00776,P000776,HR,No,Not Required,Yes,
E00777,P000777,HR,No,Not Required,Yes,
E00778,P000778,HR,No,Not Required,Yes,
E00779,P000779,HR,No,Not Required,Yes,
E00780,P000780,HR,No,Not Required,Yes,
E00781,P000781,HR,No,Not Required,Yes,
E00782,P000782,HR,No,Not Required,Yes,
E00783,P000783,HR,No,Not Required,Yes,
E00784,P000784,HR,No,Not Required,Yes,
E00785,P000785,HR,No,Not Required,Yes,
E00786,P000786,HR,No,Not Required,Yes,
E00787,P000787,HR,No,Not Required,Yes,
E00788,P000788,HR,No,Not Required,Yes,
E00789,P000789,HR,No,Not Required,Yes,
E00790,P000790,HR,No,Not Required,Yes,
E00791,P000791,HR,No,Not Required,Yes,
E00792,P000792,HR,No,Not Required,Yes,
E00793,P000793,HR,No,Not Required,Yes,
E00794,P000794,HR,No,Not Required,Yes,
E00795,P000795,HR,No,Not Required,Yes,
E00796,P000796,HR,No,Not Required,Yes,
E00797,P000797,HR,No,Not Required,Yes,
E00798,P000798,HR,No,Not Required,Yes,
E00799,P000799,HR,No,Not Required,Yes,
E00800,P000800,HR,No,Not Required,Yes,
E00801,P000801,HR,No,Not Required,Yes,
E00802,P000802,HR,No,Not Required,Yes,
E00803,P000803,HR,No,Not Required,Yes,
E00804,P000804,HR,No,Not Required,Yes,
E00805,P000805,HR,No,Not Required,Yes,
E00806,P000806,HR,No,Not Required,Yes,
E00807,P000807,HR,No,Not Required,Yes,
E00808,P000808,HR,No,Not Required,Yes,
E00809,P000809,HR,No,Not Required,Yes,
E00810,P000810,HR,No,Not Required,Yes,
E00811,P000811,HR,No,Not Required,Yes,
E00812,P000812,HR,No,Not Required,Yes,
E00813,P000813,HR,No,Not Required,Yes,
E00814,P000814,HR,No,Not Required,Yes,
E00815,P000815,HR,No,Not Required,Yes,
E00816,P000816,HR,No,Not Required,Yes,
E00817,P000817,HR,No,Not Required,Yes,
E00818,P000818,HR,No,Not Required,Yes,
E00819,P000819,HR,No,Not Required,Yes,
E00820,P000820,HR,No,Not Required,Yes,
E00821,P000821,HR,No,Not Required,Yes,
E00822,P000822,HR,No,Not Required,Yes,
E00823,P000823,HR,No,Not Required,Yes,
E00824,P000824,HR,No,Not Required,Yes,
E00825,P000825,HR,No,Not Required,Yes,
E00826,P000826,HR,No,Not Required,Yes,
E00827,P000827,HR,No,Not Required,Yes,
E00828,P000828,HR,No,Not Required,Yes,
E00829,P000829,HR,No,Not Required,Yes,
E00830,P000830,HR,No,Not Required,Yes,
E00831,P000831,HR,No,Not Required,Yes,
E00832,P000832,HR,No,Not Required,Yes,
E00833,P000833,HR,No,Not Required,Yes,
E00834,P000834,HR,No,Not Required,Yes,
E00835,P000835,HR,No,Not Required,Yes,
E00836,P000836,HR,No,Not Required,Yes,
E00837,P000837,HR,No,Not Required,Yes,
E00838,P000838,HR,No,Not Required,Yes,
E00839,P000839,HR,No,Not Required,Yes,
E00840,P000840,HR,No,Not Required,Yes,
E00841,P000841,HR,No,Not Required,Yes,
E00842,P000842,HR,No,Not Required,Yes,
E00843,P000843,HR,No,Not Required,Yes,
E00844,P000844,HR,No,Not Required,Yes,
E00845,P000845,HR,No,Not Required,Yes,
E00846,P000846,HR,No,Not Required,Yes,
E00847,P000847,HR,No,Not Required,Yes,
E00848,P000848,HR,No,Not Required,Yes,
E00849,P000849,HR,No,Not Required,Yes,
E00850,P000850,HR,No,Not Required,Yes,
E00851,P000851,HR,No,Not Required,Yes,
E00852,P000852,HR,No,Not Required,Yes,
E00853,P000853,HR,No,Not Required,Yes,
E00854,P000854,HR,No,Not Required,Yes,
E00855,P000855,HR,No,Not Required,Yes,
E00856,P000856,HR,No,Not Required,Yes,
E00857,P000857,HR,No,Not Required,Yes,
E00858,P000858,HR,No,Not Required,Yes,
E00859,P000859,HR,No,Not Required,Yes,
E00860,P000860,HR,No,Not Required,Yes,
E00861,P000861,HR,No,Not Required,Yes,
E00862,P000862,HR,No,Not Required,Yes,
E00863,P000863,HR,No,Not Required,Yes,
E00864,P000864,HR,No,Not Required,Yes,
E00865,P000865,HR,No,Not Required,Yes,
E00866,P000866,HR,No,Not Required,Yes,
E00867,P000867,HR,No,Not Required,Yes,
E00868,P000868,HR,No,Not Required,Yes,
E00869,P000869,HR,No,Not Required,Yes,
E00870,P000870,HR,No,Not Required,Yes,
E00871,P000871,HR,No,Not Required,Yes,
E00872,P000872,HR,No,Not Required,Yes,
E00873,P000873,HR,No,Not Required,Yes,
E00874,P000874,HR,No,Not Required,Yes,
E00875,P000875,HR,No,Not Required,Yes,
E00876,P000876,HR,No,Not Required,Yes,
E00877,P000877,HR,No,Not Required,Yes,
E00878,P000878,HR,No,Not Required,Yes,
E00879,P000879,HR,No,Not Required,Yes,
E00880,P000880,HR,No,Not Required,Yes,
E00881,P000881,HR,No,Not Required,Yes,
E00882,P000882,HR,No,Not Required,Yes,
E00883,P000883,HR,No,Not Required,Yes,
E00884,P000884,HR,No,Not Required,Yes,
E00885,P000885,HR,No,Not Required,Yes,
E00886,P000886,HR,No,Not Required,Yes,
E00887,P000887,HR,No,Not Required,Yes,
E00888,P000888,HR,No,Not Required,Yes,
E00889,P000889,HR,No,Not Required,Yes,
E00890,P000890,HR,No,Not Required,Yes,
E00891,P000891,HR,No,Not Required,Yes,
E00892,P000892,HR,No,Not Required,Yes,
E00893,P000893,HR,No,Not Required,Yes,
E00894,P000894,HR,No,Not Required,Yes,
E00895,P000895,HR,No,Not Required,Yes,
E00896,P000896,HR,No,Not Required,Yes,
E00897,P000897,HR,No,Not Required,Yes,
E00898,P000898,HR,No,Not Required,Yes,
E00899,P000899,HR,No,Not Required,Yes,
E00900,P000900,HR,No,Not Required,Yes,
E00901,P000901,HR,No,Not Required,Yes,
E00902,P000902,HR,No,Not Required,Yes,
E00903,P000903,HR,No,Not Required,Yes,
E00904,P000904,HR,No,Not Required,Yes,
E00905,P000905,HR,No,Not Required,Yes,
E00906,P000906,HR,No,Not Required,Yes,
E00907,P000907,HR,No,Not Required,Yes,
E00908,P000908,HR,No,Not Required,Yes,
E00909,P000909,HR,No,Not Required,Yes,
E00910,P000910,HR,No,Not Required,Yes,
E00911,P000911,HR,No,Not Required,Yes,
E00912,P000912,HR,No,Not Required,Yes,
E00913,P000913,HR,No,Not Required,Yes,
E00914,P000914,HR,No,Not Required,Yes,
E00915,P000915,HR,No,Not Required,Yes,
E00916,P000916,HR,No,Not Required,Yes,
E00917,P000917,HR,No,Not Required,Yes,
E00918,P000918,HR,No,Not Required,Yes,
E00919,P000919,HR,No,Not Required,Yes,
E00920,P000920,HR,No,Not Required,Yes,
E00921,P000921,HR,No,Not Required,Yes,
E00922,P000922,HR,No,Not Required,Yes,
E00923,P000923,HR,No,Not Required,Yes,
E00924,P000924,HR,No,Not Required,Yes,
E00925,P000925,HR,No,Not Required,Yes,
E00926,P000926,HR,No,Not Required,Yes,
E00927,P000927,HR,No,Not Required,Yes,
E00928,P000928,HR,No,Not Required,Yes,
E00929,P000929,HR,No,Not Required,Yes,
E00930,P000930,HR,No,Not Required,Yes,
E00931,P000931,HR,No,Not Required,Yes,
E00932,P000932,HR,No,Not Required,Yes,
E00933,P000933,HR,No,Not Required,Yes,
E00934,P000934,HR,No,Not Required,Yes,
E00935,P000935,HR,No,Not Required,Yes,
E00936,P000936,HR,No,Not Required,Yes,
E00937,P000937,HR,No,Not Required,Yes,
E00938,P000938,HR,No,Not Required,Yes,
E00939,P000939,HR,No,Not Required,Yes,
E00940,P000940,HR,No,Not Required,Yes,
E00941,P000941,HR,No,Not Required,Yes,
E00942,P000942,HR,No,Not Required,Yes,
E00943,P000943,HR,No,Not Required,Yes,
E00944,P000944,HR,No,Not Required,Yes,
E00945,P000945,HR,No,Not Required,Yes,
E00946,P000946,HR,No,Not Required,Yes,
E00947,P000947,HR,No,Not Required,Yes,
E00948,P000948,HR,No,Not Required,Yes,
E00949,P000949,HR,No,Not Required,Yes,
E00950,P000950,HR,No,Not Required,Yes,
E00951,P000951,HR,No,Not Required,Yes,
E00952,P000952,HR,No,Not Required,Yes,
E00953,P000953,HR,No,Not Required,Yes,
E00954,P000954,HR,No,Not Required,Yes,
E00955,P000955,HR,No,Not Required,Yes,
E00956,P000956,HR,No,Not Required,Yes,
E00957,P000957,HR,No,Not Required,Yes,
E00958,P000958,HR,No,Not Required,Yes,
E00959,P000959,HR,No,Not Required,Yes,
E00960,P000960,HR,No,Not Required,Yes,
E00961,P000961,HR,No,Not Required,Yes,
E00962,P000962,HR,No,Not Required,Yes,
E00963,P000963,HR,No,Not Required,Yes,
E00964,P000964,HR,No,Not Required,Yes,
E00965,P000965,HR,No,Not Required,Yes,
E00966,P000966,HR,No,Not Required,Yes,
E00967,P000967,HR,No,Not Required,Yes,
E00968,P000968,HR,No,Not Required,Yes,
E00969,P000969,HR,No,Not Required,Yes,
E00970,P000970,HR,No,Not Required,Yes,
E00971,P000971,HR,No,Not Required,Yes,
E00972,P000972,HR,No,Not Required,Yes,
E00973,P000973,HR,No,Not Required,Yes,
E00974,P000974,HR,No,Not Required,Yes,
E00975,P000975,HR,No,Not Required,Yes,
E00976,P000976,HR,No,Not Required,Yes,
E00977,P000977,HR,No,Not Required,Yes,
E00978,P000978,HR,No,Not Required,Yes,
E00979,P000979,HR,No,Not Required,Yes,
E00980,P000980,HR,No,Not Required,Yes,
E00981,P000981,HR,No,Not Required,Yes,
E00982,P000982,HR,No,Not Required,Yes,
E00983,P000983,HR,No,Not Required,Yes,
E00984,P000984,HR,No,Not Required,Yes,
E00985,P000985,HR,No,Not Required,Yes,
E00986,P000986,HR,No,Not Required,Yes,
E00987,P000987,HR,No,Not Required,Yes,
E00988,P000988,HR,No,Not Required,Yes,
E00989,P000989,HR,No,Not Required,Yes,
E00990,P000990,HR,No,Not Required,Yes,
E00991,P000991,HR,No,Not Required,Yes,
E00992,P000992,HR,No,Not Required,Yes,
E00993,P000993,HR,No,Not Required,Yes,
E00994,P000994,HR,No,Not Required,Yes,
E00995,P000995,HR,No,Not Required,Yes,
E00996,P000996,HR,No,Not Required,Yes,
E00997,P000997,HR,No,Not Required,Yes,
E00998,P000998,HR,No,Not Required,Yes,
E00999,P000999,HR,No,Not Required,Yes,
E01000,P001000,HR,No,Not Required,Yes,
E01001,P001001,HR,No,Not Required,Yes,
E01002,P001002,HR,No,Not Required,Yes,
E01003,P001003,HR,No,Not Required,Yes,
E01004,P001004,HR,No,Not Required,Yes,
E01005,P001005,HR,No,Not Required,Yes,
E01006,P001006,HR,No,Not Required,Yes,
E01007,P001007,HR,No,Not Required,Yes,
E01008,P001008,HR,No,Not Required,Yes,
E01009,P001009,HR,No,Not Required,Yes,
E01010,P001010,HR,No,Not Required,Yes,
E01011,P001011,HR,No,Not Required,Yes,
E01012,P001012,HR,No,Not Required,Yes,
E01013,P001013,HR,No,Not Required,Yes,
E01014,P001014,HR,No,Not Required,Yes,
E01015,P001015,HR,No,Not Required,Yes,
E01016,P001016,HR,No,Not Required,Yes,
E01017,P001017,HR,No,Not Required,Yes,
E01018,P001018,HR,No,Not Required,Yes,
E01019,P001019,HR,No,Not Required,Yes,
E01020,P001020,HR,No,Not Required,Yes,
E01021,P001021,HR,No,Not Required,Yes,
E01022,P001022,HR,No,Not Required,Yes,
E01023,P001023,HR,No,Not Required,Yes,
E01024,P001024,HR,No,Not Required,Yes,
E01025,P001025,HR,No,Not Required,Yes,
E01026,P001026,HR,No,Not Required,Yes,
E01027,P001027,HR,No,Not Required,Yes,
E01028,P001028,HR,No,Not Required,Yes,
E01029,P001029,HR,No,Not Required,Yes,
E01030,P001030,HR,No,Not Required,Yes,
E01031,P001031,HR,No,Not Required,Yes,
E01032,P001032,HR,No,Not Required,Yes,
E01033,P001033,HR,No,Not Required,Yes,
E01034,P001034,HR,No,Not Required,Yes,
E01035,P001035,HR,No,Not Required,Yes,
E01036,P001036,HR,No,Not Required,Yes,
E01037,P001037,HR,No,Not Required,Yes,
E01038,P001038,HR,No,Not Required,Yes,
E01039,P001039,HR,No,Not Required,Yes,
E01040,P001040,HR,No,Not Required,Yes,
E01041,P001041,HR,No,Not Required,Yes,
E01042,P001042,HR,No,Not Required,Yes,
E01043,P001043,HR,No,Not Required,Yes,
E01044,P001044,HR,No,Not Required,Yes,
E01045,P001045,HR,No,Not Required,Yes,
E01046,P001046,HR,No,Not Required,Yes,
E01047,P001047,HR,No,Not Required,Yes,
E01048,P001048,HR,No,Not Required,Yes,
E01049,P001049,HR,No,Not Required,Yes,
E01050,P001050,HR,No,Not Required,Yes,
E01051,P001051,HR,No,Not Required,Yes,
E01052,P001052,HR,No,Not Required,Yes,
E01053,P001053,HR,No,Not Required,Yes,
E01054,P001054,HR,No,Not Required,Yes,
E01055,P001055,HR,No,Not Required,Yes,
E01056,P001056,HR,No,Not Required,Yes,
E01057,P001057,HR,No,Not Required,Yes,
E01058,P001058,HR,No,Not Required,Yes,
E01059,P001059,HR,No,Not Required,Yes,
E01060,P001060,HR,No,Not Required,Yes,
E01061,P001061,HR,No,Not Required,Yes,
E01062,P001062,HR,No,Not Required,Yes,
E01063,P001063,HR,No,Not Required,Yes,
E01064,P001064,HR,No,Not Required,Yes,
E01065,P001065,HR,No,Not Required,Yes,
E01066,P001066,HR,No,Not Required,Yes,
E01067,P001067,HR,No,Not Required,Yes,
E01068,P001068,HR,No,Not Required,Yes,
E01069,P001069,HR,No,Not Required,Yes,
E01070,P001070,HR,No,Not Required,Yes,
E01071,P001071,HR,No,Not Required,Yes,
E01072,P001072,HR,No,Not Required,Yes,
E01073,P001073,HR,No,Not Required,Yes,
E01074,P001074,HR,No,Not Required,Yes,
E01075,P001075,HR,No,Not Required,Yes,
E01076,P001076,HR,No,Not Required,Yes,
E01077,P001077,HR,No,Not Required,Yes,
E01078,P001078,HR,No,Not Required,Yes,
E01079,P001079,HR,No,Not Required,Yes,
E01080,P001080,HR,No,Not Required,Yes,
E01081,P001081,HR,No,Not Required,Yes,
E01082,P001082,HR,No,Not Required,Yes,
E01083,P001083,HR,No,Not Required,Yes,
E01084,P001084,HR,No,Not Required,Yes,
E01085,P001085,HR,No,Not Required,Yes,
E01086,P001086,HR,No,Not Required,Yes,
E01087,P001087,HR,No,Not Required,Yes,
E01088,P001088,HR,No,Not Required,Yes,
E01089,P001089,HR,No,Not Required,Yes,
E01090,P001090,HR,No,Not Required,Yes,
E01091,P001091,HR,No,Not Required,Yes,
E01092,P001092,HR,No,Not Required,Yes,
E01093,P001093,HR,No,Not Required,Yes,
E01094,P001094,HR,No,Not Required,Yes,
E01095,P001095,HR,No,Not Required,Yes,
E01096,P001096,HR,No,Not Required,Yes,
E01097,P001097,HR,No,Not Required,Yes,
E01098,P001098,HR,No,Not Required,Yes,
E01099,P001099,HR,No,Not Required,Yes,
E01100,P001100,HR,No,Not Required,Yes,
E01101,P001101,HR,No,Not Required,Yes,
E01102,P001102,HR,No,Not Required,Yes,
E01103,P001103,HR,No,Not Required,Yes,
E01104,P001104,HR,No,Not Required,Yes,
E01105,P001105,HR,No,Not Required,Yes,
E01106,P001106,HR,No,Not Required,Yes,
E01107,P001107,HR,No,Not Required,Yes,
E01108,P001108,HR,No,Not Required,Yes,
E01109,P001109,HR,No,Not Required,Yes,
E01110,P001110,HR,No,Not Required,Yes,
E01111,P001111,HR,No,Not Required,Yes,
E01112,P001112,HR,No,Not Required,Yes,
E01113,P001113,HR,No,Not Required,Yes,
E01114,P001114,HR,No,Not Required,Yes,
E01115,P001115,HR,No,Not Required,Yes,
E01116,P001116,HR,No,Not Required,Yes,
E01117,P001117,HR,No,Not Required,Yes,
E01118,P001118,HR,No,Not Required,Yes,
E01119,P001119,HR,No,Not Required,Yes,
E01120,P001120,HR,No,Not Required,Yes,
E01121,P001121,HR,No,Not Required,Yes,
E01122,P001122,HR,No,Not Required,Yes,
E01123,P001123,HR,No,Not Required,Yes,
E01124,P001124,HR,No,Not Required,Yes,
E01125,P001125,HR,No,Not Required,Yes,
E01126,P001126,HR,No,Not Required,Yes,
E01127,P001127,HR,No,Not Required,Yes,
E01128,P001128,HR,No,Not Required,Yes,
E01129,P001129,HR,No,Not Required,Yes,
E01130,P001130,HR,No,Not Required,Yes,
E01131,P001131,HR,No,Not Required,Yes,
E01132,P001132,HR,No,Not Required,Yes,
E01133,P001133,HR,No,Not Required,Yes,
E01134,P001134,HR,No,Not Required,Yes,
E01135,P001135,HR,No,Not Required,Yes,
E01136,P001136,HR,No,Not Required,Yes,
E01137,P001137,HR,No,Not Required,Yes,
E01138,P001138,HR,No,Not Required,Yes,
E01139,P001139,HR,No,Not Required,Yes,
E01140,P001140,HR,No,Not Required,Yes,
E01141,P001141,HR,No,Not Required,Yes,
E01142,P001142,HR,No,Not Required,Yes,
E01143,P001143,HR,No,Not Required,Yes,
E01144,P001144,HR,No,Not Required,Yes,
E01145,P001145,HR,No,Not Required,Yes,
E01146,P001146,HR,No,Not Required,Yes,
E01147,P001147,HR,No,Not Required,Yes,
E01148,P001148,HR,No,Not Required,Yes,
E01149,P001149,HR,No,Not Required,Yes,
E01150,P001150,HR,No,Not Required,Yes,
E01151,P001151,HR,No,Not Required,Yes,
E01152,P001152,HR,No,Not Required,Yes,
E01153,P001153,HR,No,Not Required,Yes,
E01154,P001154,HR,No,Not Required,Yes,
E01155,P001155,HR,No,Not Required,Yes,
E01156,P001156,HR,No,Not Required,Yes,
E01157,P001157,HR,No,Not Required,Yes,
E01158,P001158,HR,No,Not Required,Yes,
E01159,P001159,HR,No,Not Required,Yes,
E01160,P001160,HR,No,Not Required,Yes,
E01161,P001161,HR,No,Not Required,Yes,
E01162,P001162,HR,No,Not Required,Yes,
E01163,P001163,HR,No,Not Required,Yes,
E01164,P001164,HR,No,Not Required,Yes,
E01165,P001165,HR,No,Not Required,Yes,
E01166,P001166,HR,No,Not Required,Yes,
E01167,P001167,HR,No,Not Required,Yes,
E01168,P001168,HR,No,Not Required,Yes,
E01169,P001169,HR,No,Not Required,Yes,
E01170,P001170,HR,No,Not Required,Yes,
E01171,P001171,HR,No,Not Required,Yes,
E01172,P001172,HR,No,Not Required,Yes,
E01173,P001173,HR,No,Not Required,Yes,
E01174,P001174,HR,No,Not Required,Yes,
E01175,P001175,HR,No,Not Required,Yes,
E01176,P001176,HR,No,Not Required,Yes,
E01177,P001177,HR,No,Not Required,Yes,
E01178,P001178,HR,No,Not Required,Yes,
E01179,P001179,HR,No,Not Required,Yes,
E01180,P001180,HR,No,Not Required,Yes,
E01181,P001181,HR,No,Not Required,Yes,
E01182,P001182,HR,No,Not Required,Yes,
E01183,P001183,HR,No,Not Required,Yes,
E01184,P001184,HR,No,Not Required,Yes,
E01185,P001185,HR,No,Not Required,Yes,
E01186,P001186,HR,No,Not Required,Yes,
E01187,P001187,HR,No,Not Required,Yes,
E01188,P001188,HR,No,Not Required,Yes,
E01189,P001189,HR,No,Not Required,Yes,
E01190,P001190,HR,No,Not Required,Yes,
E01191,P001191,HR,No,Not Required,Yes,
E01192,P001192,HR,No,Not Required,Yes,
E01193,P001193,HR,No,Not Required,Yes,
E01194,P001194,HR,No,Not Required,Yes,
E01195,P001195,HR,No,Not Required,Yes,
E01196,P001196,HR,No,Not Required,Yes,
E01197,P001197,HR,No,Not Required,Yes,
E01198,P001198,HR,No,Not Required,Yes,
E01199,P001199,HR,No,Not Required,Yes,
E01200,P001200,HR,No,Not Required,Yes,
E01201,P001201,HR,No,Not Required,Yes,
E01202,P001202,HR,No,Not Required,Yes,
E01203,P001203,HR,No,Not Required,Yes,
E01204,P001204,HR,No,Not Required,Yes,
E01205,P001205,HR,No,Not Required,Yes,
E01206,P001206,HR,No,Not Required,Yes,
E01207,P001207,HR,No,Not Required,Yes,
E01208,P001208,HR,No,Not Required,Yes,
E01209,P001209,HR,No,Not Required,Yes,
E01210,P001210,HR,No,Not Required,Yes,
E01211,P001211,HR,No,Not Required,Yes,
E01212,P001212,HR,No,Not Required,Yes,
E01213,P001213,HR,No,Not Required,Yes,
E01214,P001214,HR,No,Not Required,Yes,
E01215,P001215,HR,No,Not Required,Yes,
E01216,P001216,HR,No,Not Required,Yes,
E01217,P001217,HR,No,Not Required,Yes,
E01218,P001218,HR,No,Not Required,Yes,
E01219,P001219,HR,No,Not Required,Yes,
E01220,P001220,HR,No,Not Required,Yes,
E01221,P001221,HR,No,Not Required,Yes,
E01222,P001222,HR,No,Not Required,Yes,
E01223,P001223,HR,No,Not Required,Yes,
E01224,P001224,HR,No,Not Required,Yes,
E01225,P001225,HR,No,Not Required,Yes,
E01226,P001226,HR,No,Not Required,Yes,
E01227,P001227,HR,No,Not Required,Yes,
E01228,P001228,HR,No,Not Required,Yes,
E01229,P001229,HR,No,Not Required,Yes,
E01230,P001230,HR,No,Not Required,Yes,
E01231,P001231,HR,No,Not Required,Yes,
E01232,P001232,HR,No,Not Required,Yes,
E01233,P001233,HR,No,Not Required,Yes,
E01234,P001234,HR,No,Not Required,Yes,
E01235,P001235,HR,No,Not Required,Yes,
E01236,P001236,HR,No,Not Required,Yes,
E01237,P001237,HR,No,Not Required,Yes,
E01238,P001238,HR,No,Not Required,Yes,
E01239,P001239,HR,No,Not Required,Yes,
E01240,P001240,HR,No,Not Required,Yes,
E01241,P001241,HR,No,Not Required,Yes,
E01242,P001242,HR,No,Not Required,Yes,
E01243,P001243,HR,No,Not Required,Yes,
E01244,P001244,HR,No,Not Required,Yes,
E01245,P001245,HR,No,Not Required,Yes,
E01246,P001246,HR,No,Not Required,Yes,
E01247,P001247,HR,No,Not Required,Yes,
E01248,P001248,HR,No,Not Required,Yes,
E01249,P001249,HR,No,Not Required,Yes,
E01250,P001250,HR,No,Not Required,Yes,
E01251,P001251,HR,No,Not Required,Yes,
E01252,P001252,HR,No,Not Required,Yes,
E01253,P001253,HR,No,Not Required,Yes,
E01254,P001254,HR,No,Not Required,Yes,
E01255,P001255,HR,No,Not Required,Yes,
E01256,P001256,HR,No,Not Required,Yes,
E01257,P001257,HR,No,Not Required,Yes,
E01258,P001258,HR,No,Not Required,Yes,
E01259,P001259,HR,No,Not Required,Yes,
E01260,P001260,HR,No,Not Required,Yes,
E01261,P001261,HR,No,Not Required,Yes,
E01262,P001262,HR,No,Not Required,Yes,
E01263,P001263,HR,No,Not Required,Yes,
E01264,P001264,HR,No,Not Required,Yes,
E01265,P001265,HR,No,Not Required,Yes,
E01266,P001266,HR,No,Not Required,Yes,
E01267,P001267,HR,No,Not Required,Yes,
E01268,P001268,HR,No,Not Required,Yes,
E01269,P001269,HR,No,Not Required,Yes,
E01270,P001270,HR,No,Not Required,Yes,
E01271,P001271,HR,No,Not Required,Yes,
E01272,P001272,HR,No,Not Required,Yes,
E01273,P001273,HR,No,Not Required,Yes,
E01274,P001274,HR,No,Not Required,Yes,
E01275,P001275,HR,No,Not Required,Yes,
E01276,P001276,HR,No,Not Required,Yes,
E01277,P001277,HR,No,Not Required,Yes,
E01278,P001278,HR,No,Not Required,Yes,
E01279,P001279,HR,No,Not Required,Yes,
E01280,P001280,HR,No,Not Required,Yes,
E01281,P001281,HR,No,Not Required,Yes,
E01282,P001282,HR,No,Not Required,Yes,
E01283,P001283,HR,No,Not Required,Yes,
E01284,P001284,HR,No,Not Required,Yes,
E01285,P001285,HR,No,Not Required,Yes,
E01286,P001286,HR,No,Not Required,Yes,
E01287,P001287,HR,No,Not Required,Yes,
E01288,P001288,HR,No,Not Required,Yes,
E01289,P001289,HR,No,Not Required,Yes,
E01290,P001290,HR,No,Not Required,Yes,
E01291,P001291,HR,No,Not Required,Yes,
E01292,P001292,HR,No,Not Required,Yes,
E01293,P001293,HR,No,Not Required,Yes,
E01294,P001294,HR,No,Not Required,Yes,
E01295,P001295,HR,No,Not Required,Yes,
E01296,P001296,HR,No,Not Required,Yes,
E01297,P001297,HR,No,Not Required,Yes,
E01298,P001298,HR,No,Not Required,Yes,
E01299,P001299,HR,No,Not Required,Yes,
E01300,P001300,HR,No,Not Required,Yes,
E01301,P001301,HR,No,Not Required,Yes,
E01302,P001302,HR,No,Not Required,Yes,
E01303,P001303,HR,No,Not Required,Yes,
E01304,P001304,HR,No,Not Required,Yes,
E01305,P001305,HR,No,Not Required,Yes,
E01306,P001306,HR,No,Not Required,Yes,
E01307,P001307,HR,No,Not Required,Yes,
E01308,P001308,HR,No,Not Required,Yes,
E01309,P001309,HR,No,Not Required,Yes,
E01310,P001310,HR,No,Not Required,Yes,
E01311,P001311,HR,No,Not Required,Yes,
E01312,P001312,HR,No,Not Required,Yes,
E01313,P001313,HR,No,Not Required,Yes,
E01314,P001314,HR,No,Not Required,Yes,
E01315,P001315,HR,No,Not Required,Yes,
E01316,P001316,HR,No,Not Required,Yes,
E01317,P001317,HR,No,Not Required,Yes,
E01318,P001318,HR,No,Not Required,Yes,
E01319,P001319,HR,No,Not Required,Yes,
E01320,P001320,HR,No,Not Required,Yes,
E01321,P001321,HR,No,Not Required,Yes,
E01322,P001322,HR,No,Not Required,Yes,
E01323,P001323,HR,No,Not Required,Yes,
E01324,P001324,HR,No,Not Required,Yes,
E01325,P001325,HR,No,Not Required,Yes,
E01326,P001326,HR,No,Not Required,Yes,
E01327,P001327,HR,No,Not Required,Yes,
E01328,P001328,HR,No,Not Required,Yes,
E01329,P001329,HR,No,Not Required,Yes,
E01330,P001330,HR,No,Not Required,Yes,
E01331,P001331,HR,No,Not Required,Yes,
E01332,P001332,HR,No,Not Required,Yes,
E01333,P001333,HR,No,Not Required,Yes,
E01334,P001334,HR,No,Not Required,Yes,
E01335,P001335,HR,No,Not Required,Yes,
E01336,P001336,HR,No,Not Required,Yes,
E01337,P001337,HR,No,Not Required,Yes,
E01338,P001338,HR,No,Not Required,Yes,
E01339,P001339,HR,No,Not Required,Yes,
E01340,P001340,HR,No,Not Required,Yes,
E01341,P001341,HR,No,Not Required,Yes,
E01342,P001342,HR,No,Not Required,Yes,
E01343,P001343,HR,No,Not Required,Yes,
E01344,P001344,HR,No,Not Required,Yes,
E01345,P001345,HR,No,Not Required,Yes,
E01346,P001346,HR,No,Not Required,Yes,
E01347,P001347,HR,No,Not Required,Yes,
E01348,P001348,HR,No,Not Required,Yes,
E01349,P001349,HR,No,Not Required,Yes,
E01350,P001350,HR,No,Not Required,Yes,
E01351,P001351,HR,No,Not Required,Yes,
E01352,P001352,HR,No,Not Required,Yes,
E01353,P001353,HR,No,Not Required,Yes,
E01354,P001354,HR,No,Not Required,Yes,
E01355,P001355,HR,No,Not Required,Yes,
E01356,P001356,HR,No,Not Required,Yes,
E01357,P001357,HR,No,Not Required,Yes,
E01358,P001358,HR,No,Not Required,Yes,
E01359,P001359,HR,No,Not Required,Yes,
E01360,P001360,HR,No,Not Required,Yes,
E01361,P001361,HR,No,Not Required,Yes,
E01362,P001362,HR,No,Not Required,Yes,
E01363,P001363,HR,No,Not Required,Yes,
E01364,P001364,HR,No,Not Required,Yes,
E01365,P001365,HR,No,Not Required,Yes,
E01366,P001366,HR,No,Not Required,Yes,
E01367,P001367,HR,No,Not Required,Yes,
E01368,P001368,HR,No,Not Required,Yes,
E01369,P001369,HR,No,Not Required,Yes,
E01370,P001370,HR,No,Not Required,Yes,
E01371,P001371,HR,No,Not Required,Yes,
E01372,P001372,HR,No,Not Required,Yes,
E01373,P001373,HR,No,Not Required,Yes,
E01374,P001374,HR,No,Not Required,Yes,
E01375,P001375,HR,No,Not Required,Yes,
E01376,P001376,HR,No,Not Required,Yes,
E01377,P001377,HR,No,Not Required,Yes,
E01378,P001378,HR,No,Not Required,Yes,
E01379,P001379,HR,No,Not Required,Yes,
E01380,P001380,HR,No,Not Required,Yes,
E01381,P001381,HR,No,Not Required,Yes,
E01382,P001382,HR,No,Not Required,Yes,
E01383,P001383,HR,No,Not Required,Yes,
E01384,P001384,HR,No,Not Required,Yes,
E01385,P001385,HR,No,Not Required,Yes,
E01386,P001386,HR,No,Not Required,Yes,
E01387,P001387,HR,No,Not Required,Yes,
E01388,P001388,HR,No,Not Required,Yes,
E01389,P001389,HR,No,Not Required,Yes,
E01390,P001390,HR,No,Not Required,Yes,
E01391,P001391,HR,No,Not Required,Yes,
E01392,P001392,HR,No,Not Required,Yes,
E01393,P001393,HR,No,Not Required,Yes,
E01394,P001394,HR,No,Not Required,Yes,
E01395,P001395,HR,No,Not Required,Yes,
E01396,P001396,HR,No,Not Required,Yes,
E01397,P001397,HR,No,Not Required,Yes,
E01398,P001398,HR,No,Not Required,Yes,
E01399,P001399,HR,No,Not Required,Yes,
E01400,P001400,HR,No,Not Required,Yes,
E01401,P001401,HR,No,Not Required,Yes,
E01402,P001402,HR,No,Not Required,Yes,
E01403,P001403,HR,No,Not Required,Yes,
E01404,P001404,HR,No,Not Required,Yes,
E01405,P001405,HR,No,Not Required,Yes,
E01406,P001406,HR,No,Not Required,Yes,
E01407,P001407,HR,No,Not Required,Yes,
E01408,P001408,HR,No,Not Required,Yes,
E01409,P001409,HR,No,Not Required,Yes,
E01410,P001410,HR,No,Not Required,Yes,
E01411,P001411,HR,No,Not Required,Yes,
E01412,P001412,HR,No,Not Required,Yes,
E01413,P001413,HR,No,Not Required,Yes,
E01414,P001414,HR,No,Not Required,Yes,
E01415,P001415,HR,No,Not Required,Yes,
E01416,P001416,HR,No,Not Required,Yes,
E01417,P001417,HR,No,Not Required,Yes,
E01418,P001418,HR,No,Not Required,Yes,
E01419,P001419,HR,No,Not Required,Yes,
E01420,P001420,HR,No,Not Required,Yes,
E01421,P001421,HR,No,Not Required,Yes,
E01422,P001422,HR,No,Not Required,Yes,
E01423,P001423,HR,No,Not Required,Yes,
E01424,P001424,HR,No,Not Required,Yes,
E01425,P001425,HR,No,Not Required,Yes,
E01426,P001426,HR,No,Not Required,Yes,
E01427,P001427,HR,No,Not Required,Yes,
E01428,P001428,HR,No,Not Required,Yes,
E01429,P001429,HR,No,Not Required,Yes,
E01430,P001430,HR,No,Not Required,Yes,
E01431,P001431,HR,No,Not Required,Yes,
E01432,P001432,HR,No,Not Required,Yes,
E01433,P001433,HR,No,Not Required,Yes,
E01434,P001434,HR,No,Not Required,Yes,
E01435,P001435,HR,No,Not Required,Yes,
E01436,P001436,HR,No,Not Required,Yes,
E01437,P001437,HR,No,Not Required,Yes,
E01438,P001438,HR,No,Not Required,Yes,
E01439,P001439,HR,No,Not Required,Yes,
E01440,P001440,HR,No,Not Required,Yes,
E01441,P001441,HR,No,Not Required,Yes,
E01442,P001442,HR,No,Not Required,Yes,
E01443,P001443,HR,No,Not Required,Yes,
E01444,P001444,HR,No,Not Required,Yes,
E01445,P001445,HR,No,Not Required,Yes,
E01446,P001446,HR,No,Not Required,Yes,
E01447,P001447,HR,No,Not Required,Yes,
E01448,P001448,HR,No,Not Required,Yes,
E01449,P001449,HR,No,Not Required,Yes,
E01450,P001450,HR,No,Not Required,Yes,
E01451,P001451,HR,No,Not Required,Yes,
E01452,P001452,HR,No,Not Required,Yes,
E01453,P001453,HR,No,Not Required,Yes,
E01454,P001454,HR,No,Not Required,Yes,
E01455,P001455,HR,No,Not Required,Yes,
E01456,P001456,HR,No,Not Required,Yes,
E01457,P001457,HR,No,Not Required,Yes,
E01458,P001458,HR,No,Not Required,Yes,
E01459,P001459,HR,No,Not Required,Yes,
E01460,P001460,HR,No,Not Required,Yes,
E01461,P001461,HR,No,Not Required,Yes,
E01462,P001462,HR,No,Not Required,Yes,
E01463,P001463,HR,No,Not Required,Yes,
E01464,P001464,HR,No,Not Required,Yes,
E01465,P001465,HR,No,Not Required,Yes,
E01466,P001466,HR,No,Not Required,Yes,
E01467,P001467,HR,No,Not Required,Yes,
E01468,P001468,HR,No,Not Required,Yes,
E01469,P001469,HR,No,Not Required,Yes,
E01470,P001470,HR,No,Not Required,Yes,
E01471,P001471,HR,No,Not Required,Yes,
E01472,P001472,HR,No,Not Required,Yes,
E01473,P001473,HR,No,Not Required,Yes,
E01474,P001474,HR,No,Not Required,Yes,
E01475,P001475,HR,No,Not Required,Yes,
E01476,P001476,HR,No,Not Required,Yes,
E01477,P001477,HR,No,Not Required,Yes,
E01478,P001478,HR,No,Not Required,Yes,
E01479,P001479,HR,No,Not Required,Yes,
E01480,P001480,HR,No,Not Required,Yes,
E01481,P001481,HR,No,Not Required,Yes,
E01482,P001482,HR,No,Not Required,Yes,
E01483,P001483,HR,No,Not Required,Yes,
E01484,P001484,HR,No,Not Required,Yes,
E01485,P001485,HR,No,Not Required,Yes,
E01486,P001486,HR,No,Not Required,Yes,
E01487,P001487,HR,No,Not Required,Yes,
E01488,P001488,HR,No,Not Required,Yes,
E01489,P001489,HR,No,Not Required,Yes,
E01490,P001490,HR,No,Not Required,Yes,
E01491,P001491,HR,No,Not Required,Yes,
E01492,P001492,HR,No,Not Required,Yes,
E01493,P001493,HR,No,Not Required,Yes,
E01494,P001494,HR,No,Not Required,Yes,
E01495,P001495,HR,No,Not Required,Yes,
E01496,P001496,HR,No,Not Required,Yes,
E01497,P001497,HR,No,Not Required,Yes,
E01498,P001498,HR,No,Not Required,Yes,
E01499,P001499,HR,No,Not Required,Yes,
E01500,P001500,HR,No,Not Required,Yes,
E01501,P001501,HR,No,Not Required,Yes,
E01502,P001502,HR,No,Not Required,Yes,
E01503,P001503,HR,No,Not Required,Yes,
E01504,P001504,HR,No,Not Required,Yes,
E01505,P001505,HR,No,Not Required,Yes,
E01506,P001506,HR,No,Not Required,Yes,
E01507,P001507,HR,No,Not Required,Yes,
E01508,P001508,HR,No,Not Required,Yes,
E01509,P001509,HR,No,Not Required,Yes,
E01510,P001510,HR,No,Not Required,Yes,
E01511,P001511,HR,No,Not Required,Yes,
E01512,P001512,HR,No,Not Required,Yes,
E01513,P001513,HR,No,Not Required,Yes,
E01514,P001514,HR,No,Not Required,Yes,
E01515,P001515,HR,No,Not Required,Yes,
E01516,P001516,HR,No,Not Required,Yes,
E01517,P001517,HR,No,Not Required,Yes,
E01518,P001518,HR,No,Not Required,Yes,
E01519,P001519,HR,No,Not Required,Yes,
E01520,P001520,HR,No,Not Required,Yes,
E01521,P001521,HR,No,Not Required,Yes,
E01522,P001522,HR,No,Not Required,Yes,
E01523,P001523,HR,No,Not Required,Yes,
E01524,P001524,HR,No,Not Required,Yes,
E01525,P001525,HR,No,Not Required,Yes,
E01526,P001526,HR,No,Not Required,Yes,
E01527,P001527,HR,No,Not Required,Yes,
E01528,P001528,HR,No,Not Required,Yes,
E01529,P001529,HR,No,Not Required,Yes,
E01530,P001530,HR,No,Not Required,Yes,
E01531,P001531,HR,No,Not Required,Yes,
E01532,P001532,HR,No,Not Required,Yes,
E01533,P001533,HR,No,Not Required,Yes,
E01534,P001534,HR,No,Not Required,Yes,
E01535,P001535,HR,No,Not Required,Yes,
E01536,P001536,HR,No,Not Required,Yes,
E01537,P001537,HR,No,Not Required,Yes,
E01538,P001538,HR,No,Not Required,Yes,
E01539,P001539,HR,No,Not Required,Yes,
E01540,P001540,HR,No,Not Required,Yes,
E01541,P001541,HR,No,Not Required,Yes,
E01542,P001542,HR,No,Not Required,Yes,
E01543,P001543,HR,No,Not Required,Yes,
E01544,P001544,HR,No,Not Required,Yes,
E01545,P001545,HR,No,Not Required,Yes,
E01546,P001546,HR,No,Not Required,Yes,
E01547,P001547,HR,No,Not Required,Yes,
E01548,P001548,HR,No,Not Required,Yes,
E01549,P001549,HR,No,Not Required,Yes,
E01550,P001550,HR,No,Not Required,Yes,
E01551,P001551,HR,No,Not Required,Yes,
E01552,P001552,HR,No,Not Required,Yes,
E01553,P001553,HR,No,Not Required,Yes,
E01554,P001554,HR,No,Not Required,Yes,
E01555,P001555,HR,No,Not Required,Yes,
E01556,P001556,HR,No,Not Required,Yes,
E01557,P001557,HR,No,Not Required,Yes,
E01558,P001558,HR,No,Not Required,Yes,
E01559,P001559,HR,No,Not Required,Yes,
E01560,P001560,HR,No,Not Required,Yes,
E01561,P001561,HR,No,Not Required,Yes,
E01562,P001562,HR,No,Not Required,Yes,
E01563,P001563,HR,No,Not Required,Yes,
E01564,P001564,HR,No,Not Required,Yes,
E01565,P001565,HR,No,Not Required,Yes,
E01566,P001566,HR,No,Not Required,Yes,
E01567,P001567,HR,No,Not Required,Yes,
E01568,P001568,HR,No,Not Required,Yes,
E01569,P001569,HR,No,Not Required,Yes,
E01570,P001570,HR,No,Not Required,Yes,
E01571,P001571,HR,No,Not Required,Yes,
E01572,P001572,HR,No,Not Required,Yes,
E01573,P001573,HR,No,Not Required,Yes,
E01574,P001574,HR,No,Not Required,Yes,
E01575,P001575,HR,No,Not Required,Yes,
E01576,P001576,HR,No,Not Required,Yes,
E01577,P001577,HR,No,Not Required,Yes,
E01578,P001578,HR,No,Not Required,Yes,
E01579,P001579,HR,No,Not Required,Yes,
E01580,P001580,HR,No,Not Required,Yes,
E01581,P001581,HR,No,Not Required,Yes,
E01582,P001582,HR,No,Not Required,Yes,
E01583,P001583,HR,No,Not Required,Yes,
E01584,P001584,HR,No,Not Required,Yes,
E01585,P001585,HR,No,Not Required,Yes,
E01586,P001586,HR,No,Not Required,Yes,
E01587,P001587,HR,No,Not Required,Yes,
E01588,P001588,HR,No,Not Required,Yes,
E01589,P001589,HR,No,Not Required,Yes,
E01590,P001590,HR,No,Not Required,Yes,
E01591,P001591,HR,No,Not Required,Yes,
E01592,P001592,HR,No,Not Required,Yes,
E01593,P001593,HR,No,Not Required,Yes,
E01594,P001594,HR,No,Not Required,Yes,
E01595,P001595,HR,No,Not Required,Yes,
E01596,P001596,HR,No,Not Required,Yes,
E01597,P001597,HR,No,Not Required,Yes,
E01598,P001598,HR,No,Not Required,Yes,
E01599,P001599,HR,No,Not Required,Yes,
E01600,P001600,HR,No,Not Required,Yes,
E01601,P001601,HR,No,Not Required,Yes,
E01602,P001602,HR,No,Not Required,Yes,
E01603,P001603,HR,No,Not Required,Yes,
E01604,P001604,HR,No,Not Required,Yes,
E01605,P001605,HR,No,Not Required,Yes,
E01606,P001606,HR,No,Not Required,Yes,
E01607,P001607,HR,No,Not Required,Yes,
E01608,P001608,HR,No,Not Required,Yes,
E01609,P001609,HR,No,Not Required,Yes,
E01610,P001610,HR,No,Not Required,Yes,
E01611,P001611,HR,No,Not Required,Yes,
E01612,P001612,HR,No,Not Required,Yes,
E01613,P001613,HR,No,Not Required,Yes,
E01614,P001614,HR,No,Not Required,Yes,
E01615,P001615,HR,No,Not Required,Yes,
E01616,P001616,HR,No,Not Required,Yes,
E01617,P001617,HR,No,Not Required,Yes,
E01618,P001618,HR,No,Not Required,Yes,
E01619,P001619,HR,No,Not Required,Yes,
E01620,P001620,HR,No,Not Required,Yes,
E01621,P001621,HR,No,Not Required,Yes,
E01622,P001622,HR,No,Not Required,Yes,
E01623,P001623,HR,No,Not Required,Yes,
E01624,P001624,HR,No,Not Required,Yes,
E01625,P001625,HR,No,Not Required,Yes,
E01626,P001626,HR,No,Not Required,Yes,
E01627,P001627,HR,No,Not Required,Yes,
E01628,P001628,HR,No,Not Required,Yes,
E01629,P001629,HR,No,Not Required,Yes,
E01630,P001630,HR,No,Not Required,Yes,
E01631,P001631,HR,No,Not Required,Yes,
E01632,P001632,HR,No,Not Required,Yes,
E01633,P001633,HR,No,Not Required,Yes,
E01634,P001634,HR,No,Not Required,Yes,
E01635,P001635,HR,No,Not Required,Yes,
E01636,P001636,HR,No,Not Required,Yes,
E01637,P001637,HR,No,Not Required,Yes,
E01638,P001638,HR,No,Not Required,Yes,
E01639,P001639,HR,No,Not Required,Yes,
E01640,P001640,HR,No,Not Required,Yes,
E01641,P001641,HR,No,Not Required,Yes,
E01642,P001642,HR,No,Not Required,Yes,
E01643,P001643,HR,No,Not Required,Yes,
E01644,P001644,HR,No,Not Required,Yes,
E01645,P001645,HR,No,Not Required,Yes,
E01646,P001646,HR,No,Not Required,Yes,
E01647,P001647,HR,No,Not Required,Yes,
E01648,P001648,HR,No,Not Required,Yes,
E01649,P001649,HR,No,Not Required,Yes,
E01650,P001650,HR,No,Not Required,Yes,
E01651,P001651,HR,No,Not Required,Yes,
E01652,P001652,HR,No,Not Required,Yes,
E01653,P001653,HR,No,Not Required,Yes,
E01654,P001654,HR,No,Not Required,Yes,
E01655,P001655,HR,No,Not Required,Yes,
E01656,P001656,HR,No,Not Required,Yes,
E01657,P001657,HR,No,Not Required,Yes,
E01658,P001658,HR,No,Not Required,Yes,
E01659,P001659,HR,No,Not Required,Yes,
E01660,P001660,HR,No,Not Required,Yes,
E01661,P001661,HR,No,Not Required,Yes,
E01662,P001662,HR,No,Not Required,Yes,
E01663,P001663,HR,No,Not Required,Yes,
E01664,P001664,HR,No,Not Required,Yes,
E01665,P001665,HR,No,Not Required,Yes,
E01666,P001666,HR,No,Not Required,Yes,
E01667,P001667,HR,No,Not Required,Yes,
E01668,P001668,HR,No,Not Required,Yes,
E01669,P001669,HR,No,Not Required,Yes,
E01670,P001670,HR,No,Not Required,Yes,
E01671,P001671,HR,No,Not Required,Yes,
E01672,P001672,HR,No,Not Required,Yes,
E01673,P001673,HR,No,Not Required,Yes,
E01674,P001674,HR,No,Not Required,Yes,
E01675,P001675,HR,No,Not Required,Yes,
E01676,P001676,HR,No,Not Required,Yes,
E01677,P001677,HR,No,Not Required,Yes,
E01678,P001678,HR,No,Not Required,Yes,
E01679,P001679,HR,No,Not Required,Yes,
E01680,P001680,HR,No,Not Required,Yes,
E01681,P001681,HR,No,Not Required,Yes,
E01682,P001682,HR,No,Not Required,Yes,
E01683,P001683,HR,No,Not Required,Yes,
E01684,P001684,HR,No,Not Required,Yes,
E01685,P001685,HR,No,Not Required,Yes,
E01686,P001686,HR,No,Not Required,Yes,
E01687,P001687,HR,No,Not Required,Yes,
E01688,P001688,HR,No,Not Required,Yes,
E01689,P001689,HR,No,Not Required,Yes,
E01690,P001690,HR,No,Not Required,Yes,
E01691,P001691,HR,No,Not Required,Yes,
E01692,P001692,HR,No,Not Required,Yes,
E01693,P001693,HR,No,Not Required,Yes,
E01694,P001694,HR,No,Not Required,Yes,
E01695,P001695,HR,No,Not Required,Yes,
E01696,P001696,HR,No,Not Required,Yes,
E01697,P001697,HR,No,Not Required,Yes,
E01698,P001698,HR,No,Not Required,Yes,
E01699,P001699,HR,No,Not Required,Yes,
E01700,P001700,HR,No,Not Required,Yes,
E01701,P001701,HR,No,Not Required,Yes,
E01702,P001702,HR,No,Not Required,Yes,
E01703,P001703,HR,No,Not Required,Yes,
E01704,P001704,HR,No,Not Required,Yes,
E01705,P001705,HR,No,Not Required,Yes,
E01706,P001706,HR,No,Not Required,Yes,
E01707,P001707,HR,No,Not Required,Yes,
E01708,P001708,HR,No,Not Required,Yes,
E01709,P001709,HR,No,Not Required,Yes,
E01710,P001710,HR,No,Not Required,Yes,
E01711,P001711,HR,No,Not Required,Yes,
E01712,P001712,HR,No,Not Required,Yes,
E01713,P001713,HR,No,Not Required,Yes,
E01714,P001714,HR,No,Not Required,Yes,
E01715,P001715,HR,No,Not Required,Yes,
E01716,P001716,HR,No,Not Required,Yes,
E01717,P001717,HR,No,Not Required,Yes,
E01718,P001718,HR,No,Not Required,Yes,
E01719,P001719,HR,No,Not Required,Yes,
E01720,P001720,HR,No,Not Required,Yes,
E01721,P001721,HR,No,Not Required,Yes,
E01722,P001722,HR,No,Not Required,Yes,
E01723,P001723,HR,No,Not Required,Yes,
E01724,P001724,HR,No,Not Required,Yes,
E01725,P001725,HR,No,Not Required,Yes,
E01726,P001726,HR,No,Not Required,Yes,
E01727,P001727,HR,No,Not Required,Yes,
E01728,P001728,HR,No,Not Required,Yes,
E01729,P001729,HR,No,Not Required,Yes,
E01730,P001730,HR,No,Not Required,Yes,
E01731,P001731,HR,No,Not Required,Yes,
E01732,P001732,HR,No,Not Required,Yes,
E01733,P001733,HR,No,Not Required,Yes,
E01734,P001734,HR,No,Not Required,Yes,
E01735,P001735,HR,No,Not Required,Yes,
E01736,P001736,HR,No,Not Required,Yes,
E01737,P001737,HR,No,Not Required,Yes,
E01738,P001738,HR,No,Not Required,Yes,
E01739,P001739,HR,No,Not Required,Yes,
E01740,P001740,HR,No,Not Required,Yes,
E01741,P001741,HR,No,Not Required,Yes,
E01742,P001742,HR,No,Not Required,Yes,
E01743,P001743,HR,No,Not Required,Yes,
E01744,P001744,HR,No,Not Required,Yes,
E01745,P001745,HR,No,Not Required,Yes,
E01746,P001746,HR,No,Not Required,Yes,
E01747,P001747,HR,No,Not Required,Yes,
E01748,P001748,HR,No,Not Required,Yes,
E01749,P001749,HR,No,Not Required,Yes,
E01750,P001750,HR,No,Not Required,Yes,
E01751,P001751,HR,No,Not Required,Yes,
E01752,P001752,HR,No,Not Required,Yes,
E01753,P001753,HR,No,Not Required,Yes,
E01754,P001754,HR,No,Not Required,Yes,
E01755,P001755,HR,No,Not Required,Yes,
E01756,P001756,HR,No,Not Required,Yes,
E01757,P001757,HR,No,Not Required,Yes,
E01758,P001758,HR,No,Not Required,Yes,
E01759,P001759,HR,No,Not Required,Yes,
E01760,P001760,HR,No,Not Required,Yes,
E01761,P001761,HR,No,Not Required,Yes,
E01762,P001762,HR,No,Not Required,Yes,
E01763,P001763,HR,No,Not Required,Yes,
E01764,P001764,HR,No,Not Required,Yes,
E01765,P001765,HR,No,Not Required,Yes,
E01766,P001766,HR,No,Not Required,Yes,
E01767,P001767,HR,No,Not Required,Yes,
E01768,P001768,HR,No,Not Required,Yes,
E01769,P001769,HR,No,Not Required,Yes,
E01770,P001770,HR,No,Not Required,Yes,
E01771,P001771,HR,No,Not Required,Yes,
E01772,P001772,HR,No,Not Required,Yes,
E01773,P001773,HR,No,Not Required,Yes,
E01774,P001774,HR,No,Not Required,Yes,
E01775,P001775,HR,No,Not Required,Yes,
E01776,P001776,HR,No,Not Required,Yes,
E01777,P001777,HR,No,Not Required,Yes,
E01778,P001778,HR,No,Not Required,Yes,
E01779,P001779,HR,No,Not Required,Yes,
E01780,P001780,HR,No,Not Required,Yes,
E01781,P001781,HR,No,Not Required,Yes,
E01782,P001782,HR,No,Not Required,Yes,
E01783,P001783,HR,No,Not Required,Yes,
E01784,P001784,HR,No,Not Required,Yes,
E01785,P001785,HR,No,Not Required,Yes,
E01786,P001786,HR,No,Not Required,Yes,
E01787,P001787,HR,No,Not Required,Yes,
E01788,P001788,HR,No,Not Required,Yes,
E01789,P001789,HR,No,Not Required,Yes,
E01790,P001790,HR,No,Not Required,Yes,
E01791,P001791,HR,No,Not Required,Yes,
E01792,P001792,HR,No,Not Required,Yes,
E01793,P001793,HR,No,Not Required,Yes,
E01794,P001794,HR,No,Not Required,Yes,
E01795,P001795,HR,No,Not Required,Yes,
E01796,P001796,HR,No,Not Required,Yes,
E01797,P001797,HR,No,Not Required,Yes,
E01798,P001798,HR,No,Not Required,Yes,
E01799,P001799,HR,No,Not Required,Yes,
E01800,P001800,HR,No,Not Required,Yes,
E01801,P001801,HR,No,Not Required,Yes,
E01802,P001802,HR,No,Not Required,Yes,
E01803,P001803,HR,No,Not Required,Yes,
E01804,P001804,HR,No,Not Required,Yes,
E01805,P001805,HR,No,Not Required,Yes,
E01806,P001806,HR,No,Not Required,Yes,
E01807,P001807,HR,No,Not Required,Yes,
E01808,P001808,HR,No,Not Required,Yes,
E01809,P001809,HR,No,Not Required,Yes,
E01810,P001810,HR,No,Not Required,Yes,
E01811,P001811,HR,No,Not Required,Yes,
E01812,P001812,HR,No,Not Required,Yes,
E01813,P001813,HR,No,Not Required,Yes,
E01814,P001814,HR,No,Not Required,Yes,
E01815,P001815,HR,No,Not Required,Yes,
E01816,P001816,HR,No,Not Required,Yes,
E01817,P001817,HR,No,Not Required,Yes,
E01818,P001818,HR,No,Not Required,Yes,
E01819,P001819,HR,No,Not Required,Yes,
E01820,P001820,HR,No,Not Required,Yes,
E01821,P001821,HR,No,Not Required,Yes,
E01822,P001822,HR,No,Not Required,Yes,
E01823,P001823,HR,No,Not Required,Yes,
E01824,P001824,HR,No,Not Required,Yes,
E01825,P001825,HR,No,Not Required,Yes,
E01826,P001826,HR,No,Not Required,Yes,
E01827,P001827,HR,No,Not Required,Yes,
E01828,P001828,HR,No,Not Required,Yes,
E01829,P001829,HR,No,Not Required,Yes,
E01830,P001830,HR,No,Not Required,Yes,
E01831,P001831,HR,No,Not Required,Yes,
E01832,P001832,HR,No,Not Required,Yes,
E01833,P001833,HR,No,Not Required,Yes,
E01834,P001834,HR,No,Not Required,Yes,
E01835,P001835,HR,No,Not Required,Yes,
E01836,P001836,HR,No,Not Required,Yes,
E01837,P001837,HR,No,Not Required,Yes,
E01838,P001838,HR,No,Not Required,Yes,
E01839,P001839,HR,No,Not Required,Yes,
E01840,P001840,HR,No,Not Required,Yes,
E01841,P001841,HR,No,Not Required,Yes,
E01842,P001842,HR,No,Not Required,Yes,
E01843,P001843,HR,No,Not Required,Yes,
E01844,P001844,HR,No,Not Required,Yes,
E01845,P001845,HR,No,Not Required,Yes,
E01846,P001846,HR,No,Not Required,Yes,
E01847,P001847,HR,No,Not Required,Yes,
E01848,P001848,HR,No,Not Required,Yes,
E01849,P001849,HR,No,Not Required,Yes,
E01850,P001850,HR,No,Not Required,Yes,
E01851,P001851,HR,No,Not Required,Yes,
E01852,P001852,HR,No,Not Required,Yes,
E01853,P001853,HR,No,Not Required,Yes,
E01854,P001854,HR,No,Not Required,Yes,
E01855,P001855,HR,No,Not Required,Yes,
E01856,P001856,HR,No,Not Required,Yes,
E01857,P001857,HR,No,Not Required,Yes,
E01858,P001858,HR,No,Not Required,Yes,
E01859,P001859,HR,No,Not Required,Yes,
E01860,P001860,HR,No,Not Required,Yes,
E01861,P001861,HR,No,Not Required,Yes,
E01862,P001862,HR,No,Not Required,Yes,
E01863,P001863,HR,No,Not Required,Yes,
E01864,P001864,HR,No,Not Required,Yes,
E01865,P001865,HR,No,Not Required,Yes,
E01866,P001866,HR,No,Not Required,Yes,
E01867,P001867,HR,No,Not Required,Yes,
E01868,P001868,HR,No,Not Required,Yes,
E01869,P001869,HR,No,Not Required,Yes,
E01870,P001870,HR,No,Not Required,Yes,
E01871,P001871,HR,No,Not Required,Yes,
E01872,P001872,HR,No,Not Required,Yes,
E01873,P001873,HR,No,Not Required,Yes,
E01874,P001874,HR,No,Not Required,Yes,
E01875,P001875,HR,No,Not Required,Yes,
E01876,P001876,HR,No,Not Required,Yes,
E01877,P001877,HR,No,Not Required,Yes,
E01878,P001878,HR,No,Not Required,Yes,
E01879,P001879,HR,No,Not Required,Yes,
E01880,P001880,HR,No,Not Required,Yes,
E01881,P001881,HR,No,Not Required,Yes,
E01882,P001882,HR,No,Not Required,Yes,
E01883,P001883,HR,No,Not Required,Yes,
E01884,P001884,HR,No,Not Required,Yes,
E01885,P001885,HR,No,Not Required,Yes,
E01886,P001886,HR,No,Not Required,Yes,
E01887,P001887,HR,No,Not Required,Yes,
E01888,P001888,HR,No,Not Required,Yes,
E01889,P001889,HR,No,Not Required,Yes,
E01890,P001890,HR,No,Not Required,Yes,
E01891,P001891,HR,No,Not Required,Yes,
E01892,P001892,HR,No,Not Required,Yes,
E01893,P001893,HR,No,Not Required,Yes,
E01894,P001894,HR,No,Not Required,Yes,
E01895,P001895,HR,No,Not Required,Yes,
E01896,P001896,HR,No,Not Required,Yes,
E01897,P001897,HR,No,Not Required,Yes,
E01898,P001898,HR,No,Not Required,Yes,
E01899,P001899,HR,No,Not Required,Yes,
E01900,P001900,HR,No,Not Required,Yes,
E01901,P001901,HR,No,Not Required,Yes,
E01902,P001902,HR,No,Not Required,Yes,
E01903,P001903,HR,No,Not Required,Yes,
E01904,P001904,HR,No,Not Required,Yes,
E01905,P001905,HR,No,Not Required,Yes,
E01906,P001906,HR,No,Not Required,Yes,
E01907,P001907,HR,No,Not Required,Yes,
E01908,P001908,HR,No,Not Required,Yes,
E01909,P001909,HR,No,Not Required,Yes,
E01910,P001910,HR,No,Not Required,Yes,
E01911,P001911,HR,No,Not Required,Yes,
E01912,P001912,HR,No,Not Required,Yes,
E01913,P001913,HR,No,Not Required,Yes,
E01914,P001914,HR,No,Not Required,Yes,
E01915,P001915,HR,No,Not Required,Yes,
E01916,P001916,HR,No,Not Required,Yes,
E01917,P001917,HR,No,Not Required,Yes,
E01918,P001918,HR,No,Not Required,Yes,
E01919,P001919,HR,No,Not Required,Yes,
E01920,P001920,HR,No,Not Required,Yes,
E01921,P001921,HR,No,Not Required,Yes,
E01922,P001922,HR,No,Not Required,Yes,
E01923,P001923,HR,No,Not Required,Yes,
E01924,P001924,HR,No,Not Required,Yes,
E01925,P001925,HR,No,Not Required,Yes,
E01926,P001926,HR,No,Not Required,Yes,
E01927,P001927,HR,No,Not Required,Yes,
E01928,P001928,HR,No,Not Required,Yes,
E01929,P001929,HR,No,Not Required,Yes,
E01930,P001930,HR,No,Not Required,Yes,
E01931,P001931,HR,No,Not Required,Yes,
E01932,P001932,HR,No,Not Required,Yes,
E01933,P001933,HR,No,Not Required,Yes,
E01934,P001934,HR,No,Not Required,Yes,
E01935,P001935,HR,No,Not Required,Yes,
E01936,P001936,HR,No,Not Required,Yes,
E01937,P001937,HR,No,Not Required,Yes,
E01938,P001938,HR,No,Not Required,Yes,
E01939,P001939,HR,No,Not Required,Yes,
E01940,P001940,HR,No,Not Required,Yes,
E01941,P001941,HR,No,Not Required,Yes,
E01942,P001942,HR,No,Not Required,Yes,
E01943,P001943,HR,No,Not Required,Yes,
E01944,P001944,HR,No,Not Required,Yes,
E01945,P001945,HR,No,Not Required,Yes,
E01946,P001946,HR,No,Not Required,Yes,
E01947,P001947,HR,No,Not Required,Yes,
E01948,P001948,HR,No,Not Required,Yes,
E01949,P001949,HR,No,Not Required,Yes,
E01950,P001950,HR,No,Not Required,Yes,
E01951,P001951,HR,No,Not Required,Yes,
E01952,P001952,HR,No,Not Required,Yes,
E01953,P001953,HR,No,Not Required,Yes,
E01954,P001954,HR,No,Not Required,Yes,
E01955,P001955,HR,No,Not Required,Yes,
E01956,P001956,HR,No,Not Required,Yes,
E01957,P001957,HR,No,Not Required,Yes,
E01958,P001958,HR,No,Not Required,Yes,
E01959,P001959,HR,No,Not Required,Yes,
E01960,P001960,HR,No,Not Required,Yes,
E01961,P001961,HR,No,Not Required,Yes,
E01962,P001962,HR,No,Not Required,Yes,
E01963,P001963,HR,No,Not Required,Yes,
E01964,P001964,HR,No,Not Required,Yes,
E01965,P001965,HR,No,Not Required,Yes,
E01966,P001966,HR,No,Not Required,Yes,
E01967,P001967,HR,No,Not Required,Yes,
E01968,P001968,HR,No,Not Required,Yes,
E01969,P001969,HR,No,Not Required,Yes,
E01970,P001970,HR,No,Not Required,Yes,
E01971,P001971,HR,No,Not Required,Yes,
E01972,P001972,HR,No,Not Required,Yes,
E01973,P001973,HR,No,Not Required,Yes,
E01974,P001974,HR,No,Not Required,Yes,
E01975,P001975,HR,No,Not Required,Yes,
E01976,P001976,HR,No,Not Required,Yes,
E01977,P001977,HR,No,Not Required,Yes,
E01978,P001978,HR,No,Not Required,Yes,
E01979,P001979,HR,No,Not Required,Yes,
E01980,P001980,HR,No,Not Required,Yes,
E01981,P001981,HR,No,Not Required,Yes,
E01982,P001982,HR,No,Not Required,Yes,
E01983,P001983,HR,No,Not Required,Yes,
E01984,P001984,HR,No,Not Required,Yes,
E01985,P001985,HR,No,Not Required,Yes,
E01986,P001986,HR,No,Not Required,Yes,
E01987,P001987,HR,No,Not Required,Yes,
E01988,P001988,HR,No,Not Required,Yes,
E01989,P001989,HR,No,Not Required,Yes,
E01990,P001990,HR,No,Not Required,Yes,
E01991,P001991,HR,No,Not Required,Yes,
E01992,P001992,HR,No,Not Required,Yes,
E01993,P001993,HR,No,Not Required,Yes,
E01994,P001994,HR,No,Not Required,Yes,
E01995,P001995,HR,No,Not Required,Yes,
E01996,P001996,HR,No,Not Required,Yes,
E01997,P001997,HR,No,Not Required,Yes,
E01998,P001998,HR,No,Not Required,Yes,
E01999,P001999,HR,No,Not Required,Yes,
E02000,P002000,HR,No,Not Required,Yes,
E02001,P002001,HR,No,Not Required,Yes,
E02002,P002002,HR,No,Not Required,Yes,
E02003,P002003,HR,No,Not Required,Yes,
E02004,P002004,HR,No,Not Required,Yes,
E02005,P002005,HR,No,Not Required,Yes,
E02006,P002006,HR,No,Not Required,Yes,
E02007,P002007,HR,No,Not Required,Yes,
E02008,P002008,HR,No,Not Required,Yes,
E02009,P002009,HR,No,Not Required,Yes,
E02010,P002010,HR,No,Not Required,Yes,
E02011,P002011,HR,No,Not Required,Yes,
E02012,P002012,HR,No,Not Required,Yes,
E02013,P002013,HR,No,Not Required,Yes,
E02014,P002014,HR,No,Not Required,Yes,
E02015,P002015,HR,No,Not Required,Yes,
E02016,P002016,HR,No,Not Required,Yes,
E02017,P002017,HR,No,Not Required,Yes,
E02018,P002018,HR,No,Not Required,Yes,
E02019,P002019,HR,No,Not Required,Yes,
E02020,P002020,HR,No,Not Required,Yes,
E02021,P002021,HR,No,Not Required,Yes,
E02022,P002022,HR,No,Not Required,Yes,
E02023,P002023,HR,No,Not Required,Yes,
E02024,P002024,HR,No,Not Required,Yes,
E02025,P002025,HR,No,Not Required,Yes,
E02026,P002026,HR,No,Not Required,Yes,
E02027,P002027,HR,No,Not Required,Yes,
E02028,P002028,HR,No,Not Required,Yes,
E02029,P002029,HR,No,Not Required,Yes,
E02030,P002030,HR,No,Not Required,Yes,
E02031,P002031,HR,No,Not Required,Yes,
E02032,P002032,HR,No,Not Required,Yes,
E02033,P002033,HR,No,Not Required,Yes,
E02034,P002034,HR,No,Not Required,Yes,
E02035,P002035,HR,No,Not Required,Yes,
E02036,P002036,HR,No,Not Required,Yes,
E02037,P002037,HR,No,Not Required,Yes,
E02038,P002038,HR,No,Not Required,Yes,
E02039,P002039,HR,No,Not Required,Yes,
E02040,P002040,HR,No,Not Required,Yes,
E02041,P002041,HR,No,Not Required,Yes,
E02042,P002042,HR,No,Not Required,Yes,
E02043,P002043,HR,No,Not Required,Yes,
E02044,P002044,HR,No,Not Required,Yes,
E02045,P002045,HR,No,Not Required,Yes,
E02046,P002046,HR,No,Not Required,Yes,
E02047,P002047,HR,No,Not Required,Yes,
E02048,P002048,HR,No,Not Required,Yes,
E02049,P002049,HR,No,Not Required,Yes,
E02050,P002050,HR,No,Not Required,Yes,
E02051,P002051,HR,No,Not Required,Yes,
E02052,P002052,HR,No,Not Required,Yes,
E02053,P002053,HR,No,Not Required,Yes,
E02054,P002054,HR,No,Not Required,Yes,
E02055,P002055,HR,No,Not Required,Yes,
E02056,P002056,HR,No,Not Required,Yes,
E02057,P002057,HR,No,Not Required,Yes,
E02058,P002058,HR,No,Not Required,Yes,
E02059,P002059,HR,No,Not Required,Yes,
E02060,P002060,HR,No,Not Required,Yes,
E02061,P002061,HR,No,Not Required,Yes,
E02062,P002062,HR,No,Not Required,Yes,
E02063,P002063,HR,No,Not Required,Yes,
E02064,P002064,HR,No,Not Required,Yes,
E02065,P002065,HR,No,Not Required,Yes,
E02066,P002066,HR,No,Not Required,Yes,
E02067,P002067,HR,No,Not Required,Yes,
E02068,P002068,HR,No,Not Required,Yes,
E02069,P002069,HR,No,Not Required,Yes,
E02070,P002070,HR,No,Not Required,Yes,
E02071,P002071,HR,No,Not Required,Yes,
E02072,P002072,HR,No,Not Required,Yes,
E02073,P002073,HR,No,Not Required,Yes,
E02074,P002074,HR,No,Not Required,Yes,
E02075,P002075,HR,No,Not Required,Yes,
E02076,P002076,HR,No,Not Required,Yes,
E02077,P002077,HR,No,Not Required,Yes,
E02078,P002078,HR,No,Not Required,Yes,
E02079,P002079,HR,No,Not Required,Yes,
E02080,P002080,HR,No,Not Required,Yes,
E02081,P002081,HR,No,Not Required,Yes,
E02082,P002082,HR,No,Not Required,Yes,
E02083,P002083,HR,No,Not Required,Yes,
E02084,P002084,HR,No,Not Required,Yes,
E02085,P002085,HR,No,Not Required,Yes,
E02086,P002086,HR,No,Not Required,Yes,
E02087,P002087,HR,No,Not Required,Yes,
E02088,P002088,HR,No,Not Required,Yes,
E02089,P002089,HR,No,Not Required,Yes,
E02090,P002090,HR,No,Not Required,Yes,
E02091,P002091,HR,No,Not Required,Yes,
E02092,P002092,HR,No,Not Required,Yes,
E02093,P002093,HR,No,Not Required,Yes,
E02094,P002094,HR,No,Not Required,Yes,
E02095,P002095,HR,No,Not Required,Yes,
E02096,P002096,HR,No,Not Required,Yes,
E02097,P002097,HR,No,Not Required,Yes,
E02098,P002098,HR,No,Not Required,Yes,
E02099,P002099,HR,No,Not Required,Yes,
E02100,P002100,HR,No,Not Required,Yes,
E02101,P002101,HR,No,Not Required,Yes,
E02102,P002102,HR,No,Not Required,Yes,
E02103,P002103,HR,No,Not Required,Yes,
E02104,P002104,HR,No,Not Required,Yes,
E02105,P002105,HR,No,Not Required,Yes,
E02106,P002106,HR,No,Not Required,Yes,
E02107,P002107,HR,No,Not Required,Yes,
E02108,P002108,HR,No,Not Required,Yes,
E02109,P002109,HR,No,Not Required,Yes,
E02110,P002110,HR,No,Not Required,Yes,
E02111,P002111,HR,No,Not Required,Yes,
E02112,P002112,HR,No,Not Required,Yes,
E02113,P002113,HR,No,Not Required,Yes,
E02114,P002114,HR,No,Not Required,Yes,
E02115,P002115,HR,No,Not Required,Yes,
E02116,P002116,HR,No,Not Required,Yes,
E02117,P002117,HR,No,Not Required,Yes,
E02118,P002118,HR,No,Not Required,Yes,
E02119,P002119,HR,No,Not Required,Yes,
E02120,P002120,HR,No,Not Required,Yes,
E02121,P002121,HR,No,Not Required,Yes,
E02122,P002122,HR,No,Not Required,Yes,
E02123,P002123,HR,No,Not Required,Yes,
E02124,P002124,HR,No,Not Required,Yes,
E02125,P002125,HR,No,Not Required,Yes,
E02126,P002126,HR,No,Not Required,Yes,
E02127,P002127,HR,No,Not Required,Yes,
E02128,P002128,HR,No,Not Required,Yes,
E02129,P002129,HR,No,Not Required,Yes,
E02130,P002130,HR,No,Not Required,Yes,
E02131,P002131,HR,No,Not Required,Yes,
E02132,P002132,HR,No,Not Required,Yes,
E02133,P002133,HR,No,Not Required,Yes,
E02134,P002134,HR,No,Not Required,Yes,
E02135,P002135,HR,No,Not Required,Yes,
E02136,P002136,HR,No,Not Required,Yes,
E02137,P002137,HR,No,Not Required,Yes,
E02138,P002138,HR,No,Not Required,Yes,
E02139,P002139,HR,No,Not Required,Yes,
E02140,P002140,HR,No,Not Required,Yes,
E02141,P002141,HR,No,Not Required,Yes,
E02142,P002142,HR,No,Not Required,Yes,
E02143,P002143,HR,No,Not Required,Yes,
E02144,P002144,HR,No,Not Required,Yes,
E02145,P002145,HR,No,Not Required,Yes,
E02146,P002146,HR,No,Not Required,Yes,
E02147,P002147,HR,No,Not Required,Yes,
E02148,P002148,HR,No,Not Required,Yes,
E02149,P002149,HR,No,Not Required,Yes,
E02150,P002150,HR,No,Not Required,Yes,
E02151,P002151,HR,No,Not Required,Yes,
E02152,P002152,HR,No,Not Required,Yes,
E02153,P002153,HR,No,Not Required,Yes,
E02154,P002154,HR,No,Not Required,Yes,
E02155,P002155,HR,No,Not Required,Yes,
E02156,P002156,HR,No,Not Required,Yes,
E02157,P002157,HR,No,Not Required,Yes,
E02158,P002158,HR,No,Not Required,Yes,
E02159,P002159,HR,No,Not Required,Yes,
E02160,P002160,HR,No,Not Required,Yes,
E02161,P002161,HR,No,Not Required,Yes,
E02162,P002162,HR,No,Not Required,Yes,
E02163,P002163,HR,No,Not Required,Yes,
E02164,P002164,HR,No,Not Required,Yes,
E02165,P002165,HR,No,Not Required,Yes,
E02166,P002166,HR,No,Not Required,Yes,
E02167,P002167,HR,No,Not Required,Yes,
E02168,P002168,HR,No,Not Required,Yes,
E02169,P002169,HR,No,Not Required,Yes,
E02170,P002170,HR,No,Not Required,Yes,
E02171,P002171,HR,No,Not Required,Yes,
E02172,P002172,HR,No,Not Required,Yes,
E02173,P002173,HR,No,Not Required,Yes,
E02174,P002174,HR,No,Not Required,Yes,
E02175,P002175,HR,No,Not Required,Yes,
E02176,P002176,HR,No,Not Required,Yes,
E02177,P002177,HR,No,Not Required,Yes,
E02178,P002178,HR,No,Not Required,Yes,
E02179,P002179,HR,No,Not Required,Yes,
E02180,P002180,HR,No,Not Required,Yes,
E02181,P002181,HR,No,Not Required,Yes,
E02182,P002182,HR,No,Not Required,Yes,
E02183,P002183,HR,No,Not Required,Yes,
E02184,P002184,HR,No,Not Required,Yes,
E02185,P002185,HR,No,Not Required,Yes,
E02186,P002186,HR,No,Not Required,Yes,
E02187,P002187,HR,No,Not Required,Yes,
E02188,P002188,HR,No,Not Required,Yes,
E02189,P002189,HR,No,Not Required,Yes,
E02190,P002190,HR,No,Not Required,Yes,
E02191,P002191,HR,No,Not Required,Yes,
E02192,P002192,HR,No,Not Required,Yes,
E02193,P002193,HR,No,Not Required,Yes,
E02194,P002194,HR,No,Not Required,Yes,
E02195,P002195,HR,No,Not Required,Yes,
E02196,P002196,HR,No,Not Required,Yes,
E02197,P002197,HR,No,Not Required,Yes,
E02198,P002198,HR,No,Not Required,Yes,
E02199,P002199,HR,No,Not Required,Yes,
E02200,P002200,HR,No,Not Required,Yes,
E02201,P002201,HR,No,Not Required,Yes,
E02202,P002202,HR,No,Not Required,Yes,
E02203,P002203,HR,No,Not Required,Yes,
E02204,P002204,HR,No,Not Required,Yes,
E02205,P002205,HR,No,Not Required,Yes,
E02206,P002206,HR,No,Not Required,Yes,
E02207,P002207,HR,No,Not Required,Yes,
E02208,P002208,HR,No,Not Required,Yes,
E02209,P002209,HR,No,Not Required,Yes,
E02210,P002210,HR,No,Not Required,Yes,
E02211,P002211,HR,No,Not Required,Yes,
E02212,P002212,HR,No,Not Required,Yes,
E02213,P002213,HR,No,Not Required,Yes,
E02214,P002214,HR,No,Not Required,Yes,
E02215,P002215,HR,No,Not Required,Yes,
E02216,P002216,HR,No,Not Required,Yes,
E02217,P002217,HR,No,Not Required,Yes,
E02218,P002218,HR,No,Not Required,Yes,
E02219,P002219,HR,No,Not Required,Yes,
E02220,P002220,HR,No,Not Required,Yes,
E02221,P002221,HR,No,Not Required,Yes,
E02222,P002222,HR,No,Not Required,Yes,
E02223,P002223,HR,No,Not Required,Yes,
E02224,P002224,HR,No,Not Required,Yes,
E02225,P002225,HR,No,Not Required,Yes,
E02226,P002226,HR,No,Not Required,Yes,
E02227,P002227,HR,No,Not Required,Yes,
E02228,P002228,HR,No,Not Required,Yes,
E02229,P002229,HR,No,Not Required,Yes,
E02230,P002230,HR,No,Not Required,Yes,
E02231,P002231,HR,No,Not Required,Yes,
E02232,P002232,HR,No,Not Required,Yes,
E02233,P002233,HR,No,Not Required,Yes,
E02234,P002234,HR,No,Not Required,Yes,
E02235,P002235,HR,No,Not Required,Yes,
E02236,P002236,HR,No,Not Required,Yes,
E02237,P002237,HR,No,Not Required,Yes,
E02238,P002238,HR,No,Not Required,Yes,
E02239,P002239,HR,No,Not Required,Yes,
E02240,P002240,HR,No,Not Required,Yes,
E02241,P002241,HR,No,Not Required,Yes,
E02242,P002242,HR,No,Not Required,Yes,
E02243,P002243,HR,No,Not Required,Yes,
E02244,P002244,HR,No,Not Required,Yes,
E02245,P002245,HR,No,Not Required,Yes,
E02246,P002246,HR,No,Not Required,Yes,
E02247,P002247,HR,No,Not Required,Yes,
E02248,P002248,HR,No,Not Required,Yes,
E02249,P002249,HR,No,Not Required,Yes,
E02250,P002250,HR,No,Not Required,Yes,
E02251,P002251,HR,No,Not Required,Yes,
E02252,P002252,HR,No,Not Required,Yes,
E02253,P002253,HR,No,Not Required,Yes,
E02254,P002254,HR,No,Not Required,Yes,
E02255,P002255,HR,No,Not Required,Yes,
E02256,P002256,HR,No,Not Required,Yes,
E02257,P002257,HR,No,Not Required,Yes,
E02258,P002258,HR,No,Not Required,Yes,
E02259,P002259,HR,No,Not Required,Yes,
E02260,P002260,HR,No,Not Required,Yes,
E02261,P002261,HR,No,Not Required,Yes,
E02262,P002262,HR,No,Not Required,Yes,
E02263,P002263,HR,No,Not Required,Yes,
E02264,P002264,HR,No,Not Required,Yes,
E02265,P002265,HR,No,Not Required,Yes,
E02266,P002266,HR,No,Not Required,Yes,
E02267,P002267,HR,No,Not Required,Yes,
E02268,P002268,HR,No,Not Required,Yes,
E02269,P002269,HR,No,Not Required,Yes,
E02270,P002270,HR,No,Not Required,Yes,
E02271,P002271,HR,No,Not Required,Yes,
E02272,P002272,HR,No,Not Required,Yes,
E02273,P002273,HR,No,Not Required,Yes,
E02274,P002274,HR,No,Not Required,Yes,
E02275,P002275,HR,No,Not Required,Yes,
E02276,P002276,HR,No,Not Required,Yes,
E02277,P002277,HR,No,Not Required,Yes,
E02278,P002278,HR,No,Not Required,Yes,
E02279,P002279,HR,No,Not Required,Yes,
E02280,P002280,HR,No,Not Required,Yes,
E02281,P002281,HR,No,Not Required,Yes,
E02282,P002282,HR,No,Not Required,Yes,
E02283,P002283,HR,No,Not Required,Yes,
E02284,P002284,HR,No,Not Required,Yes,
E02285,P002285,HR,No,Not Required,Yes,
E02286,P002286,HR,No,Not Required,Yes,
E02287,P002287,HR,No,Not Required,Yes,
E02288,P002288,HR,No,Not Required,Yes,
E02289,P002289,HR,No,Not Required,Yes,
E02290,P002290,HR,No,Not Required,Yes,
E02291,P002291,HR,No,Not Required,Yes,
E02292,P002292,HR,No,Not Required,Yes,
E02293,P002293,HR,No,Not Required,Yes,
E02294,P002294,HR,No,Not Required,Yes,
E02295,P002295,HR,No,Not Required,Yes,
E02296,P002296,HR,No,Not Required,Yes,
E02297,P002297,HR,No,Not Required,Yes,
E02298,P002298,HR,No,Not Required,Yes,
E02299,P002299,HR,No,Not Required,Yes,
E02300,P002300,HR,No,Not Required,Yes,
E02301,P002301,HR,No,Not Required,Yes,
E02302,P002302,HR,No,Not Required,Yes,
E02303,P002303,HR,No,Not Required,Yes,
E02304,P002304,HR,No,Not Required,Yes,
E02305,P002305,HR,No,Not Required,Yes,
E02306,P002306,HR,No,Not Required,Yes,
E02307,P002307,HR,No,Not Required,Yes,
E02308,P002308,HR,No,Not Required,Yes,
E02309,P002309,HR,No,Not Required,Yes,
E02310,P002310,HR,No,Not Required,Yes,
E02311,P002311,HR,No,Not Required,Yes,
E02312,P002312,HR,No,Not Required,Yes,
E02313,P002313,HR,No,Not Required,Yes,
E02314,P002314,HR,No,Not Required,Yes,
E02315,P002315,HR,No,Not Required,Yes,
E02316,P002316,HR,No,Not Required,Yes,
E02317,P002317,HR,No,Not Required,Yes,
E02318,P002318,HR,No,Not Required,Yes,
E02319,P002319,HR,No,Not Required,Yes,
E02320,P002320,HR,No,Not Required,Yes,
E02321,P002321,HR,No,Not Required,Yes,
E02322,P002322,HR,No,Not Required,Yes,
E02323,P002323,HR,No,Not Required,Yes,
E02324,P002324,HR,No,Not Required,Yes,
E02325,P002325,HR,No,Not Required,Yes,
E02326,P002326,HR,No,Not Required,Yes,
E02327,P002327,HR,No,Not Required,Yes,
E02328,P002328,HR,No,Not Required,Yes,
E02329,P002329,HR,No,Not Required,Yes,
E02330,P002330,HR,No,Not Required,Yes,
E02331,P002331,HR,No,Not Required,Yes,
E02332,P002332,HR,No,Not Required,Yes,
E02333,P002333,HR,No,Not Required,Yes,
E02334,P002334,HR,No,Not Required,Yes,
E02335,P002335,HR,No,Not Required,Yes,
E02336,P002336,HR,No,Not Required,Yes,
E02337,P002337,HR,No,Not Required,Yes,
E02338,P002338,HR,No,Not Required,Yes,
E02339,P002339,HR,No,Not Required,Yes,
E02340,P002340,HR,No,Not Required,Yes,
E02341,P002341,HR,No,Not Required,Yes,
E02342,P002342,HR,No,Not Required,Yes,
E02343,P002343,HR,No,Not Required,Yes,
E02344,P002344,HR,No,Not Required,Yes,
E02345,P002345,HR,No,Not Required,Yes,
E02346,P002346,HR,No,Not Required,Yes,
E02347,P002347,HR,No,Not Required,Yes,
E02348,P002348,HR,No,Not Required,Yes,
E02349,P002349,HR,No,Not Required,Yes,
E02350,P002350,HR,No,Not Required,Yes,
E02351,P002351,HR,No,Not Required,Yes,
E02352,P002352,HR,No,Not Required,Yes,
E02353,P002353,HR,No,Not Required,Yes,
E02354,P002354,HR,No,Not Required,Yes,
E02355,P002355,HR,No,Not Required,Yes,
E02356,P002356,HR,No,Not Required,Yes,
E02357,P002357,HR,No,Not Required,Yes,
E02358,P002358,HR,No,Not Required,Yes,
E02359,P002359,HR,No,Not Required,Yes,
E02360,P002360,HR,No,Not Required,Yes,
E02361,P002361,HR,No,Not Required,Yes,
E02362,P002362,HR,No,Not Required,Yes,
E02363,P002363,HR,No,Not Required,Yes,
E02364,P002364,HR,No,Not Required,Yes,
E02365,P002365,HR,No,Not Required,Yes,
E02366,P002366,HR,No,Not Required,Yes,
E02367,P002367,HR,No,Not Required,Yes,
E02368,P002368,HR,No,Not Required,Yes,
E02369,P002369,HR,No,Not Required,Yes,
E02370,P002370,HR,No,Not Required,Yes,
E02371,P002371,HR,No,Not Required,Yes,
E02372,P002372,HR,No,Not Required,Yes,
E02373,P002373,HR,No,Not Required,Yes,
E02374,P002374,HR,No,Not Required,Yes,
E02375,P002375,HR,No,Not Required,Yes,
E02376,P002376,HR,No,Not Required,Yes,
E02377,P002377,HR,No,Not Required,Yes,
E02378,P002378,HR,No,Not Required,Yes,
E02379,P002379,HR,No,Not Required,Yes,
E02380,P002380,HR,No,Not Required,Yes,
E02381,P002381,HR,No,Not Required,Yes,
E02382,P002382,HR,No,Not Required,Yes,
E02383,P002383,HR,No,Not Required,Yes,
E02384,P002384,HR,No,Not Required,Yes,
E02385,P002385,HR,No,Not Required,Yes,
E02386,P002386,HR,No,Not Required,Yes,
E02387,P002387,HR,No,Not Required,Yes,
E02388,P002388,HR,No,Not Required,Yes,
E02389,P002389,HR,No,Not Required,Yes,
E02390,P002390,HR,No,Not Required,Yes,
E02391,P002391,HR,No,Not Required,Yes,
E02392,P002392,HR,No,Not Required,Yes,
E02393,P002393,HR,No,Not Required,Yes,
E02394,P002394,HR,No,Not Required,Yes,
E02395,P002395,HR,No,Not Required,Yes,
E02396,P002396,HR,No,Not Required,Yes,
E02397,P002397,HR,No,Not Required,Yes,
E02398,P002398,HR,No,Not Required,Yes,
E02399,P002399,HR,No,Not Required,Yes,
E02400,P002400,HR,No,Not Required,Yes,
E02401,P002401,HR,No,Not Required,Yes,
E02402,P002402,HR,No,Not Required,Yes,
E02403,P002403,HR,No,Not Required,Yes,
E02404,P002404,HR,No,Not Required,Yes,
E02405,P002405,HR,No,Not Required,Yes,
E02406,P002406,HR,No,Not Required,Yes,
E02407,P002407,HR,No,Not Required,Yes,
E02408,P002408,HR,No,Not Required,Yes,
E02409,P002409,HR,No,Not Required,Yes,
E02410,P002410,HR,No,Not Required,Yes,
E02411,P002411,HR,No,Not Required,Yes,
E02412,P002412,HR,No,Not Required,Yes,
E02413,P002413,HR,No,Not Required,Yes,
E02414,P002414,HR,No,Not Required,Yes,
E02415,P002415,HR,No,Not Required,Yes,
E02416,P002416,HR,No,Not Required,Yes,
E02417,P002417,HR,No,Not Required,Yes,
E02418,P002418,HR,No,Not Required,Yes,
E02419,P002419,HR,No,Not Required,Yes,
E02420,P002420,HR,No,Not Required,Yes,
E02421,P002421,HR,No,Not Required,Yes,
E02422,P002422,HR,No,Not Required,Yes,
E02423,P002423,HR,No,Not Required,Yes,
E02424,P002424,HR,No,Not Required,Yes,
E02425,P002425,HR,No,Not Required,Yes,
E02426,P002426,HR,No,Not Required,Yes,
E02427,P002427,HR,No,Not Required,Yes,
E02428,P002428,HR,No,Not Required,Yes,
E02429,P002429,HR,No,Not Required,Yes,
E02430,P002430,HR,No,Not Required,Yes,
E02431,P002431,HR,No,Not Required,Yes,
E02432,P002432,HR,No,Not Required,Yes,
E02433,P002433,HR,No,Not Required,Yes,
E02434,P002434,HR,No,Not Required,Yes,
E02435,P002435,HR,No,Not Required,Yes,
E02436,P002436,HR,No,Not Required,Yes,
E02437,P002437,HR,No,Not Required,Yes,
E02438,P002438,HR,No,Not Required,Yes,
E02439,P002439,HR,No,Not Required,Yes,
E02440,P002440,HR,No,Not Required,Yes,
E02441,P002441,HR,No,Not Required,Yes,
E02442,P002442,HR,No,Not Required,Yes,
E02443,P002443,HR,No,Not Required,Yes,
E02444,P002444,HR,No,Not Required,Yes,
E02445,P002445,HR,No,Not Required,Yes,
E02446,P002446,HR,No,Not Required,Yes,
E02447,P002447,HR,No,Not Required,Yes,
E02448,P002448,HR,No,Not Required,Yes,
E02449,P002449,HR,No,Not Required,Yes,
E02450,P002450,HR,No,Not Required,Yes,
E02451,P002451,HR,No,Not Required,Yes,
E02452,P002452,HR,No,Not Required,Yes,
E02453,P002453,HR,No,Not Required,Yes,
E02454,P002454,HR,No,Not Required,Yes,
E02455,P002455,HR,No,Not Required,Yes,
E02456,P002456,HR,No,Not Required,Yes,
E02457,P002457,HR,No,Not Required,Yes,
E02458,P002458,HR,No,Not Required,Yes,
E02459,P002459,HR,No,Not Required,Yes,
E02460,P002460,HR,No,Not Required,Yes,
E02461,P002461,HR,No,Not Required,Yes,
E02462,P002462,HR,No,Not Required,Yes,
E02463,P002463,HR,No,Not Required,Yes,
E02464,P002464,HR,No,Not Required,Yes,
E02465,P002465,HR,No,Not Required,Yes,
E02466,P002466,HR,No,Not Required,Yes,
E02467,P002467,HR,No,Not Required,Yes,
E02468,P002468,HR,No,Not Required,Yes,
E02469,P002469,HR,No,Not Required,Yes,
E02470,P002470,HR,No,Not Required,Yes,
E02471,P002471,HR,No,Not Required,Yes,
E02472,P002472,HR,No,Not Required,Yes,
E02473,P002473,HR,No,Not Required,Yes,
E02474,P002474,HR,No,Not Required,Yes,
E02475,P002475,HR,No,Not Required,Yes,
E02476,P002476,HR,No,Not Required,Yes,
E02477,P002477,HR,No,Not Required,Yes,
E02478,P002478,HR,No,Not Required,Yes,
E02479,P002479,HR,No,Not Required,Yes,
E02480,P002480,HR,No,Not Required,Yes,
E02481,P002481,HR,No,Not Required,Yes,
E02482,P002482,HR,No,Not Required,Yes,
E02483,P002483,HR,No,Not Required,Yes,
E02484,P002484,HR,No,Not Required,Yes,
E02485,P002485,HR,No,Not Required,Yes,
E02486,P002486,HR,No,Not Required,Yes,
E02487,P002487,HR,No,Not Required,Yes,
E02488,P002488,HR,No,Not Required,Yes,
E02489,P002489,HR,No,Not Required,Yes,
E02490,P002490,HR,No,Not Required,Yes,
E02491,P002491,HR,No,Not Required,Yes,
E02492,P002492,HR,No,Not Required,Yes,
E02493,P002493,HR,No,Not Required,Yes,
E02494,P002494,HR,No,Not Required,Yes,
E02495,P002495,HR,No,Not Required,Yes,
E02496,P002496,HR,No,Not Required,Yes,
E02497,P002497,HR,No,Not Required,Yes,
E02498,P002498,HR,No,Not Required,Yes,
E02499,P002499,HR,No,Not Required,Yes,
E02500,P002500,HR,No,Not Required,Yes,
E02501,P002501,HR,No,Not Required,Yes,
E02502,P002502,HR,No,Not Required,Yes,
E02503,P002503,HR,No,Not Required,Yes,
E02504,P002504,HR,No,Not Required,Yes,
E02505,P002505,HR,No,Not Required,Yes,
E02506,P002506,HR,No,Not Required,Yes,
E02507,P002507,HR,No,Not Required,Yes,
E02508,P002508,HR,No,Not Required,Yes,
E02509,P002509,HR,No,Not Required,Yes,
E02510,P002510,HR,No,Not Required,Yes,
E02511,P002511,HR,No,Not Required,Yes,
E02512,P002512,HR,No,Not Required,Yes,
E02513,P002513,HR,No,Not Required,Yes,
E02514,P002514,HR,No,Not Required,Yes,
E02515,P002515,HR,No,Not Required,Yes,
E02516,P002516,HR,No,Not Required,Yes,
E02517,P002517,HR,No,Not Required,Yes,
E02518,P002518,HR,No,Not Required,Yes,
E02519,P002519,HR,No,Not Required,Yes,
E02520,P002520,HR,No,Not Required,Yes,
E02521,P002521,HR,No,Not Required,Yes,
E02522,P002522,HR,No,Not Required,Yes,
E02523,P002523,HR,No,Not Required,Yes,
E02524,P002524,HR,No,Not Required,Yes,
E02525,P002525,HR,No,Not Required,Yes,
E02526,P002526,HR,No,Not Required,Yes,
E02527,P002527,HR,No,Not Required,Yes,
E02528,P002528,HR,No,Not Required,Yes,
E02529,P002529,HR,No,Not Required,Yes,
E02530,P002530,HR,No,Not Required,Yes,
E02531,P002531,HR,No,Not Required,Yes,
E02532,P002532,HR,No,Not Required,Yes,
E02533,P002533,HR,No,Not Required,Yes,
E02534,P002534,HR,No,Not Required,Yes,
E02535,P002535,HR,No,Not Required,Yes,
E02536,P002536,HR,No,Not Required,Yes,
E02537,P002537,HR,No,Not Required,Yes,
E02538,P002538,HR,No,Not Required,Yes,
E02539,P002539,HR,No,Not Required,Yes,
E02540,P002540,HR,No,Not Required,Yes,
E02541,P002541,HR,No,Not Required,Yes,
E02542,P002542,HR,No,Not Required,Yes,
E02543,P002543,HR,No,Not Required,Yes,
E02544,P002544,HR,No,Not Required,Yes,
E02545,P002545,HR,No,Not Required,Yes,
E02546,P002546,HR,No,Not Required,Yes,
E02547,P002547,HR,No,Not Required,Yes,
E02548,P002548,HR,No,Not Required,Yes,
E02549,P002549,HR,No,Not Required,Yes,
E02550,P002550,HR,No,Not Required,Yes,
E02551,P002551,HR,No,Not Required,Yes,
E02552,P002552,HR,No,Not Required,Yes,
E02553,P002553,HR,No,Not Required,Yes,
E02554,P002554,HR,No,Not Required,Yes,
E02555,P002555,HR,No,Not Required,Yes,
E02556,P002556,HR,No,Not Required,Yes,
E02557,P002557,HR,No,Not Required,Yes,
E02558,P002558,HR,No,Not Required,Yes,
E02559,P002559,HR,No,Not Required,Yes,
E02560,P002560,HR,No,Not Required,Yes,
E02561,P002561,HR,No,Not Required,Yes,
E02562,P002562,HR,No,Not Required,Yes,
E02563,P002563,HR,No,Not Required,Yes,
E02564,P002564,HR,No,Not Required,Yes,
E02565,P002565,HR,No,Not Required,Yes,
E02566,P002566,HR,No,Not Required,Yes,
E02567,P002567,HR,No,Not Required,Yes,
E02568,P002568,HR,No,Not Required,Yes,
E02569,P002569,HR,No,Not Required,Yes,
E02570,P002570,HR,No,Not Required,Yes,
E02571,P002571,HR,No,Not Required,Yes,
E02572,P002572,HR,No,Not Required,Yes,
E02573,P002573,HR,No,Not Required,Yes,
E02574,P002574,HR,No,Not Required,Yes,
E02575,P002575,HR,No,Not Required,Yes,
E02576,P002576,HR,No,Not Required,Yes,
E02577,P002577,HR,No,Not Required,Yes,
E02578,P002578,HR,No,Not Required,Yes,
E02579,P002579,HR,No,Not Required,Yes,
E02580,P002580,HR,No,Not Required,Yes,
E02581,P002581,HR,No,Not Required,Yes,
E02582,P002582,HR,No,Not Required,Yes,
E02583,P002583,HR,No,Not Required,Yes,
E02584,P002584,HR,No,Not Required,Yes,
E02585,P002585,HR,No,Not Required,Yes,
E02586,P002586,HR,No,Not Required,Yes,
E02587,P002587,HR,No,Not Required,Yes,
E02588,P002588,HR,No,Not Required,Yes,
E02589,P002589,HR,No,Not Required,Yes,
E02590,P002590,HR,No,Not Required,Yes,
E02591,P002591,HR,No,Not Required,Yes,
E02592,P002592,HR,No,Not Required,Yes,
E02593,P002593,HR,No,Not Required,Yes,
E02594,P002594,HR,No,Not Required,Yes,
E02595,P002595,HR,No,Not Required,Yes,
E02596,P002596,HR,No,Not Required,Yes,
E02597,P002597,HR,No,Not Required,Yes,
E02598,P002598,HR,No,Not Required,Yes,
E02599,P002599,HR,No,Not Required,Yes,
E02600,P002600,HR,No,Not Required,Yes,
E02601,P002601,HR,No,Not Required,Yes,
E02602,P002602,HR,No,Not Required,Yes,
E02603,P002603,HR,No,Not Required,Yes,
E02604,P002604,HR,No,Not Required,Yes,
E02605,P002605,HR,No,Not Required,Yes,
E02606,P002606,HR,No,Not Required,Yes,
E02607,P002607,HR,No,Not Required,Yes,
E02608,P002608,HR,No,Not Required,Yes,
E02609,P002609,HR,No,Not Required,Yes,
E02610,P002610,HR,No,Not Required,Yes,
E02611,P002611,HR,No,Not Required,Yes,
E02612,P002612,HR,No,Not Required,Yes,
E02613,P002613,HR,No,Not Required,Yes,
E02614,P002614,HR,No,Not Required,Yes,
E02615,P002615,HR,No,Not Required,Yes,
E02616,P002616,HR,No,Not Required,Yes,
E02617,P002617,HR,No,Not Required,Yes,
E02618,P002618,HR,No,Not Required,Yes,
E02619,P002619,HR,No,Not Required,Yes,
E02620,P002620,HR,No,Not Required,Yes,
E02621,P002621,HR,No,Not Required,Yes,
E02622,P002622,HR,No,Not Required,Yes,
E02623,P002623,HR,No,Not Required,Yes,
E02624,P002624,HR,No,Not Required,Yes,
E02625,P002625,HR,No,Not Required,Yes,
E02626,P002626,HR,No,Not Required,Yes,
E02627,P002627,HR,No,Not Required,Yes,
E02628,P002628,HR,No,Not Required,Yes,
E02629,P002629,HR,No,Not Required,Yes,
E02630,P002630,HR,No,Not Required,Yes,
E02631,P002631,HR,No,Not Required,Yes,
E02632,P002632,HR,No,Not Required,Yes,
E02633,P002633,HR,No,Not Required,Yes,
E02634,P002634,HR,No,Not Required,Yes,
E02635,P002635,HR,No,Not Required,Yes,
E02636,P002636,HR,No,Not Required,Yes,
E02637,P002637,HR,No,Not Required,Yes,
E02638,P002638,HR,No,Not Required,Yes,
E02639,P002639,HR,No,Not Required,Yes,
E02640,P002640,HR,No,Not Required,Yes,
E02641,P002641,HR,No,Not Required,Yes,
E02642,P002642,HR,No,Not Required,Yes,
E02643,P002643,HR,No,Not Required,Yes,
E02644,P002644,HR,No,Not Required,Yes,
E02645,P002645,HR,No,Not Required,Yes,
E02646,P002646,HR,No,Not Required,Yes,
E02647,P002647,HR,No,Not Required,Yes,
E02648,P002648,HR,No,Not Required,Yes,
E02649,P002649,HR,No,Not Required,Yes,
E02650,P002650,HR,No,Not Required,Yes,
E02651,P002651,HR,No,Not Required,Yes,
E02652,P002652,HR,No,Not Required,Yes,
E02653,P002653,HR,No,Not Required,Yes,
E02654,P002654,HR,No,Not Required,Yes,
E02655,P002655,HR,No,Not Required,Yes,
E02656,P002656,HR,No,Not Required,Yes,
E02657,P002657,HR,No,Not Required,Yes,
E02658,P002658,HR,No,Not Required,Yes,
E02659,P002659,HR,No,Not Required,Yes,
E02660,P002660,HR,No,Not Required,Yes,
E02661,P002661,HR,No,Not Required,Yes,
E02662,P002662,HR,No,Not Required,Yes,
E02663,P002663,HR,No,Not Required,Yes,
E02664,P002664,HR,No,Not Required,Yes,
E02665,P002665,HR,No,Not Required,Yes,
E02666,P002666,HR,No,Not Required,Yes,
E02667,P002667,HR,No,Not Required,Yes,
E02668,P002668,HR,No,Not Required,Yes,
E02669,P002669,HR,No,Not Required,Yes,
E02670,P002670,HR,No,Not Required,Yes,
E02671,P002671,HR,No,Not Required,Yes,
E02672,P002672,HR,No,Not Required,Yes,
E02673,P002673,HR,No,Not Required,Yes,
E02674,P002674,HR,No,Not Required,Yes,
E02675,P002675,HR,No,Not Required,Yes,
E02676,P002676,HR,No,Not Required,Yes,
E02677,P002677,HR,No,Not Required,Yes,
E02678,P002678,HR,No,Not Required,Yes,
E02679,P002679,HR,No,Not Required,Yes,
E02680,P002680,HR,No,Not Required,Yes,
E02681,P002681,HR,No,Not Required,Yes,
E02682,P002682,HR,No,Not Required,Yes,
E02683,P002683,HR,No,Not Required,Yes,
E02684,P002684,HR,No,Not Required,Yes,
E02685,P002685,HR,No,Not Required,Yes,
E02686,P002686,HR,No,Not Required,Yes,
E02687,P002687,HR,No,Not Required,Yes,
E02688,P002688,HR,No,Not Required,Yes,
E02689,P002689,HR,No,Not Required,Yes,
E02690,P002690,HR,No,Not Required,Yes,
E02691,P002691,HR,No,Not Required,Yes,
E02692,P002692,HR,No,Not Required,Yes,
E02693,P002693,HR,No,Not Required,Yes,
E02694,P002694,HR,No,Not Required,Yes,
E02695,P002695,HR,No,Not Required,Yes,
E02696,P002696,HR,No,Not Required,Yes,
E02697,P002697,HR,No,Not Required,Yes,
E02698,P002698,HR,No,Not Required,Yes,
E02699,P002699,HR,No,Not Required,Yes,
E02700,P002700,HR,No,Not Required,Yes,
E02701,P002701,HR,No,Not Required,Yes,
E02702,P002702,HR,No,Not Required,Yes,
E02703,P002703,HR,No,Not Required,Yes,
E02704,P002704,HR,No,Not Required,Yes,
E02705,P002705,HR,No,Not Required,Yes,
E02706,P002706,HR,No,Not Required,Yes,
E02707,P002707,HR,No,Not Required,Yes,
E02708,P002708,HR,No,Not Required,Yes,
E02709,P002709,HR,No,Not Required,Yes,
E02710,P002710,HR,No,Not Required,Yes,
E02711,P002711,HR,No,Not Required,Yes,
E02712,P002712,HR,No,Not Required,Yes,
E02713,P002713,HR,No,Not Required,Yes,
E02714,P002714,HR,No,Not Required,Yes,
E02715,P002715,HR,No,Not Required,Yes,
E02716,P002716,HR,No,Not Required,Yes,
E02717,P002717,HR,No,Not Required,Yes,
E02718,P002718,HR,No,Not Required,Yes,
E02719,P002719,HR,No,Not Required,Yes,
E02720,P002720,HR,No,Not Required,Yes,
E02721,P002721,HR,No,Not Required,Yes,
E02722,P002722,HR,No,Not Required,Yes,
E02723,P002723,HR,No,Not Required,Yes,
E02724,P002724,HR,No,Not Required,Yes,
E02725,P002725,HR,No,Not Required,Yes,
E02726,P002726,HR,No,Not Required,Yes,
E02727,P002727,HR,No,Not Required,Yes,
E02728,P002728,HR,No,Not Required,Yes,
E02729,P002729,HR,No,Not Required,Yes,
E02730,P002730,HR,No,Not Required,Yes,
E02731,P002731,HR,No,Not Required,Yes,
E02732,P002732,HR,No,Not Required,Yes,
E02733,P002733,HR,No,Not Required,Yes,
E02734,P002734,HR,No,Not Required,Yes,
E02735,P002735,HR,No,Not Required,Yes,
E02736,P002736,HR,No,Not Required,Yes,
E02737,P002737,HR,No,Not Required,Yes,
E02738,P002738,HR,No,Not Required,Yes,
E02739,P002739,HR,No,Not Required,Yes,
E02740,P002740,HR,No,Not Required,Yes,
E02741,P002741,HR,No,Not Required,Yes,
E02742,P002742,HR,No,Not Required,Yes,
E02743,P002743,HR,No,Not Required,Yes,
E02744,P002744,HR,No,Not Required,Yes,
E02745,P002745,HR,No,Not Required,Yes,
E02746,P002746,HR,No,Not Required,Yes,
E02747,P002747,HR,No,Not Required,Yes,
E02748,P002748,HR,No,Not Required,Yes,
E02749,P002749,HR,No,Not Required,Yes,
E02750,P002750,HR,No,Not Required,Yes,
E02751,P002751,HR,No,Not Required,Yes,
E02752,P002752,HR,No,Not Required,Yes,
E02753,P002753,HR,No,Not Required,Yes,
E02754,P002754,HR,No,Not Required,Yes,
E02755,P002755,HR,No,Not Required,Yes,
E02756,P002756,HR,No,Not Required,Yes,
E02757,P002757,HR,No,Not Required,Yes,
E02758,P002758,HR,No,Not Required,Yes,
E02759,P002759,HR,No,Not Required,Yes,
E02760,P002760,HR,No,Not Required,Yes,
E02761,P002761,HR,No,Not Required,Yes,
E02762,P002762,HR,No,Not Required,Yes,
E02763,P002763,HR,No,Not Required,Yes,
E02764,P002764,HR,No,Not Required,Yes,
E02765,P002765,HR,No,Not Required,Yes,
E02766,P002766,HR,No,Not Required,Yes,
E02767,P002767,HR,No,Not Required,Yes,
E02768,P002768,HR,No,Not Required,Yes,
E02769,P002769,HR,No,Not Required,Yes,
E02770,P002770,HR,No,Not Required,Yes,
E02771,P002771,HR,No,Not Required,Yes,
E02772,P002772,HR,No,Not Required,Yes,
E02773,P002773,HR,No,Not Required,Yes,
E02774,P002774,HR,No,Not Required,Yes,
E02775,P002775,HR,No,Not Required,Yes,
E02776,P002776,HR,No,Not Required,Yes,
E02777,P002777,HR,No,Not Required,Yes,
E02778,P002778,HR,No,Not Required,Yes,
E02779,P002779,HR,No,Not Required,Yes,
E02780,P002780,HR,No,Not Required,Yes,
E02781,P002781,HR,No,Not Required,Yes,
E02782,P002782,HR,No,Not Required,Yes,
E02783,P002783,HR,No,Not Required,Yes,
E02784,P002784,HR,No,Not Required,Yes,
E02785,P002785,HR,No,Not Required,Yes,
E02786,P002786,HR,No,Not Required,Yes,
E02787,P002787,HR,No,Not Required,Yes,
E02788,P002788,HR,No,Not Required,Yes,
E02789,P002789,HR,No,Not Required,Yes,
E02790,P002790,HR,No,Not Required,Yes,
E02791,P002791,HR,No,Not Required,Yes,
E02792,P002792,HR,No,Not Required,Yes,
E02793,P002793,HR,No,Not Required,Yes,
E02794,P002794,HR,No,Not Required,Yes,
E02795,P002795,HR,No,Not Required,Yes,
E02796,P002796,HR,No,Not Required,Yes,
E02797,P002797,HR,No,Not Required,Yes,
E02798,P002798,HR,No,Not Required,Yes,
E02799,P002799,HR,No,Not Required,Yes,
E02800,P002800,HR,No,Not Required,Yes,
E02801,P002801,HR,No,Not Required,Yes,
E02802,P002802,HR,No,Not Required,Yes,
E02803,P002803,HR,No,Not Required,Yes,
E02804,P002804,HR,No,Not Required,Yes,
E02805,P002805,HR,No,Not Required,Yes,
E02806,P002806,HR,No,Not Required,Yes,
E02807,P002807,HR,No,Not Required,Yes,
E02808,P002808,HR,No,Not Required,Yes,
E02809,P002809,HR,No,Not Required,Yes,
E02810,P002810,HR,No,Not Required,Yes,
E02811,P002811,HR,No,Not Required,Yes,
E02812,P002812,HR,No,Not Required,Yes,
E02813,P002813,HR,No,Not Required,Yes,
E02814,P002814,HR,No,Not Required,Yes,
E02815,P002815,HR,No,Not Required,Yes,
E02816,P002816,HR,No,Not Required,Yes,
E02817,P002817,HR,No,Not Required,Yes,
E02818,P002818,HR,No,Not Required,Yes,
E02819,P002819,HR,No,Not Required,Yes,
E02820,P002820,HR,No,Not Required,Yes,
E02821,P002821,HR,No,Not Required,Yes,
E02822,P002822,HR,No,Not Required,Yes,
E02823,P002823,HR,No,Not Required,Yes,
E02824,P002824,HR,No,Not Required,Yes,
E02825,P002825,HR,No,Not Required,Yes,
E02826,P002826,HR,No,Not Required,Yes,
E02827,P002827,HR,No,Not Required,Yes,
E02828,P002828,HR,No,Not Required,Yes,
E02829,P002829,HR,No,Not Required,Yes,
E02830,P002830,HR,No,Not Required,Yes,
E02831,P002831,HR,No,Not Required,Yes,
E02832,P002832,HR,No,Not Required,Yes,
E02833,P002833,HR,No,Not Required,Yes,
E02834,P002834,HR,No,Not Required,Yes,
E02835,P002835,HR,No,Not Required,Yes,
E02836,P002836,HR,No,Not Required,Yes,
E02837,P002837,HR,No,Not Required,Yes,
E02838,P002838,HR,No,Not Required,Yes,
E02839,P002839,HR,No,Not Required,Yes,
E02840,P002840,HR,No,Not Required,Yes,
E02841,P002841,HR,No,Not Required,Yes,
E02842,P002842,HR,No,Not Required,Yes,
E02843,P002843,HR,No,Not Required,Yes,
E02844,P002844,HR,No,Not Required,Yes,
E02845,P002845,HR,No,Not Required,Yes,
E02846,P002846,HR,No,Not Required,Yes,
E02847,P002847,HR,No,Not Required,Yes,
E02848,P002848,HR,No,Not Required,Yes,
E02849,P002849,HR,No,Not Required,Yes,
E02850,P002850,HR,No,Not Required,Yes,
E02851,P002851,HR,No,Not Required,Yes,
E02852,P002852,HR,No,Not Required,Yes,
E02853,P002853,HR,No,Not Required,Yes,
E02854,P002854,HR,No,Not Required,Yes,
E02855,P002855,HR,No,Not Required,Yes,
E02856,P002856,HR,No,Not Required,Yes,
E02857,P002857,HR,No,Not Required,Yes,
E02858,P002858,HR,No,Not Required,Yes,
E02859,P002859,HR,No,Not Required,Yes,
E02860,P002860,HR,No,Not Required,Yes,
E02861,P002861,HR,No,Not Required,Yes,
E02862,P002862,HR,No,Not Required,Yes,
E02863,P002863,HR,No,Not Required,Yes,
E02864,P002864,HR,No,Not Required,Yes,
E02865,P002865,HR,No,Not Required,Yes,
E02866,P002866,HR,No,Not Required,Yes,
E02867,P002867,HR,No,Not Required,Yes,
E02868,P002868,HR,No,Not Required,Yes,
E02869,P002869,HR,No,Not Required,Yes,
E02870,P002870,HR,No,Not Required,Yes,
E02871,P002871,HR,No,Not Required,Yes,
E02872,P002872,HR,No,Not Required,Yes,
E02873,P002873,HR,No,Not Required,Yes,
E02874,P002874,HR,No,Not Required,Yes,
E02875,P002875,HR,No,Not Required,Yes,
E02876,P002876,HR,No,Not Required,Yes,
E02877,P002877,HR,No,Not Required,Yes,
E02878,P002878,HR,No,Not Required,Yes,
E02879,P002879,HR,No,Not Required,Yes,
E02880,P002880,HR,No,Not Required,Yes,
E02881,P002881,HR,No,Not Required,Yes,
E02882,P002882,HR,No,Not Required,Yes,
E02883,P002883,HR,No,Not Required,Yes,
E02884,P002884,HR,No,Not Required,Yes,
E02885,P002885,HR,No,Not Required,Yes,
E02886,P002886,HR,No,Not Required,Yes,
E02887,P002887,HR,No,Not Required,Yes,
E02888,P002888,HR,No,Not Required,Yes,
E02889,P002889,HR,No,Not Required,Yes,
E02890,P002890,HR,No,Not Required,Yes,
E02891,P002891,HR,No,Not Required,Yes,
E02892,P002892,HR,No,Not Required,Yes,
E02893,P002893,HR,No,Not Required,Yes,
E02894,P002894,HR,No,Not Required,Yes,
E02895,P002895,HR,No,Not Required,Yes,
E02896,P002896,HR,No,Not Required,Yes,
E02897,P002897,HR,No,Not Required,Yes,
E02898,P002898,HR,No,Not Required,Yes,
E02899,P002899,HR,No,Not Required,Yes,
E02900,P002900,HR,No,Not Required,Yes,
E02901,P002901,HR,No,Not Required,Yes,
E02902,P002902,HR,No,Not Required,Yes,
E02903,P002903,HR,No,Not Required,Yes,
E02904,P002904,HR,No,Not Required,Yes,
E02905,P002905,HR,No,Not Required,Yes,
E02906,P002906,HR,No,Not Required,Yes,
E02907,P002907,HR,No,Not Required,Yes,
E02908,P002908,HR,No,Not Required,Yes,
E02909,P002909,HR,No,Not Required,Yes,
E02910,P002910,HR,No,Not Required,Yes,
E02911,P002911,HR,No,Not Required,Yes,
E02912,P002912,HR,No,Not Required,Yes,
E02913,P002913,HR,No,Not Required,Yes,
E02914,P002914,HR,No,Not Required,Yes,
E02915,P002915,HR,No,Not Required,Yes,
E02916,P002916,HR,No,Not Required,Yes,
E02917,P002917,HR,No,Not Required,Yes,
E02918,P002918,HR,No,Not Required,Yes,
E02919,P002919,HR,No,Not Required,Yes,
E02920,P002920,HR,No,Not Required,Yes,
E02921,P002921,HR,No,Not Required,Yes,
E02922,P002922,HR,No,Not Required,Yes,
E02923,P002923,HR,No,Not Required,Yes,
E02924,P002924,HR,No,Not Required,Yes,
E02925,P002925,HR,No,Not Required,Yes,
E02926,P002926,HR,No,Not Required,Yes,
E02927,P002927,HR,No,Not Required,Yes,
E02928,P002928,HR,No,Not Required,Yes,
E02929,P002929,HR,No,Not Required,Yes,
E02930,P002930,HR,No,Not Required,Yes,
E02931,P002931,HR,No,Not Required,Yes,
E02932,P002932,HR,No,Not Required,Yes,
E02933,P002933,HR,No,Not Required,Yes,
E02934,P002934,HR,No,Not Required,Yes,
E02935,P002935,HR,No,Not Required,Yes,
E02936,P002936,HR,No,Not Required,Yes,
E02937,P002937,HR,No,Not Required,Yes,
E02938,P002938,HR,No,Not Required,Yes,
E02939,P002939,HR,No,Not Required,Yes,
E02940,P002940,HR,No,Not Required,Yes,
E02941,P002941,HR,No,Not Required,Yes,
E02942,P002942,HR,No,Not Required,Yes,
E02943,P002943,HR,No,Not Required,Yes,
E02944,P002944,HR,No,Not Required,Yes,
E02945,P002945,HR,No,Not Required,Yes,
E02946,P002946,HR,No,Not Required,Yes,
E02947,P002947,HR,No,Not Required,Yes,
E02948,P002948,HR,No,Not Required,Yes,
E02949,P002949,HR,No,Not Required,Yes,
E02950,P002950,HR,No,Not Required,Yes,
E02951,P002951,HR,No,Not Required,Yes,
E02952,P002952,HR,No,Not Required,Yes,
E02953,P002953,HR,No,Not Required,Yes,
E02954,P002954,HR,No,Not Required,Yes,
E02955,P002955,HR,No,Not Required,Yes,
E02956,P002956,HR,No,Not Required,Yes,
E02957,P002957,HR,No,Not Required,Yes,
E02958,P002958,HR,No,Not Required,Yes,
E02959,P002959,HR,No,Not Required,Yes,
E02960,P002960,HR,No,Not Required,Yes,
E02961,P002961,HR,No,Not Required,Yes,
E02962,P002962,HR,No,Not Required,Yes,
E02963,P002963,HR,No,Not Required,Yes,
E02964,P002964,HR,No,Not Required,Yes,
E02965,P002965,HR,No,Not Required,Yes,
E02966,P002966,HR,No,Not Required,Yes,
E02967,P002967,HR,No,Not Required,Yes,
E02968,P002968,HR,No,Not Required,Yes,
E02969,P002969,HR,No,Not Required,Yes,
E02970,P002970,HR,No,Not Required,Yes,
E02971,P002971,HR,No,Not Required,Yes,
E02972,P002972,HR,No,Not Required,Yes,
E02973,P002973,HR,No,Not Required,Yes,
E02974,P002974,HR,No,Not Required,Yes,
E02975,P002975,HR,No,Not Required,Yes,
E02976,P002976,HR,No,Not Required,Yes,
E02977,P002977,HR,No,Not Required,Yes,
E02978,P002978,HR,No,Not Required,Yes,
E02979,P002979,HR,No,Not Required,Yes,
E02980,P002980,HR,No,Not Required,Yes,
E02981,P002981,HR,No,Not Required,Yes,
E02982,P002982,HR,No,Not Required,Yes,
E02983,P002983,HR,No,Not Required,Yes,
E02984,P002984,HR,No,Not Required,Yes,
E02985,P002985,HR,No,Not Required,Yes,
E02986,P002986,HR,No,Not Required,Yes,
E02987,P002987,HR,No,Not Required,Yes,
E02988,P002988,HR,No,Not Required,Yes,
E02989,P002989,HR,No,Not Required,Yes,
E02990,P002990,HR,No,Not Required,Yes,
E02991,P002991,HR,No,Not Required,Yes,
E02992,P002992,HR,No,Not Required,Yes,
E02993,P002993,HR,No,Not Required,Yes,
E02994,P002994,HR,No,Not Required,Yes,
E02995,P002995,HR,No,Not Required,Yes,
E02996,P002996,HR,No,Not Required,Yes,
E02997,P002997,HR,No,Not Required,Yes,
E02998,P002998,HR,No,Not Required,Yes,
E02999,P002999,HR,No,Not Required,Yes,
E03000,P003000,HR,No,Not Required,Yes,
DUP0001,P000398,HR,Yes,Needs Review,No,2026-08-13
DUP0002,P000160,HR,Yes,Needs Review,No,2026-08-13
DUP0003,P002772,HR,Yes,Needs Review,No,2026-08-13
DUP0004,P000164,HR,Yes,Needs Review,No,2026-08-13
DUP0005,P000489,HR,Yes,Needs Review,No,2026-08-13
DUP0006,P000054,HR,Yes,Needs Review,No,2026-08-13
DUP0007,P000634,HR,Yes,Needs Review,No,2026-08-13
DUP0008,P000260,HR,Yes,Needs Review,No,2026-08-13
DUP0009,P001412,HR,Yes,Needs Review,No,2026-08-13
DUP0010,P000971,HR,Yes,Needs Review,No,2026-08-13
DUP0011,P002212,HR,Yes,Needs Review,No,2026-08-13
DUP0012,P000084,HR,Yes,Needs Review,No,2026-08-13
DUP0013,P000511,HR,Yes,Needs Review,No,2026-08-13
DUP0014,P001933,HR,Yes,Needs Review,No,2026-08-13
DUP0015,P000878,HR,Yes,Needs Review,No,2026-08-13
